user_id,snapshot_date,prefers_new_releases,trade_in_member
U00001,2026-02-10,False,True
U00002,2026-02-10,False,False
U00003,2026-02-10,False,True
U00004,2026-02-10,True,False
U00005,2026-02-10,False,False
U00006,2026-02-10,True,True
U00007,2026-02-10,True,False
U00008,2026-02-10,True,False
U00009,2026-02-10,False,False
U00010,2026-02-10,,False
U00011,2026-02-10,,False
U00012,2026-02-10,False,False
U00013,2026-02-10,False,False
U00014,2026-02-10,False,True
U00015,2026-02-10,True,True
U00016,2026-02-10,True,True
U00017,2026-02-10,,False
U00018,2026-02-10,,True
U00019,2026-02-10,True,True
U00020,2026-02-10,False,True
U00021,2026-02-10,True,True
U00022,2026-02-10,False,True
U00023,2026-02-10,True,False
U00024,2026-02-10,,True
U00025,2026-02-10,True,False
U00026,2026-02-10,,True
U00027,2026-02-10,True,False
U00028,2026-02-10,False,True
U00029,2026-02-10,True,False
U00030,2026-02-10,False,True
U00031,2026-02-10,True,True
U00032,2026-02-10,True,True
U00033,2026-02-10,,False
U00034,2026-02-10,False,False
U00035,2026-02-10,False,False
U00036,2026-02-10,,False
U00037,2026-02-10,True,True
U00038,2026-02-10,,False
U00039,2026-02-10,,False
U00040,2026-02-10,,False
U00041,2026-02-10,False,False
U00042,2026-02-10,,True
U00043,2026-02-10,True,False
U00044,2026-02-10,False,False
U00045,2026-02-10,False,False
U00046,2026-02-10,True,False
U00047,2026-02-10,True,True
U00048,2026-02-10,,True
U00049,2026-02-10,False,False
U00050,2026-02-10,False,True
U00051,2026-02-10,,False
U00052,2026-02-10,False,False
U00053,2026-02-10,True,False
U00054,2026-02-10,False,True
U00055,2026-02-10,True,False
U00056,2026-02-10,True,False
U00057,2026-02-10,,False
U00058,2026-02-10,False,True
U00059,2026-02-10,True,False
U00060,2026-02-10,False,True
U00061,2026-02-10,False,True
U00062,2026-02-10,False,True
U00063,2026-02-10,,False
U00064,2026-02-10,False,False
U00065,2026-02-10,False,True
U00066,2026-02-10,True,True
U00067,2026-02-10,True,False
U00068,2026-02-10,True,False
U00069,2026-02-10,,False
U00070,2026-02-10,False,False
U00071,2026-02-10,True,False
U00072,2026-02-10,True,True
U00073,2026-02-10,True,True
U00074,2026-02-10,True,True
U00075,2026-02-10,False,False
U00076,2026-02-10,True,False
U00077,2026-02-10,,True
U00078,2026-02-10,True,True
U00079,2026-02-10,True,True
U00080,2026-02-10,False,True
U00081,2026-02-10,False,False
U00082,2026-02-10,False,False
U00083,2026-02-10,False,False
U00084,2026-02-10,,True
U00085,2026-02-10,False,True
U00086,2026-02-10,True,True
U00087,2026-02-10,False,False
U00088,2026-02-10,True,False
U00089,2026-02-10,True,True
U00090,2026-02-10,False,False
U00091,2026-02-10,True,True
U00092,2026-02-10,,True
U00093,2026-02-10,False,False
U00094,2026-02-10,True,True
U00095,2026-02-10,True,False
U00096,2026-02-10,,True
U00097,2026-02-10,,True
U00098,2026-02-10,False,False
U00099,2026-02-10,,False
U00100,2026-02-10,False,True
U00101,2026-02-10,,True
U00102,2026-02-10,,True
U00103,2026-02-10,False,False
U00104,2026-02-10,,False
U00105,2026-02-10,True,False
U00106,2026-02-10,True,True
U00107,2026-02-10,True,True
U00108,2026-02-10,,False
U00109,2026-02-10,False,True
U00110,2026-02-10,True,False
U00111,2026-02-10,,True
U00112,2026-02-10,False,True
U00113,2026-02-10,True,True
U00114,2026-02-10,,False
U00115,2026-02-10,,True
U00116,2026-02-10,False,True
U00117,2026-02-10,True,True
U00118,2026-02-10,False,True
U00119,2026-02-10,,False
U00120,2026-02-10,,True
U00121,2026-02-10,True,False
U00122,2026-02-10,,True
U00123,2026-02-10,,True
U00124,2026-02-10,True,False
U00125,2026-02-10,True,False
U00126,2026-02-10,,False
U00127,2026-02-10,False,True
U00128,2026-02-10,True,False
U00129,2026-02-10,False,True
U00130,2026-02-10,False,True
U00131,2026-02-10,False,False
U00132,2026-02-10,,False
U00133,2026-02-10,,False
U00134,2026-02-10,True,True
U00135,2026-02-10,,False
U00136,2026-02-10,False,False
U00137,2026-02-10,False,True
U00138,2026-02-10,True,True
U00139,2026-02-10,False,False
U00140,2026-02-10,False,False
U00141,2026-02-10,False,True
U00142,2026-02-10,,False
U00143,2026-02-10,,True
U00144,2026-02-10,True,False
U00145,2026-02-10,,True
U00146,2026-02-10,False,True
U00147,2026-02-10,,False
U00148,2026-02-10,True,False
U00149,2026-02-10,,True
U00150,2026-02-10,,False
U00151,2026-02-10,False,False
U00152,2026-02-10,,False
U00153,2026-02-10,True,True
U00154,2026-02-10,,True
U00155,2026-02-10,True,True
U00156,2026-02-10,True,True
U00157,2026-02-10,True,True
U00158,2026-02-10,False,True
U00159,2026-02-10,True,True
U00160,2026-02-10,,False
U00161,2026-02-10,,False
U00162,2026-02-10,,False
U00163,2026-02-10,True,False
U00164,2026-02-10,True,True
U00165,2026-02-10,True,True
U00166,2026-02-10,,False
U00167,2026-02-10,True,False
U00168,2026-02-10,,True
U00169,2026-02-10,False,False
U00170,2026-02-10,False,True
U00171,2026-02-10,,False
U00172,2026-02-10,,True
U00173,2026-02-10,,True
U00174,2026-02-10,False,True
U00175,2026-02-10,True,True
U00176,2026-02-10,True,True
U00177,2026-02-10,,False
U00178,2026-02-10,True,True
U00179,2026-02-10,,True
U00180,2026-02-10,,True
U00181,2026-02-10,,False
U00182,2026-02-10,,True
U00183,2026-02-10,,False
U00184,2026-02-10,,False
U00185,2026-02-10,,False
U00186,2026-02-10,True,True
U00187,2026-02-10,True,False
U00188,2026-02-10,,False
U00189,2026-02-10,,True
U00190,2026-02-10,,False
U00191,2026-02-10,False,False
U00192,2026-02-10,,False
U00193,2026-02-10,False,False
U00194,2026-02-10,,False
U00195,2026-02-10,,False
U00196,2026-02-10,,True
U00197,2026-02-10,,True
U00198,2026-02-10,False,False
U00199,2026-02-10,False,False
U00200,2026-02-10,False,False
U00201,2026-02-10,True,True
U00202,2026-02-10,False,True
U00203,2026-02-10,,True
U00204,2026-02-10,False,True
U00205,2026-02-10,False,True
U00206,2026-02-10,True,False
U00207,2026-02-10,True,False
U00208,2026-02-10,,True
U00209,2026-02-10,True,True
U00210,2026-02-10,False,False
U00211,2026-02-10,True,True
U00212,2026-02-10,False,False
U00213,2026-02-10,,True
U00214,2026-02-10,True,False
U00215,2026-02-10,False,True
U00216,2026-02-10,,False
U00217,2026-02-10,,True
U00218,2026-02-10,,True
U00219,2026-02-10,,False
U00220,2026-02-10,False,True
U00221,2026-02-10,False,True
U00222,2026-02-10,,False
U00223,2026-02-10,True,False
U00224,2026-02-10,True,True
U00225,2026-02-10,False,False
U00226,2026-02-10,False,False
U00227,2026-02-10,True,True
U00228,2026-02-10,,True
U00229,2026-02-10,,False
U00230,2026-02-10,True,False
U00231,2026-02-10,,True
U00232,2026-02-10,False,True
U00233,2026-02-10,False,True
U00234,2026-02-10,True,True
U00235,2026-02-10,,False
U00236,2026-02-10,False,True
U00237,2026-02-10,True,False
U00238,2026-02-10,False,False
U00239,2026-02-10,True,True
U00240,2026-02-10,False,True
U00241,2026-02-10,False,True
U00242,2026-02-10,,False
U00243,2026-02-10,False,True
U00244,2026-02-10,False,False
U00245,2026-02-10,,True
U00246,2026-02-10,True,False
U00247,2026-02-10,,True
U00248,2026-02-10,False,False
U00249,2026-02-10,,True
U00250,2026-02-10,,True
U00251,2026-02-10,True,True
U00252,2026-02-10,False,False
U00253,2026-02-10,False,True
U00254,2026-02-10,True,False
U00255,2026-02-10,False,False
U00256,2026-02-10,False,True
U00257,2026-02-10,False,False
U00258,2026-02-10,,True
U00259,2026-02-10,False,True
U00260,2026-02-10,False,False
U00261,2026-02-10,,True
U00262,2026-02-10,False,True
U00263,2026-02-10,True,True
U00264,2026-02-10,,False
U00265,2026-02-10,True,True
U00266,2026-02-10,True,True
U00267,2026-02-10,True,True
U00268,2026-02-10,False,True
U00269,2026-02-10,False,True
U00270,2026-02-10,False,False
U00271,2026-02-10,False,True
U00272,2026-02-10,False,True
U00273,2026-02-10,,True
U00274,2026-02-10,True,False
U00275,2026-02-10,,False
U00276,2026-02-10,,True
U00277,2026-02-10,,True
U00278,2026-02-10,False,True
U00279,2026-02-10,False,True
U00280,2026-02-10,True,False
U00281,2026-02-10,True,False
U00282,2026-02-10,True,False
U00283,2026-02-10,,True
U00284,2026-02-10,True,False
U00285,2026-02-10,,False
U00286,2026-02-10,,False
U00287,2026-02-10,True,True
U00288,2026-02-10,False,False
U00289,2026-02-10,True,False
U00290,2026-02-10,,True
U00291,2026-02-10,False,False
U00292,2026-02-10,,True
U00293,2026-02-10,True,True
U00294,2026-02-10,,False
U00295,2026-02-10,,True
U00296,2026-02-10,True,True
U00297,2026-02-10,,False
U00298,2026-02-10,False,False
U00299,2026-02-10,False,True
U00300,2026-02-10,True,False
U00301,2026-02-10,,False
U00302,2026-02-10,False,False
U00303,2026-02-10,True,False
U00304,2026-02-10,True,False
U00305,2026-02-10,False,True
U00306,2026-02-10,,False
U00307,2026-02-10,True,True
U00308,2026-02-10,False,False
U00309,2026-02-10,,True
U00310,2026-02-10,True,False
U00311,2026-02-10,,True
U00312,2026-02-10,False,True
U00313,2026-02-10,,True
U00314,2026-02-10,False,False
U00315,2026-02-10,,False
U00316,2026-02-10,False,True
U00317,2026-02-10,True,True
U00318,2026-02-10,,True
U00319,2026-02-10,True,False
U00320,2026-02-10,,True
U00321,2026-02-10,False,True
U00322,2026-02-10,,True
U00323,2026-02-10,False,True
U00324,2026-02-10,,True
U00325,2026-02-10,True,False
U00326,2026-02-10,True,True
U00327,2026-02-10,False,False
U00328,2026-02-10,False,False
U00329,2026-02-10,False,False
U00330,2026-02-10,True,True
U00331,2026-02-10,True,True
U00332,2026-02-10,True,True
U00333,2026-02-10,,False
U00334,2026-02-10,,True
U00335,2026-02-10,,True
U00336,2026-02-10,True,True
U00337,2026-02-10,False,True
U00338,2026-02-10,,False
U00339,2026-02-10,True,False
U00340,2026-02-10,,False
U00341,2026-02-10,True,False
U00342,2026-02-10,False,False
U00343,2026-02-10,True,True
U00344,2026-02-10,True,True
U00345,2026-02-10,True,False
U00346,2026-02-10,True,False
U00347,2026-02-10,False,True
U00348,2026-02-10,,True
U00349,2026-02-10,True,True
U00350,2026-02-10,True,False
U00351,2026-02-10,,False
U00352,2026-02-10,,False
U00353,2026-02-10,False,True
U00354,2026-02-10,False,False
U00355,2026-02-10,True,False
U00356,2026-02-10,,False
U00357,2026-02-10,False,True
U00358,2026-02-10,,True
U00359,2026-02-10,False,False
U00360,2026-02-10,True,True
U00361,2026-02-10,,False
U00362,2026-02-10,,True
U00363,2026-02-10,,False
U00364,2026-02-10,,True
U00365,2026-02-10,True,False
U00366,2026-02-10,False,False
U00367,2026-02-10,False,False
U00368,2026-02-10,False,True
U00369,2026-02-10,False,False
U00370,2026-02-10,,True
U00371,2026-02-10,,True
U00372,2026-02-10,False,False
U00373,2026-02-10,True,True
U00374,2026-02-10,True,True
U00375,2026-02-10,False,False
U00376,2026-02-10,False,False
U00377,2026-02-10,True,True
U00378,2026-02-10,False,True
U00379,2026-02-10,False,True
U00380,2026-02-10,False,False
U00381,2026-02-10,,True
U00382,2026-02-10,,True
U00383,2026-02-10,True,True
U00384,2026-02-10,,False
U00385,2026-02-10,,False
U00386,2026-02-10,True,False
U00387,2026-02-10,,True
U00388,2026-02-10,False,False
U00389,2026-02-10,True,True
U00390,2026-02-10,False,True
U00391,2026-02-10,True,True
U00392,2026-02-10,True,True
U00393,2026-02-10,False,False
U00394,2026-02-10,False,False
U00395,2026-02-10,False,True
U00396,2026-02-10,True,True
U00397,2026-02-10,True,True
U00398,2026-02-10,,False
U00399,2026-02-10,True,False
U00400,2026-02-10,False,False
U00401,2026-02-10,,True
U00402,2026-02-10,,False
U00403,2026-02-10,True,True
U00404,2026-02-10,,False
U00405,2026-02-10,False,False
U00406,2026-02-10,False,True
U00407,2026-02-10,,True
U00408,2026-02-10,True,False
U00409,2026-02-10,,True
U00410,2026-02-10,True,True
U00411,2026-02-10,True,True
U00412,2026-02-10,,False
U00413,2026-02-10,True,True
U00414,2026-02-10,True,False
U00415,2026-02-10,False,True
U00416,2026-02-10,True,True
U00417,2026-02-10,False,True
U00418,2026-02-10,True,False
U00419,2026-02-10,,True
U00420,2026-02-10,False,False
U00421,2026-02-10,True,True
U00422,2026-02-10,False,False
U00423,2026-02-10,False,False
U00424,2026-02-10,True,False
U00425,2026-02-10,,True
U00426,2026-02-10,False,False
U00427,2026-02-10,True,True
U00428,2026-02-10,,False
U00429,2026-02-10,False,False
U00430,2026-02-10,,True
U00431,2026-02-10,,True
U00432,2026-02-10,,True
U00433,2026-02-10,True,True
U00434,2026-02-10,False,False
U00435,2026-02-10,False,False
U00436,2026-02-10,False,False
U00437,2026-02-10,True,False
U00438,2026-02-10,,False
U00439,2026-02-10,False,True
U00440,2026-02-10,,True
U00441,2026-02-10,,False
U00442,2026-02-10,True,True
U00443,2026-02-10,True,True
U00444,2026-02-10,False,True
U00445,2026-02-10,,True
U00446,2026-02-10,,False
U00447,2026-02-10,False,True
U00448,2026-02-10,False,False
U00449,2026-02-10,,True
U00450,2026-02-10,True,True
U00451,2026-02-10,,False
U00452,2026-02-10,False,True
U00453,2026-02-10,False,False
U00454,2026-02-10,,False
U00455,2026-02-10,True,True
U00456,2026-02-10,,False
U00457,2026-02-10,False,False
U00458,2026-02-10,,True
U00459,2026-02-10,True,True
U00460,2026-02-10,False,False
U00461,2026-02-10,,False
U00462,2026-02-10,False,True
U00463,2026-02-10,,True
U00464,2026-02-10,False,True
U00465,2026-02-10,,False
U00466,2026-02-10,,False
U00467,2026-02-10,False,False
U00468,2026-02-10,,True
U00469,2026-02-10,,False
U00470,2026-02-10,,False
U00471,2026-02-10,,True
U00472,2026-02-10,True,False
U00473,2026-02-10,False,True
U00474,2026-02-10,True,False
U00475,2026-02-10,True,False
U00476,2026-02-10,False,True
U00477,2026-02-10,,False
U00478,2026-02-10,True,True
U00479,2026-02-10,False,False
U00480,2026-02-10,,True
U00481,2026-02-10,False,False
U00482,2026-02-10,True,False
U00483,2026-02-10,True,False
U00484,2026-02-10,False,False
U00485,2026-02-10,True,False
U00486,2026-02-10,True,True
U00487,2026-02-10,False,True
U00488,2026-02-10,True,True
U00489,2026-02-10,False,True
U00490,2026-02-10,False,True
U00491,2026-02-10,True,False
U00492,2026-02-10,False,False
U00493,2026-02-10,False,True
U00494,2026-02-10,True,True
U00495,2026-02-10,True,True
U00496,2026-02-10,False,False
U00497,2026-02-10,,True
U00498,2026-02-10,True,False
U00499,2026-02-10,True,True
U00500,2026-02-10,False,False
U00501,2026-02-10,True,True
U00502,2026-02-10,,False
U00503,2026-02-10,True,False
U00504,2026-02-10,,True
U00505,2026-02-10,False,True
U00506,2026-02-10,True,False
U00507,2026-02-10,False,False
U00508,2026-02-10,False,True
U00509,2026-02-10,False,True
U00510,2026-02-10,True,False
U00511,2026-02-10,True,True
U00512,2026-02-10,,True
U00513,2026-02-10,True,False
U00514,2026-02-10,,False
U00515,2026-02-10,False,True
U00516,2026-02-10,,False
U00517,2026-02-10,,True
U00518,2026-02-10,True,True
U00519,2026-02-10,False,False
U00520,2026-02-10,,False
U00521,2026-02-10,True,True
U00522,2026-02-10,True,False
U00523,2026-02-10,,True
U00524,2026-02-10,True,False
U00525,2026-02-10,True,True
U00526,2026-02-10,False,False
U00527,2026-02-10,True,False
U00528,2026-02-10,,False
U00529,2026-02-10,False,False
U00530,2026-02-10,True,True
U00531,2026-02-10,False,True
U00532,2026-02-10,True,False
U00533,2026-02-10,True,False
U00534,2026-02-10,False,False
U00535,2026-02-10,False,True
U00536,2026-02-10,True,True
U00537,2026-02-10,,False
U00538,2026-02-10,False,False
U00539,2026-02-10,True,False
U00540,2026-02-10,False,False
U00541,2026-02-10,False,True
U00542,2026-02-10,True,False
U00543,2026-02-10,True,False
U00544,2026-02-10,False,False
U00545,2026-02-10,True,False
U00546,2026-02-10,False,True
U00547,2026-02-10,,True
U00548,2026-02-10,False,True
U00549,2026-02-10,False,True
U00550,2026-02-10,False,False
U00551,2026-02-10,False,False
U00552,2026-02-10,True,True
U00553,2026-02-10,,True
U00554,2026-02-10,False,False
U00555,2026-02-10,True,False
U00556,2026-02-10,True,False
U00557,2026-02-10,False,False
U00558,2026-02-10,,True
U00559,2026-02-10,True,True
U00560,2026-02-10,,False
U00561,2026-02-10,True,False
U00562,2026-02-10,False,True
U00563,2026-02-10,False,True
U00564,2026-02-10,False,False
U00565,2026-02-10,True,True
U00566,2026-02-10,,False
U00567,2026-02-10,False,False
U00568,2026-02-10,,True
U00569,2026-02-10,True,True
U00570,2026-02-10,True,True
U00571,2026-02-10,True,True
U00572,2026-02-10,False,False
U00573,2026-02-10,False,False
U00574,2026-02-10,True,True
U00575,2026-02-10,,False
U00576,2026-02-10,False,False
U00577,2026-02-10,False,False
U00578,2026-02-10,True,True
U00579,2026-02-10,,False
U00580,2026-02-10,True,False
U00581,2026-02-10,True,False
U00582,2026-02-10,,True
U00583,2026-02-10,True,False
U00584,2026-02-10,True,False
U00585,2026-02-10,True,True
U00586,2026-02-10,False,False
U00587,2026-02-10,,False
U00588,2026-02-10,,False
U00589,2026-02-10,False,False
U00590,2026-02-10,False,True
U00591,2026-02-10,,True
U00592,2026-02-10,False,True
U00593,2026-02-10,True,False
U00594,2026-02-10,False,False
U00595,2026-02-10,True,False
U00596,2026-02-10,,True
U00597,2026-02-10,True,True
U00598,2026-02-10,True,True
U00599,2026-02-10,True,False
U00600,2026-02-10,,False
U00601,2026-02-10,True,True
U00602,2026-02-10,True,False
U00603,2026-02-10,False,False
U00604,2026-02-10,,True
U00605,2026-02-10,False,False
U00606,2026-02-10,,False
U00607,2026-02-10,False,False
U00608,2026-02-10,True,True
U00609,2026-02-10,False,True
U00610,2026-02-10,,False
U00611,2026-02-10,,True
U00612,2026-02-10,,False
U00613,2026-02-10,False,False
U00614,2026-02-10,True,True
U00615,2026-02-10,,False
U00616,2026-02-10,,False
U00617,2026-02-10,True,False
U00618,2026-02-10,,True
U00619,2026-02-10,True,False
U00620,2026-02-10,False,True
U00621,2026-02-10,,True
U00622,2026-02-10,True,False
U00623,2026-02-10,,True
U00624,2026-02-10,,False
U00625,2026-02-10,,True
U00626,2026-02-10,False,True
U00627,2026-02-10,False,False
U00628,2026-02-10,,False
U00629,2026-02-10,,False
U00630,2026-02-10,False,False
U00631,2026-02-10,False,False
U00632,2026-02-10,True,True
U00633,2026-02-10,,False
U00634,2026-02-10,,False
U00635,2026-02-10,True,False
U00636,2026-02-10,,True
U00637,2026-02-10,,True
U00638,2026-02-10,,False
U00639,2026-02-10,,True
U00640,2026-02-10,False,False
U00641,2026-02-10,True,True
U00642,2026-02-10,,True
U00643,2026-02-10,False,False
U00644,2026-02-10,True,False
U00645,2026-02-10,False,False
U00646,2026-02-10,True,True
U00647,2026-02-10,,True
U00648,2026-02-10,,True
U00649,2026-02-10,,False
U00650,2026-02-10,False,True
U00651,2026-02-10,False,True
U00652,2026-02-10,False,True
U00653,2026-02-10,,True
U00654,2026-02-10,False,True
U00655,2026-02-10,True,True
U00656,2026-02-10,False,False
U00657,2026-02-10,False,True
U00658,2026-02-10,,False
U00659,2026-02-10,,True
U00660,2026-02-10,True,False
U00661,2026-02-10,True,False
U00662,2026-02-10,True,True
U00663,2026-02-10,True,False
U00664,2026-02-10,False,False
U00665,2026-02-10,False,False
U00666,2026-02-10,,True
U00667,2026-02-10,False,False
U00668,2026-02-10,False,False
U00669,2026-02-10,True,False
U00670,2026-02-10,True,False
U00671,2026-02-10,False,False
U00672,2026-02-10,,False
U00673,2026-02-10,,True
U00674,2026-02-10,True,False
U00675,2026-02-10,False,False
U00676,2026-02-10,False,False
U00677,2026-02-10,False,True
U00678,2026-02-10,False,False
U00679,2026-02-10,False,True
U00680,2026-02-10,,True
U00681,2026-02-10,,False
U00682,2026-02-10,,True
U00683,2026-02-10,False,True
U00684,2026-02-10,,True
U00685,2026-02-10,True,True
U00686,2026-02-10,False,True
U00687,2026-02-10,,True
U00688,2026-02-10,,False
U00689,2026-02-10,False,True
U00690,2026-02-10,,False
U00691,2026-02-10,False,True
U00692,2026-02-10,True,True
U00693,2026-02-10,,True
U00694,2026-02-10,True,True
U00695,2026-02-10,,True
U00696,2026-02-10,,True
U00697,2026-02-10,True,True
U00698,2026-02-10,False,True
U00699,2026-02-10,True,True
U00700,2026-02-10,False,False
U00701,2026-02-10,False,True
U00702,2026-02-10,,False
U00703,2026-02-10,False,False
U00704,2026-02-10,,False
U00705,2026-02-10,False,True
U00706,2026-02-10,True,False
U00707,2026-02-10,True,False
U00708,2026-02-10,False,False
U00709,2026-02-10,True,False
U00710,2026-02-10,False,True
U00711,2026-02-10,False,True
U00712,2026-02-10,False,True
U00713,2026-02-10,,False
U00714,2026-02-10,True,False
U00715,2026-02-10,True,True
U00716,2026-02-10,,False
U00717,2026-02-10,True,True
U00718,2026-02-10,False,False
U00719,2026-02-10,True,True
U00720,2026-02-10,True,True
U00721,2026-02-10,,False
U00722,2026-02-10,False,True
U00723,2026-02-10,False,True
U00724,2026-02-10,,True
U00725,2026-02-10,True,False
U00726,2026-02-10,False,True
U00727,2026-02-10,,False
U00728,2026-02-10,False,True
U00729,2026-02-10,,False
U00730,2026-02-10,False,False
U00731,2026-02-10,False,True
U00732,2026-02-10,,True
U00733,2026-02-10,True,False
U00734,2026-02-10,,False
U00735,2026-02-10,True,False
U00736,2026-02-10,False,False
U00737,2026-02-10,False,True
U00738,2026-02-10,,True
U00739,2026-02-10,False,False
U00740,2026-02-10,True,False
U00741,2026-02-10,False,True
U00742,2026-02-10,True,True
U00743,2026-02-10,False,True
U00744,2026-02-10,False,False
U00745,2026-02-10,True,False
U00746,2026-02-10,False,True
U00747,2026-02-10,,False
U00748,2026-02-10,,True
U00749,2026-02-10,True,True
U00750,2026-02-10,True,True
U00751,2026-02-10,,True
U00752,2026-02-10,False,False
U00753,2026-02-10,True,False
U00754,2026-02-10,False,False
U00755,2026-02-10,True,True
U00756,2026-02-10,False,True
U00757,2026-02-10,False,True
U00758,2026-02-10,False,True
U00759,2026-02-10,True,False
U00760,2026-02-10,,True
U00761,2026-02-10,,True
U00762,2026-02-10,True,True
U00763,2026-02-10,,True
U00764,2026-02-10,False,True
U00765,2026-02-10,False,True
U00766,2026-02-10,True,True
U00767,2026-02-10,True,True
U00768,2026-02-10,,True
U00769,2026-02-10,False,True
U00770,2026-02-10,False,True
U00771,2026-02-10,,True
U00772,2026-02-10,True,True
U00773,2026-02-10,False,True
U00774,2026-02-10,True,True
U00775,2026-02-10,False,False
U00776,2026-02-10,,False
U00777,2026-02-10,False,True
U00778,2026-02-10,,True
U00779,2026-02-10,False,True
U00780,2026-02-10,True,True
U00781,2026-02-10,False,True
U00782,2026-02-10,True,False
U00783,2026-02-10,True,False
U00784,2026-02-10,True,False
U00785,2026-02-10,,True
U00786,2026-02-10,False,True
U00787,2026-02-10,,True
U00788,2026-02-10,True,True
U00789,2026-02-10,,False
U00790,2026-02-10,True,True
U00791,2026-02-10,False,True
U00792,2026-02-10,True,True
U00793,2026-02-10,True,True
U00794,2026-02-10,,False
U00795,2026-02-10,False,False
U00796,2026-02-10,,True
U00797,2026-02-10,True,True
U00798,2026-02-10,,False
U00799,2026-02-10,,False
U00800,2026-02-10,False,True
U00801,2026-02-10,True,True
U00802,2026-02-10,,True
U00803,2026-02-10,,False
U00804,2026-02-10,,True
U00805,2026-02-10,,False
U00806,2026-02-10,False,False
U00807,2026-02-10,True,True
U00808,2026-02-10,True,True
U00809,2026-02-10,,True
U00810,2026-02-10,,False
U00811,2026-02-10,,True
U00812,2026-02-10,False,True
U00813,2026-02-10,False,True
U00814,2026-02-10,True,True
U00815,2026-02-10,True,False
U00816,2026-02-10,False,True
U00817,2026-02-10,True,True
U00818,2026-02-10,True,False
U00819,2026-02-10,False,True
U00820,2026-02-10,False,False
U00821,2026-02-10,False,False
U00822,2026-02-10,True,True
U00823,2026-02-10,,True
U00824,2026-02-10,,True
U00825,2026-02-10,True,True
U00826,2026-02-10,False,True
U00827,2026-02-10,True,True
U00828,2026-02-10,,False
U00829,2026-02-10,,False
U00830,2026-02-10,False,True
U00831,2026-02-10,,False
U00832,2026-02-10,True,True
U00833,2026-02-10,False,True
U00834,2026-02-10,True,True
U00835,2026-02-10,,False
U00836,2026-02-10,True,False
U00837,2026-02-10,True,True
U00838,2026-02-10,False,False
U00839,2026-02-10,True,False
U00840,2026-02-10,True,True
U00841,2026-02-10,,False
U00842,2026-02-10,True,False
U00843,2026-02-10,False,True
U00844,2026-02-10,False,True
U00845,2026-02-10,,False
U00846,2026-02-10,False,True
U00847,2026-02-10,False,True
U00848,2026-02-10,True,True
U00849,2026-02-10,False,True
U00850,2026-02-10,True,False
U00851,2026-02-10,False,False
U00852,2026-02-10,True,False
U00853,2026-02-10,True,False
U00854,2026-02-10,,True
U00855,2026-02-10,,True
U00856,2026-02-10,,True
U00857,2026-02-10,True,False
U00858,2026-02-10,,False
U00859,2026-02-10,True,False
U00860,2026-02-10,False,False
U00861,2026-02-10,True,False
U00862,2026-02-10,,True
U00863,2026-02-10,True,False
U00864,2026-02-10,False,True
U00865,2026-02-10,,True
U00866,2026-02-10,,True
U00867,2026-02-10,False,True
U00868,2026-02-10,True,False
U00869,2026-02-10,,True
U00870,2026-02-10,False,False
U00871,2026-02-10,False,True
U00872,2026-02-10,False,False
U00873,2026-02-10,True,True
U00874,2026-02-10,,True
U00875,2026-02-10,,False
U00876,2026-02-10,True,True
U00877,2026-02-10,False,False
U00878,2026-02-10,True,True
U00879,2026-02-10,True,False
U00880,2026-02-10,,False
U00881,2026-02-10,True,False
U00882,2026-02-10,,True
U00883,2026-02-10,False,False
U00884,2026-02-10,True,False
U00885,2026-02-10,True,False
U00886,2026-02-10,,False
U00887,2026-02-10,,True
U00888,2026-02-10,,True
U00889,2026-02-10,False,False
U00890,2026-02-10,,True
U00891,2026-02-10,False,False
U00892,2026-02-10,False,True
U00893,2026-02-10,,True
U00894,2026-02-10,,False
U00895,2026-02-10,,True
U00896,2026-02-10,,False
U00897,2026-02-10,True,True
U00898,2026-02-10,False,False
U00899,2026-02-10,False,True
U00900,2026-02-10,False,False
U00901,2026-02-10,True,True
U00902,2026-02-10,,True
U00903,2026-02-10,True,False
U00904,2026-02-10,True,True
U00905,2026-02-10,,False
U00906,2026-02-10,,True
U00907,2026-02-10,,True
U00908,2026-02-10,False,False
U00909,2026-02-10,False,False
U00910,2026-02-10,False,True
U00911,2026-02-10,True,False
U00912,2026-02-10,False,False
U00913,2026-02-10,False,True
U00914,2026-02-10,False,False
U00915,2026-02-10,False,False
U00916,2026-02-10,,True
U00917,2026-02-10,True,False
U00918,2026-02-10,True,True
U00919,2026-02-10,False,True
U00920,2026-02-10,False,True
U00921,2026-02-10,True,True
U00922,2026-02-10,False,True
U00923,2026-02-10,,True
U00924,2026-02-10,False,True
U00925,2026-02-10,True,True
U00926,2026-02-10,False,False
U00927,2026-02-10,,True
U00928,2026-02-10,False,False
U00929,2026-02-10,False,False
U00930,2026-02-10,,True
U00931,2026-02-10,False,True
U00932,2026-02-10,True,True
U00933,2026-02-10,True,False
U00934,2026-02-10,False,False
U00935,2026-02-10,,False
U00936,2026-02-10,False,False
U00937,2026-02-10,False,False
U00938,2026-02-10,,True
U00939,2026-02-10,False,True
U00940,2026-02-10,False,True
U00941,2026-02-10,False,False
U00942,2026-02-10,False,True
U00943,2026-02-10,True,False
U00944,2026-02-10,False,False
U00945,2026-02-10,True,True
U00946,2026-02-10,,False
U00947,2026-02-10,True,True
U00948,2026-02-10,,True
U00949,2026-02-10,True,True
U00950,2026-02-10,True,True
U00951,2026-02-10,False,True
U00952,2026-02-10,False,False
U00953,2026-02-10,False,True
U00954,2026-02-10,True,True
U00955,2026-02-10,,False
U00956,2026-02-10,False,True
U00957,2026-02-10,False,False
U00958,2026-02-10,,True
U00959,2026-02-10,,False
U00960,2026-02-10,True,True
U00961,2026-02-10,False,False
U00962,2026-02-10,True,False
U00963,2026-02-10,False,True
U00964,2026-02-10,True,False
U00965,2026-02-10,,False
U00966,2026-02-10,False,False
U00967,2026-02-10,,True
U00968,2026-02-10,,False
U00969,2026-02-10,False,True
U00970,2026-02-10,,False
U00971,2026-02-10,True,True
U00972,2026-02-10,,True
U00973,2026-02-10,False,True
U00974,2026-02-10,False,True
U00975,2026-02-10,False,False
U00976,2026-02-10,True,False
U00977,2026-02-10,True,True
U00978,2026-02-10,,True
U00979,2026-02-10,False,True
U00980,2026-02-10,True,True
U00981,2026-02-10,,False
U00982,2026-02-10,,True
U00983,2026-02-10,,False
U00984,2026-02-10,True,False
U00985,2026-02-10,False,True
U00986,2026-02-10,,False
U00987,2026-02-10,False,True
U00988,2026-02-10,,False
U00989,2026-02-10,False,False
U00990,2026-02-10,False,True
U00991,2026-02-10,False,False
U00992,2026-02-10,False,False
U00993,2026-02-10,False,True
U00994,2026-02-10,True,False
U00995,2026-02-10,,False
U00996,2026-02-10,False,False
U00997,2026-02-10,True,False
U00998,2026-02-10,,False
U00999,2026-02-10,True,True
U01000,2026-02-10,True,True
U01001,2026-02-10,False,False
U01002,2026-02-10,,False
U01003,2026-02-10,True,False
U01004,2026-02-10,True,True
U01005,2026-02-10,False,False
U01006,2026-02-10,False,True
U01007,2026-02-10,,False
U01008,2026-02-10,,True
U01009,2026-02-10,True,True
U01010,2026-02-10,False,False
U01011,2026-02-10,,False
U01012,2026-02-10,True,False
U01013,2026-02-10,,False
U01014,2026-02-10,False,False
U01015,2026-02-10,True,True
U01016,2026-02-10,True,True
U01017,2026-02-10,False,False
U01018,2026-02-10,,False
U01019,2026-02-10,True,False
U01020,2026-02-10,False,True
U01021,2026-02-10,False,True
U01022,2026-02-10,True,True
U01023,2026-02-10,False,False
U01024,2026-02-10,True,False
U01025,2026-02-10,,False
U01026,2026-02-10,,False
U01027,2026-02-10,False,False
U01028,2026-02-10,,True
U01029,2026-02-10,False,True
U01030,2026-02-10,False,True
U01031,2026-02-10,,True
U01032,2026-02-10,True,False
U01033,2026-02-10,False,True
U01034,2026-02-10,False,True
U01035,2026-02-10,True,False
U01036,2026-02-10,False,False
U01037,2026-02-10,,False
U01038,2026-02-10,True,False
U01039,2026-02-10,False,True
U01040,2026-02-10,,True
U01041,2026-02-10,,True
U01042,2026-02-10,True,True
U01043,2026-02-10,,False
U01044,2026-02-10,False,False
U01045,2026-02-10,False,False
U01046,2026-02-10,True,False
U01047,2026-02-10,True,True
U01048,2026-02-10,True,False
U01049,2026-02-10,False,False
U01050,2026-02-10,False,False
U01051,2026-02-10,True,True
U01052,2026-02-10,True,True
U01053,2026-02-10,,True
U01054,2026-02-10,True,True
U01055,2026-02-10,False,False
U01056,2026-02-10,True,True
U01057,2026-02-10,True,True
U01058,2026-02-10,False,False
U01059,2026-02-10,False,False
U01060,2026-02-10,True,False
U01061,2026-02-10,,False
U01062,2026-02-10,True,False
U01063,2026-02-10,True,True
U01064,2026-02-10,True,True
U01065,2026-02-10,,True
U01066,2026-02-10,,True
U01067,2026-02-10,False,True
U01068,2026-02-10,True,True
U01069,2026-02-10,True,False
U01070,2026-02-10,,True
U01071,2026-02-10,True,True
U01072,2026-02-10,False,False
U01073,2026-02-10,True,True
U01074,2026-02-10,True,True
U01075,2026-02-10,,True
U01076,2026-02-10,False,True
U01077,2026-02-10,False,True
U01078,2026-02-10,True,False
U01079,2026-02-10,,True
U01080,2026-02-10,True,True
U01081,2026-02-10,,True
U01082,2026-02-10,,True
U01083,2026-02-10,True,False
U01084,2026-02-10,True,True
U01085,2026-02-10,True,False
U01086,2026-02-10,,False
U01087,2026-02-10,False,True
U01088,2026-02-10,,True
U01089,2026-02-10,,True
U01090,2026-02-10,True,True
U01091,2026-02-10,,True
U01092,2026-02-10,,True
U01093,2026-02-10,False,True
U01094,2026-02-10,,True
U01095,2026-02-10,,True
U01096,2026-02-10,True,False
U01097,2026-02-10,False,True
U01098,2026-02-10,False,True
U01099,2026-02-10,True,False
U01100,2026-02-10,False,False
U01101,2026-02-10,True,True
U01102,2026-02-10,False,True
U01103,2026-02-10,False,True
U01104,2026-02-10,False,True
U01105,2026-02-10,,True
U01106,2026-02-10,False,False
U01107,2026-02-10,,False
U01108,2026-02-10,,True
U01109,2026-02-10,True,False
U01110,2026-02-10,False,True
U01111,2026-02-10,False,False
U01112,2026-02-10,False,False
U01113,2026-02-10,,False
U01114,2026-02-10,True,False
U01115,2026-02-10,False,False
U01116,2026-02-10,True,True
U01117,2026-02-10,False,False
U01118,2026-02-10,True,True
U01119,2026-02-10,,False
U01120,2026-02-10,,True
U01121,2026-02-10,False,False
U01122,2026-02-10,,True
U01123,2026-02-10,True,True
U01124,2026-02-10,False,False
U01125,2026-02-10,,True
U01126,2026-02-10,,True
U01127,2026-02-10,True,False
U01128,2026-02-10,True,False
U01129,2026-02-10,True,False
U01130,2026-02-10,True,True
U01131,2026-02-10,False,False
U01132,2026-02-10,False,False
U01133,2026-02-10,,False
U01134,2026-02-10,False,False
U01135,2026-02-10,,False
U01136,2026-02-10,False,False
U01137,2026-02-10,True,False
U01138,2026-02-10,True,True
U01139,2026-02-10,False,False
U01140,2026-02-10,False,True
U01141,2026-02-10,,True
U01142,2026-02-10,True,True
U01143,2026-02-10,,True
U01144,2026-02-10,True,False
U01145,2026-02-10,,True
U01146,2026-02-10,True,False
U01147,2026-02-10,,False
U01148,2026-02-10,True,False
U01149,2026-02-10,,True
U01150,2026-02-10,True,False
U01151,2026-02-10,False,True
U01152,2026-02-10,False,False
U01153,2026-02-10,False,False
U01154,2026-02-10,,False
U01155,2026-02-10,,True
U01156,2026-02-10,True,False
U01157,2026-02-10,True,False
U01158,2026-02-10,False,False
U01159,2026-02-10,False,False
U01160,2026-02-10,False,True
U01161,2026-02-10,True,True
U01162,2026-02-10,,False
U01163,2026-02-10,,True
U01164,2026-02-10,False,False
U01165,2026-02-10,True,False
U01166,2026-02-10,,False
U01167,2026-02-10,False,True
U01168,2026-02-10,,False
U01169,2026-02-10,,False
U01170,2026-02-10,False,True
U01171,2026-02-10,,True
U01172,2026-02-10,False,False
U01173,2026-02-10,False,False
U01174,2026-02-10,,False
U01175,2026-02-10,False,False
U01176,2026-02-10,True,True
U01177,2026-02-10,,True
U01178,2026-02-10,True,False
U01179,2026-02-10,False,True
U01180,2026-02-10,,False
U01181,2026-02-10,False,True
U01182,2026-02-10,False,False
U01183,2026-02-10,False,False
U01184,2026-02-10,False,True
U01185,2026-02-10,,True
U01186,2026-02-10,True,True
U01187,2026-02-10,,False
U01188,2026-02-10,,True
U01189,2026-02-10,,True
U01190,2026-02-10,False,True
U01191,2026-02-10,False,True
U01192,2026-02-10,True,False
U01193,2026-02-10,True,False
U01194,2026-02-10,,False
U01195,2026-02-10,,False
U01196,2026-02-10,False,True
U01197,2026-02-10,,False
U01198,2026-02-10,,True
U01199,2026-02-10,False,False
U01200,2026-02-10,,False
U01201,2026-02-10,False,True
U01202,2026-02-10,False,True
U01203,2026-02-10,,True
U01204,2026-02-10,False,False
U01205,2026-02-10,,False
U01206,2026-02-10,True,False
U01207,2026-02-10,False,False
U01208,2026-02-10,True,False
U01209,2026-02-10,,True
U01210,2026-02-10,,True
U01211,2026-02-10,False,False
U01212,2026-02-10,True,False
U01213,2026-02-10,,False
U01214,2026-02-10,True,True
U01215,2026-02-10,,True
U01216,2026-02-10,,False
U01217,2026-02-10,False,True
U01218,2026-02-10,,False
U01219,2026-02-10,False,True
U01220,2026-02-10,False,True
U01221,2026-02-10,,False
U01222,2026-02-10,,False
U01223,2026-02-10,False,False
U01224,2026-02-10,True,False
U01225,2026-02-10,False,False
U01226,2026-02-10,,False
U01227,2026-02-10,,True
U01228,2026-02-10,True,True
U01229,2026-02-10,,False
U01230,2026-02-10,True,False
U01231,2026-02-10,False,False
U01232,2026-02-10,,True
U01233,2026-02-10,,True
U01234,2026-02-10,False,False
U01235,2026-02-10,True,True
U01236,2026-02-10,True,False
U01237,2026-02-10,False,False
U01238,2026-02-10,False,True
U01239,2026-02-10,,True
U01240,2026-02-10,False,False
U01241,2026-02-10,False,True
U01242,2026-02-10,False,True
U01243,2026-02-10,False,True
U01244,2026-02-10,True,True
U01245,2026-02-10,True,True
U01246,2026-02-10,True,False
U01247,2026-02-10,False,False
U01248,2026-02-10,,False
U01249,2026-02-10,False,True
U01250,2026-02-10,True,True
U01251,2026-02-10,False,True
U01252,2026-02-10,True,False
U01253,2026-02-10,False,True
U01254,2026-02-10,,True
U01255,2026-02-10,,False
U01256,2026-02-10,True,True
U01257,2026-02-10,True,False
U01258,2026-02-10,,False
U01259,2026-02-10,True,False
U01260,2026-02-10,False,True
U01261,2026-02-10,False,True
U01262,2026-02-10,True,True
U01263,2026-02-10,,True
U01264,2026-02-10,,False
U01265,2026-02-10,False,True
U01266,2026-02-10,True,True
U01267,2026-02-10,False,False
U01268,2026-02-10,,False
U01269,2026-02-10,,True
U01270,2026-02-10,False,True
U01271,2026-02-10,True,True
U01272,2026-02-10,True,True
U01273,2026-02-10,False,False
U01274,2026-02-10,False,False
U01275,2026-02-10,,True
U01276,2026-02-10,False,False
U01277,2026-02-10,,True
U01278,2026-02-10,False,False
U01279,2026-02-10,False,True
U01280,2026-02-10,False,True
U01281,2026-02-10,False,False
U01282,2026-02-10,,False
U01283,2026-02-10,False,True
U01284,2026-02-10,,True
U01285,2026-02-10,,True
U01286,2026-02-10,,True
U01287,2026-02-10,False,False
U01288,2026-02-10,False,False
U01289,2026-02-10,,True
U01290,2026-02-10,,True
U01291,2026-02-10,False,False
U01292,2026-02-10,True,False
U01293,2026-02-10,False,False
U01294,2026-02-10,True,True
U01295,2026-02-10,False,True
U01296,2026-02-10,True,False
U01297,2026-02-10,,False
U01298,2026-02-10,,False
U01299,2026-02-10,True,False
U01300,2026-02-10,True,False
U01301,2026-02-10,False,False
U01302,2026-02-10,False,False
U01303,2026-02-10,True,True
U01304,2026-02-10,,False
U01305,2026-02-10,,True
U01306,2026-02-10,False,False
U01307,2026-02-10,,False
U01308,2026-02-10,False,True
U01309,2026-02-10,True,True
U01310,2026-02-10,,False
U01311,2026-02-10,,True
U01312,2026-02-10,True,False
U01313,2026-02-10,True,False
U01314,2026-02-10,False,True
U01315,2026-02-10,True,True
U01316,2026-02-10,True,True
U01317,2026-02-10,,False
U01318,2026-02-10,False,False
U01319,2026-02-10,False,True
U01320,2026-02-10,False,True
U01321,2026-02-10,,False
U01322,2026-02-10,False,True
U01323,2026-02-10,True,False
U01324,2026-02-10,False,True
U01325,2026-02-10,False,False
U01326,2026-02-10,,True
U01327,2026-02-10,True,True
U01328,2026-02-10,,True
U01329,2026-02-10,True,False
U01330,2026-02-10,True,False
U01331,2026-02-10,,True
U01332,2026-02-10,True,False
U01333,2026-02-10,,False
U01334,2026-02-10,,False
U01335,2026-02-10,True,True
U01336,2026-02-10,False,True
U01337,2026-02-10,,True
U01338,2026-02-10,True,False
U01339,2026-02-10,False,False
U01340,2026-02-10,True,True
U01341,2026-02-10,,True
U01342,2026-02-10,True,False
U01343,2026-02-10,False,False
U01344,2026-02-10,False,True
U01345,2026-02-10,False,True
U01346,2026-02-10,,True
U01347,2026-02-10,False,True
U01348,2026-02-10,False,True
U01349,2026-02-10,False,True
U01350,2026-02-10,True,False
U01351,2026-02-10,False,True
U01352,2026-02-10,,False
U01353,2026-02-10,True,False
U01354,2026-02-10,,False
U01355,2026-02-10,True,True
U01356,2026-02-10,False,True
U01357,2026-02-10,False,False
U01358,2026-02-10,,True
U01359,2026-02-10,,False
U01360,2026-02-10,,False
U01361,2026-02-10,,False
U01362,2026-02-10,True,True
U01363,2026-02-10,,True
U01364,2026-02-10,True,False
U01365,2026-02-10,True,False
U01366,2026-02-10,False,True
U01367,2026-02-10,True,False
U01368,2026-02-10,,False
U01369,2026-02-10,False,False
U01370,2026-02-10,,False
U01371,2026-02-10,True,True
U01372,2026-02-10,,True
U01373,2026-02-10,False,True
U01374,2026-02-10,,False
U01375,2026-02-10,False,False
U01376,2026-02-10,True,True
U01377,2026-02-10,False,False
U01378,2026-02-10,True,False
U01379,2026-02-10,True,False
U01380,2026-02-10,True,True
U01381,2026-02-10,False,False
U01382,2026-02-10,,False
U01383,2026-02-10,False,False
U01384,2026-02-10,False,False
U01385,2026-02-10,,False
U01386,2026-02-10,False,True
U01387,2026-02-10,False,False
U01388,2026-02-10,True,False
U01389,2026-02-10,True,True
U01390,2026-02-10,True,True
U01391,2026-02-10,True,True
U01392,2026-02-10,True,False
U01393,2026-02-10,False,True
U01394,2026-02-10,,False
U01395,2026-02-10,False,True
U01396,2026-02-10,False,True
U01397,2026-02-10,False,False
U01398,2026-02-10,,False
U01399,2026-02-10,False,False
U01400,2026-02-10,True,True
U01401,2026-02-10,True,False
U01402,2026-02-10,True,True
U01403,2026-02-10,False,True
U01404,2026-02-10,True,False
U01405,2026-02-10,,True
U01406,2026-02-10,,True
U01407,2026-02-10,,True
U01408,2026-02-10,False,True
U01409,2026-02-10,True,False
U01410,2026-02-10,,True
U01411,2026-02-10,False,True
U01412,2026-02-10,False,True
U01413,2026-02-10,False,False
U01414,2026-02-10,,True
U01415,2026-02-10,False,True
U01416,2026-02-10,True,True
U01417,2026-02-10,False,False
U01418,2026-02-10,False,False
U01419,2026-02-10,,True
U01420,2026-02-10,False,True
U01421,2026-02-10,,False
U01422,2026-02-10,False,True
U01423,2026-02-10,True,True
U01424,2026-02-10,,False
U01425,2026-02-10,False,True
U01426,2026-02-10,,True
U01427,2026-02-10,,False
U01428,2026-02-10,True,False
U01429,2026-02-10,False,True
U01430,2026-02-10,True,False
U01431,2026-02-10,True,True
U01432,2026-02-10,True,True
U01433,2026-02-10,False,False
U01434,2026-02-10,False,True
U01435,2026-02-10,True,False
U01436,2026-02-10,False,False
U01437,2026-02-10,,False
U01438,2026-02-10,,True
U01439,2026-02-10,False,True
U01440,2026-02-10,False,True
U01441,2026-02-10,False,False
U01442,2026-02-10,False,False
U01443,2026-02-10,False,False
U01444,2026-02-10,True,False
U01445,2026-02-10,False,True
U01446,2026-02-10,False,False
U01447,2026-02-10,True,True
U01448,2026-02-10,,False
U01449,2026-02-10,False,True
U01450,2026-02-10,,True
U01451,2026-02-10,False,True
U01452,2026-02-10,False,False
U01453,2026-02-10,False,True
U01454,2026-02-10,False,False
U01455,2026-02-10,True,True
U01456,2026-02-10,,False
U01457,2026-02-10,True,False
U01458,2026-02-10,False,True
U01459,2026-02-10,,True
U01460,2026-02-10,True,True
U01461,2026-02-10,,False
U01462,2026-02-10,False,True
U01463,2026-02-10,False,False
U01464,2026-02-10,False,False
U01465,2026-02-10,,True
U01466,2026-02-10,,True
U01467,2026-02-10,True,False
U01468,2026-02-10,True,True
U01469,2026-02-10,False,True
U01470,2026-02-10,True,False
U01471,2026-02-10,,False
U01472,2026-02-10,False,False
U01473,2026-02-10,,False
U01474,2026-02-10,,False
U01475,2026-02-10,False,True
U01476,2026-02-10,True,True
U01477,2026-02-10,True,False
U01478,2026-02-10,,True
U01479,2026-02-10,False,True
U01480,2026-02-10,True,False
U01481,2026-02-10,True,True
U01482,2026-02-10,True,False
U01483,2026-02-10,False,False
U01484,2026-02-10,,False
U01485,2026-02-10,False,False
U01486,2026-02-10,,False
U01487,2026-02-10,False,True
U01488,2026-02-10,True,True
U01489,2026-02-10,True,True
U01490,2026-02-10,True,True
U01491,2026-02-10,,True
U01492,2026-02-10,True,True
U01493,2026-02-10,False,True
U01494,2026-02-10,,True
U01495,2026-02-10,False,True
U01496,2026-02-10,True,False
U01497,2026-02-10,False,True
U01498,2026-02-10,False,False
U01499,2026-02-10,True,True
U01500,2026-02-10,True,True
U01501,2026-02-10,,False
U01502,2026-02-10,False,False
U01503,2026-02-10,True,False
U01504,2026-02-10,,True
U01505,2026-02-10,True,False
U01506,2026-02-10,,False
U01507,2026-02-10,True,False
U01508,2026-02-10,True,True
U01509,2026-02-10,,False
U01510,2026-02-10,False,False
U01511,2026-02-10,,False
U01512,2026-02-10,True,False
U01513,2026-02-10,False,False
U01514,2026-02-10,,False
U01515,2026-02-10,True,True
U01516,2026-02-10,,True
U01517,2026-02-10,False,False
U01518,2026-02-10,,True
U01519,2026-02-10,False,False
U01520,2026-02-10,False,True
U01521,2026-02-10,False,False
U01522,2026-02-10,False,False
U01523,2026-02-10,True,True
U01524,2026-02-10,False,True
U01525,2026-02-10,False,False
U01526,2026-02-10,False,True
U01527,2026-02-10,,True
U01528,2026-02-10,,False
U01529,2026-02-10,,False
U01530,2026-02-10,True,False
U01531,2026-02-10,,False
U01532,2026-02-10,False,False
U01533,2026-02-10,False,True
U01534,2026-02-10,,True
U01535,2026-02-10,False,True
U01536,2026-02-10,,False
U01537,2026-02-10,True,True
U01538,2026-02-10,True,True
U01539,2026-02-10,,False
U01540,2026-02-10,True,False
U01541,2026-02-10,False,False
U01542,2026-02-10,True,True
U01543,2026-02-10,,True
U01544,2026-02-10,True,False
U01545,2026-02-10,False,False
U01546,2026-02-10,,True
U01547,2026-02-10,True,True
U01548,2026-02-10,True,False
U01549,2026-02-10,False,True
U01550,2026-02-10,,True
U01551,2026-02-10,True,True
U01552,2026-02-10,False,False
U01553,2026-02-10,False,False
U01554,2026-02-10,True,False
U01555,2026-02-10,True,True
U01556,2026-02-10,,True
U01557,2026-02-10,False,False
U01558,2026-02-10,True,True
U01559,2026-02-10,,True
U01560,2026-02-10,,True
U01561,2026-02-10,,True
U01562,2026-02-10,True,True
U01563,2026-02-10,True,False
U01564,2026-02-10,True,False
U01565,2026-02-10,,False
U01566,2026-02-10,,False
U01567,2026-02-10,,True
U01568,2026-02-10,True,False
U01569,2026-02-10,False,True
U01570,2026-02-10,True,True
U01571,2026-02-10,False,False
U01572,2026-02-10,True,True
U01573,2026-02-10,False,False
U01574,2026-02-10,False,True
U01575,2026-02-10,True,False
U01576,2026-02-10,False,False
U01577,2026-02-10,False,True
U01578,2026-02-10,True,False
U01579,2026-02-10,True,True
U01580,2026-02-10,False,False
U01581,2026-02-10,False,False
U01582,2026-02-10,,False
U01583,2026-02-10,True,False
U01584,2026-02-10,True,True
U01585,2026-02-10,,True
U01586,2026-02-10,True,False
U01587,2026-02-10,False,False
U01588,2026-02-10,True,False
U01589,2026-02-10,True,False
U01590,2026-02-10,True,True
U01591,2026-02-10,,True
U01592,2026-02-10,,False
U01593,2026-02-10,False,False
U01594,2026-02-10,,False
U01595,2026-02-10,,False
U01596,2026-02-10,False,True
U01597,2026-02-10,False,True
U01598,2026-02-10,,False
U01599,2026-02-10,False,True
U01600,2026-02-10,,False
U01601,2026-02-10,,False
U01602,2026-02-10,,False
U01603,2026-02-10,True,False
U01604,2026-02-10,True,True
U01605,2026-02-10,,False
U01606,2026-02-10,False,True
U01607,2026-02-10,,False
U01608,2026-02-10,True,True
U01609,2026-02-10,,False
U01610,2026-02-10,,False
U01611,2026-02-10,,True
U01612,2026-02-10,True,True
U01613,2026-02-10,,False
U01614,2026-02-10,True,False
U01615,2026-02-10,,False
U01616,2026-02-10,,True
U01617,2026-02-10,,True
U01618,2026-02-10,False,False
U01619,2026-02-10,,False
U01620,2026-02-10,True,True
U01621,2026-02-10,,True
U01622,2026-02-10,False,False
U01623,2026-02-10,,True
U01624,2026-02-10,False,False
U01625,2026-02-10,True,True
U01626,2026-02-10,False,False
U01627,2026-02-10,False,True
U01628,2026-02-10,,False
U01629,2026-02-10,,True
U01630,2026-02-10,True,False
U01631,2026-02-10,,True
U01632,2026-02-10,False,False
U01633,2026-02-10,True,True
U01634,2026-02-10,,False
U01635,2026-02-10,False,True
U01636,2026-02-10,True,True
U01637,2026-02-10,False,True
U01638,2026-02-10,False,True
U01639,2026-02-10,False,True
U01640,2026-02-10,False,False
U01641,2026-02-10,,False
U01642,2026-02-10,False,False
U01643,2026-02-10,,False
U01644,2026-02-10,False,False
U01645,2026-02-10,,False
U01646,2026-02-10,True,True
U01647,2026-02-10,,True
U01648,2026-02-10,False,False
U01649,2026-02-10,True,True
U01650,2026-02-10,,True
U01651,2026-02-10,False,False
U01652,2026-02-10,True,True
U01653,2026-02-10,,False
U01654,2026-02-10,True,False
U01655,2026-02-10,True,True
U01656,2026-02-10,False,False
U01657,2026-02-10,True,True
U01658,2026-02-10,True,False
U01659,2026-02-10,False,False
U01660,2026-02-10,False,False
U01661,2026-02-10,False,True
U01662,2026-02-10,True,True
U01663,2026-02-10,,False
U01664,2026-02-10,True,False
U01665,2026-02-10,False,True
U01666,2026-02-10,True,False
U01667,2026-02-10,True,True
U01668,2026-02-10,,False
U01669,2026-02-10,True,True
U01670,2026-02-10,False,False
U01671,2026-02-10,,False
U01672,2026-02-10,,False
U01673,2026-02-10,False,False
U01674,2026-02-10,False,True
U01675,2026-02-10,True,False
U01676,2026-02-10,False,False
U01677,2026-02-10,True,False
U01678,2026-02-10,True,False
U01679,2026-02-10,False,True
U01680,2026-02-10,False,False
U01681,2026-02-10,,True
U01682,2026-02-10,,False
U01683,2026-02-10,,False
U01684,2026-02-10,,True
U01685,2026-02-10,True,True
U01686,2026-02-10,,False
U01687,2026-02-10,,True
U01688,2026-02-10,,True
U01689,2026-02-10,True,True
U01690,2026-02-10,,True
U01691,2026-02-10,False,True
U01692,2026-02-10,True,True
U01693,2026-02-10,True,False
U01694,2026-02-10,True,True
U01695,2026-02-10,,False
U01696,2026-02-10,True,False
U01697,2026-02-10,False,True
U01698,2026-02-10,False,True
U01699,2026-02-10,False,False
U01700,2026-02-10,True,False
U01701,2026-02-10,True,False
U01702,2026-02-10,False,False
U01703,2026-02-10,True,True
U01704,2026-02-10,True,True
U01705,2026-02-10,False,True
U01706,2026-02-10,True,False
U01707,2026-02-10,True,True
U01708,2026-02-10,False,False
U01709,2026-02-10,,True
U01710,2026-02-10,True,False
U01711,2026-02-10,True,True
U01712,2026-02-10,,True
U01713,2026-02-10,False,False
U01714,2026-02-10,True,False
U01715,2026-02-10,True,False
U01716,2026-02-10,False,False
U01717,2026-02-10,False,True
U01718,2026-02-10,True,True
U01719,2026-02-10,True,True
U01720,2026-02-10,False,False
U01721,2026-02-10,True,False
U01722,2026-02-10,True,False
U01723,2026-02-10,False,False
U01724,2026-02-10,True,False
U01725,2026-02-10,True,False
U01726,2026-02-10,,True
U01727,2026-02-10,True,False
U01728,2026-02-10,,True
U01729,2026-02-10,True,True
U01730,2026-02-10,False,False
U01731,2026-02-10,False,True
U01732,2026-02-10,,True
U01733,2026-02-10,True,False
U01734,2026-02-10,,True
U01735,2026-02-10,True,False
U01736,2026-02-10,,False
U01737,2026-02-10,True,True
U01738,2026-02-10,False,False
U01739,2026-02-10,,True
U01740,2026-02-10,True,True
U01741,2026-02-10,False,False
U01742,2026-02-10,,False
U01743,2026-02-10,,False
U01744,2026-02-10,False,True
U01745,2026-02-10,,False
U01746,2026-02-10,True,True
U01747,2026-02-10,,True
U01748,2026-02-10,False,True
U01749,2026-02-10,False,True
U01750,2026-02-10,True,False
U01751,2026-02-10,False,True
U01752,2026-02-10,,False
U01753,2026-02-10,,False
U01754,2026-02-10,,False
U01755,2026-02-10,,False
U01756,2026-02-10,False,True
U01757,2026-02-10,,False
U01758,2026-02-10,False,True
U01759,2026-02-10,False,False
U01760,2026-02-10,True,True
U01761,2026-02-10,,True
U01762,2026-02-10,,False
U01763,2026-02-10,True,True
U01764,2026-02-10,,True
U01765,2026-02-10,False,False
U01766,2026-02-10,False,True
U01767,2026-02-10,,True
U01768,2026-02-10,,True
U01769,2026-02-10,,False
U01770,2026-02-10,,True
U01771,2026-02-10,False,False
U01772,2026-02-10,,False
U01773,2026-02-10,False,True
U01774,2026-02-10,,True
U01775,2026-02-10,True,False
U01776,2026-02-10,False,True
U01777,2026-02-10,False,True
U01778,2026-02-10,True,True
U01779,2026-02-10,False,False
U01780,2026-02-10,True,True
U01781,2026-02-10,,False
U01782,2026-02-10,,True
U01783,2026-02-10,True,False
U01784,2026-02-10,False,True
U01785,2026-02-10,False,False
U01786,2026-02-10,,True
U01787,2026-02-10,True,True
U01788,2026-02-10,,False
U01789,2026-02-10,True,False
U01790,2026-02-10,,False
U01791,2026-02-10,True,True
U01792,2026-02-10,,True
U01793,2026-02-10,True,True
U01794,2026-02-10,,True
U01795,2026-02-10,True,False
U01796,2026-02-10,,True
U01797,2026-02-10,,False
U01798,2026-02-10,True,True
U01799,2026-02-10,,False
U01800,2026-02-10,,False
U01801,2026-02-10,True,False
U01802,2026-02-10,,True
U01803,2026-02-10,False,False
U01804,2026-02-10,False,False
U01805,2026-02-10,True,False
U01806,2026-02-10,False,False
U01807,2026-02-10,,True
U01808,2026-02-10,,True
U01809,2026-02-10,True,False
U01810,2026-02-10,False,False
U01811,2026-02-10,False,True
U01812,2026-02-10,False,True
U01813,2026-02-10,False,True
U01814,2026-02-10,,True
U01815,2026-02-10,,True
U01816,2026-02-10,,False
U01817,2026-02-10,True,True
U01818,2026-02-10,True,True
U01819,2026-02-10,False,False
U01820,2026-02-10,True,True
U01821,2026-02-10,True,False
U01822,2026-02-10,False,True
U01823,2026-02-10,,False
U01824,2026-02-10,False,True
U01825,2026-02-10,True,False
U01826,2026-02-10,True,False
U01827,2026-02-10,True,False
U01828,2026-02-10,,True
U01829,2026-02-10,True,False
U01830,2026-02-10,True,False
U01831,2026-02-10,,True
U01832,2026-02-10,True,True
U01833,2026-02-10,True,False
U01834,2026-02-10,False,True
U01835,2026-02-10,True,True
U01836,2026-02-10,False,True
U01837,2026-02-10,False,False
U01838,2026-02-10,True,True
U01839,2026-02-10,,True
U01840,2026-02-10,,True
U01841,2026-02-10,False,False
U01842,2026-02-10,False,True
U01843,2026-02-10,,False
U01844,2026-02-10,True,True
U01845,2026-02-10,False,False
U01846,2026-02-10,False,False
U01847,2026-02-10,,True
U01848,2026-02-10,False,True
U01849,2026-02-10,False,False
U01850,2026-02-10,,True
U01851,2026-02-10,True,True
U01852,2026-02-10,True,True
U01853,2026-02-10,,True
U01854,2026-02-10,,True
U01855,2026-02-10,,False
U01856,2026-02-10,False,False
U01857,2026-02-10,False,False
U01858,2026-02-10,True,True
U01859,2026-02-10,True,True
U01860,2026-02-10,True,True
U01861,2026-02-10,False,False
U01862,2026-02-10,,False
U01863,2026-02-10,False,True
U01864,2026-02-10,True,False
U01865,2026-02-10,False,False
U01866,2026-02-10,False,False
U01867,2026-02-10,True,True
U01868,2026-02-10,True,True
U01869,2026-02-10,,True
U01870,2026-02-10,False,False
U01871,2026-02-10,True,True
U01872,2026-02-10,,True
U01873,2026-02-10,True,False
U01874,2026-02-10,True,False
U01875,2026-02-10,,False
U01876,2026-02-10,,False
U01877,2026-02-10,,False
U01878,2026-02-10,,False
U01879,2026-02-10,False,False
U01880,2026-02-10,True,True
U01881,2026-02-10,False,True
U01882,2026-02-10,False,True
U01883,2026-02-10,True,True
U01884,2026-02-10,,True
U01885,2026-02-10,False,True
U01886,2026-02-10,True,False
U01887,2026-02-10,,False
U01888,2026-02-10,,False
U01889,2026-02-10,True,False
U01890,2026-02-10,True,True
U01891,2026-02-10,False,True
U01892,2026-02-10,True,False
U01893,2026-02-10,True,True
U01894,2026-02-10,True,False
U01895,2026-02-10,False,True
U01896,2026-02-10,,False
U01897,2026-02-10,True,True
U01898,2026-02-10,True,True
U01899,2026-02-10,False,True
U01900,2026-02-10,True,False
U01901,2026-02-10,,True
U01902,2026-02-10,False,True
U01903,2026-02-10,True,True
U01904,2026-02-10,True,True
U01905,2026-02-10,False,True
U01906,2026-02-10,True,True
U01907,2026-02-10,False,True
U01908,2026-02-10,False,True
U01909,2026-02-10,False,False
U01910,2026-02-10,True,False
U01911,2026-02-10,False,True
U01912,2026-02-10,,False
U01913,2026-02-10,,True
U01914,2026-02-10,True,True
U01915,2026-02-10,True,True
U01916,2026-02-10,True,False
U01917,2026-02-10,,False
U01918,2026-02-10,False,False
U01919,2026-02-10,,True
U01920,2026-02-10,True,True
U01921,2026-02-10,,False
U01922,2026-02-10,True,False
U01923,2026-02-10,True,True
U01924,2026-02-10,,False
U01925,2026-02-10,True,False
U01926,2026-02-10,True,True
U01927,2026-02-10,False,True
U01928,2026-02-10,True,False
U01929,2026-02-10,,False
U01930,2026-02-10,False,False
U01931,2026-02-10,True,False
U01932,2026-02-10,,False
U01933,2026-02-10,,False
U01934,2026-02-10,,False
U01935,2026-02-10,False,False
U01936,2026-02-10,,False
U01937,2026-02-10,,True
U01938,2026-02-10,True,True
U01939,2026-02-10,True,False
U01940,2026-02-10,True,False
U01941,2026-02-10,True,False
U01942,2026-02-10,False,False
U01943,2026-02-10,,True
U01944,2026-02-10,False,False
U01945,2026-02-10,,True
U01946,2026-02-10,True,True
U01947,2026-02-10,False,False
U01948,2026-02-10,,False
U01949,2026-02-10,True,True
U01950,2026-02-10,False,False
U01951,2026-02-10,False,False
U01952,2026-02-10,False,False
U01953,2026-02-10,False,False
U01954,2026-02-10,False,False
U01955,2026-02-10,False,False
U01956,2026-02-10,True,True
U01957,2026-02-10,False,True
U01958,2026-02-10,False,True
U01959,2026-02-10,False,True
U01960,2026-02-10,False,True
U01961,2026-02-10,False,True
U01962,2026-02-10,True,True
U01963,2026-02-10,True,False
U01964,2026-02-10,True,True
U01965,2026-02-10,False,True
U01966,2026-02-10,,False
U01967,2026-02-10,False,False
U01968,2026-02-10,,False
U01969,2026-02-10,True,True
U01970,2026-02-10,,False
U01971,2026-02-10,True,False
U01972,2026-02-10,False,False
U01973,2026-02-10,False,False
U01974,2026-02-10,,True
U01975,2026-02-10,False,True
U01976,2026-02-10,False,True
U01977,2026-02-10,True,True
U01978,2026-02-10,False,True
U01979,2026-02-10,,False
U01980,2026-02-10,,False
U01981,2026-02-10,False,True
U01982,2026-02-10,False,True
U01983,2026-02-10,False,False
U01984,2026-02-10,True,False
U01985,2026-02-10,False,True
U01986,2026-02-10,False,True
U01987,2026-02-10,,True
U01988,2026-02-10,False,True
U01989,2026-02-10,False,False
U01990,2026-02-10,False,True
U01991,2026-02-10,False,False
U01992,2026-02-10,,False
U01993,2026-02-10,,False
U01994,2026-02-10,False,True
U01995,2026-02-10,,True
U01996,2026-02-10,True,True
U01997,2026-02-10,False,False
U01998,2026-02-10,False,True
U01999,2026-02-10,False,True
U02000,2026-02-10,,False
U02001,2026-02-10,True,False
U02002,2026-02-10,True,False
U02003,2026-02-10,,False
U02004,2026-02-10,,False
U02005,2026-02-10,True,True
U02006,2026-02-10,True,True
U02007,2026-02-10,True,False
U02008,2026-02-10,True,True
U02009,2026-02-10,True,True
U02010,2026-02-10,False,False
U02011,2026-02-10,True,True
U02012,2026-02-10,False,True
U02013,2026-02-10,False,True
U02014,2026-02-10,False,True
U02015,2026-02-10,True,False
U02016,2026-02-10,False,False
U02017,2026-02-10,True,True
U02018,2026-02-10,True,False
U02019,2026-02-10,False,True
U02020,2026-02-10,False,True
U02021,2026-02-10,True,True
U02022,2026-02-10,False,False
U02023,2026-02-10,,False
U02024,2026-02-10,True,False
U02025,2026-02-10,,True
U02026,2026-02-10,,False
U02027,2026-02-10,False,True
U02028,2026-02-10,True,True
U02029,2026-02-10,False,True
U02030,2026-02-10,False,True
U02031,2026-02-10,,False
U02032,2026-02-10,,False
U02033,2026-02-10,False,False
U02034,2026-02-10,,True
U02035,2026-02-10,,True
U02036,2026-02-10,False,False
U02037,2026-02-10,False,False
U02038,2026-02-10,False,True
U02039,2026-02-10,False,True
U02040,2026-02-10,True,False
U02041,2026-02-10,False,False
U02042,2026-02-10,,True
U02043,2026-02-10,,True
U02044,2026-02-10,False,True
U02045,2026-02-10,True,True
U02046,2026-02-10,False,False
U02047,2026-02-10,,True
U02048,2026-02-10,,True
U02049,2026-02-10,False,False
U02050,2026-02-10,,True
U02051,2026-02-10,False,True
U02052,2026-02-10,True,False
U02053,2026-02-10,False,False
U02054,2026-02-10,True,False
U02055,2026-02-10,True,True
U02056,2026-02-10,False,True
U02057,2026-02-10,True,False
U02058,2026-02-10,False,False
U02059,2026-02-10,,False
U02060,2026-02-10,True,False
U02061,2026-02-10,True,True
U02062,2026-02-10,False,True
U02063,2026-02-10,,True
U02064,2026-02-10,False,False
U02065,2026-02-10,False,False
U02066,2026-02-10,True,True
U02067,2026-02-10,,True
U02068,2026-02-10,,False
U02069,2026-02-10,True,False
U02070,2026-02-10,False,True
U02071,2026-02-10,True,True
U02072,2026-02-10,,True
U02073,2026-02-10,True,False
U02074,2026-02-10,True,False
U02075,2026-02-10,True,True
U02076,2026-02-10,,True
U02077,2026-02-10,,False
U02078,2026-02-10,True,False
U02079,2026-02-10,False,True
U02080,2026-02-10,True,True
U02081,2026-02-10,,True
U02082,2026-02-10,False,True
U02083,2026-02-10,,True
U02084,2026-02-10,False,False
U02085,2026-02-10,False,True
U02086,2026-02-10,,True
U02087,2026-02-10,True,False
U02088,2026-02-10,True,True
U02089,2026-02-10,False,True
U02090,2026-02-10,True,True
U02091,2026-02-10,True,False
U02092,2026-02-10,True,True
U02093,2026-02-10,False,True
U02094,2026-02-10,,True
U02095,2026-02-10,True,True
U02096,2026-02-10,,True
U02097,2026-02-10,,True
U02098,2026-02-10,True,False
U02099,2026-02-10,,True
U02100,2026-02-10,False,False
U02101,2026-02-10,,True
U02102,2026-02-10,,True
U02103,2026-02-10,,False
U02104,2026-02-10,False,True
U02105,2026-02-10,True,True
U02106,2026-02-10,True,False
U02107,2026-02-10,False,True
U02108,2026-02-10,True,False
U02109,2026-02-10,,False
U02110,2026-02-10,True,False
U02111,2026-02-10,True,False
U02112,2026-02-10,True,True
U02113,2026-02-10,,False
U02114,2026-02-10,,False
U02115,2026-02-10,True,True
U02116,2026-02-10,True,False
U02117,2026-02-10,False,False
U02118,2026-02-10,True,True
U02119,2026-02-10,False,True
U02120,2026-02-10,,False
U02121,2026-02-10,,False
U02122,2026-02-10,,True
U02123,2026-02-10,False,True
U02124,2026-02-10,,False
U02125,2026-02-10,,False
U02126,2026-02-10,True,False
U02127,2026-02-10,True,False
U02128,2026-02-10,False,True
U02129,2026-02-10,,True
U02130,2026-02-10,True,True
U02131,2026-02-10,,True
U02132,2026-02-10,False,True
U02133,2026-02-10,,False
U02134,2026-02-10,True,True
U02135,2026-02-10,True,True
U02136,2026-02-10,False,False
U02137,2026-02-10,False,True
U02138,2026-02-10,True,False
U02139,2026-02-10,True,True
U02140,2026-02-10,True,False
U02141,2026-02-10,,False
U02142,2026-02-10,True,False
U02143,2026-02-10,False,True
U02144,2026-02-10,,False
U02145,2026-02-10,,False
U02146,2026-02-10,True,True
U02147,2026-02-10,,False
U02148,2026-02-10,False,True
U02149,2026-02-10,True,True
U02150,2026-02-10,,True
U02151,2026-02-10,,True
U02152,2026-02-10,,False
U02153,2026-02-10,,False
U02154,2026-02-10,True,False
U02155,2026-02-10,,True
U02156,2026-02-10,True,False
U02157,2026-02-10,True,True
U02158,2026-02-10,True,True
U02159,2026-02-10,True,True
U02160,2026-02-10,True,True
U02161,2026-02-10,,True
U02162,2026-02-10,True,True
U02163,2026-02-10,False,False
U02164,2026-02-10,False,True
U02165,2026-02-10,,True
U02166,2026-02-10,True,False
U02167,2026-02-10,True,True
U02168,2026-02-10,False,False
U02169,2026-02-10,,False
U02170,2026-02-10,,True
U02171,2026-02-10,False,False
U02172,2026-02-10,True,False
U02173,2026-02-10,False,False
U02174,2026-02-10,True,False
U02175,2026-02-10,False,False
U02176,2026-02-10,,False
U02177,2026-02-10,True,False
U02178,2026-02-10,True,False
U02179,2026-02-10,False,True
U02180,2026-02-10,False,True
U02181,2026-02-10,,True
U02182,2026-02-10,False,False
U02183,2026-02-10,False,False
U02184,2026-02-10,False,False
U02185,2026-02-10,False,False
U02186,2026-02-10,True,False
U02187,2026-02-10,True,False
U02188,2026-02-10,True,True
U02189,2026-02-10,True,True
U02190,2026-02-10,True,False
U02191,2026-02-10,False,False
U02192,2026-02-10,False,False
U02193,2026-02-10,,False
U02194,2026-02-10,False,False
U02195,2026-02-10,False,True
U02196,2026-02-10,False,True
U02197,2026-02-10,True,False
U02198,2026-02-10,,True
U02199,2026-02-10,True,False
U02200,2026-02-10,False,False
U02201,2026-02-10,,False
U02202,2026-02-10,,False
U02203,2026-02-10,,True
U02204,2026-02-10,,False
U02205,2026-02-10,False,True
U02206,2026-02-10,True,False
U02207,2026-02-10,True,False
U02208,2026-02-10,,True
U02209,2026-02-10,,True
U02210,2026-02-10,False,False
U02211,2026-02-10,,True
U02212,2026-02-10,False,True
U02213,2026-02-10,,True
U02214,2026-02-10,True,True
U02215,2026-02-10,True,False
U02216,2026-02-10,False,True
U02217,2026-02-10,,True
U02218,2026-02-10,False,True
U02219,2026-02-10,False,False
U02220,2026-02-10,,False
U02221,2026-02-10,,False
U02222,2026-02-10,,False
U02223,2026-02-10,,False
U02224,2026-02-10,,True
U02225,2026-02-10,True,False
U02226,2026-02-10,True,False
U02227,2026-02-10,,True
U02228,2026-02-10,,False
U02229,2026-02-10,,False
U02230,2026-02-10,True,True
U02231,2026-02-10,False,True
U02232,2026-02-10,True,True
U02233,2026-02-10,,False
U02234,2026-02-10,,False
U02235,2026-02-10,,False
U02236,2026-02-10,,False
U02237,2026-02-10,True,True
U02238,2026-02-10,False,True
U02239,2026-02-10,,True
U02240,2026-02-10,True,False
U02241,2026-02-10,True,True
U02242,2026-02-10,False,True
U02243,2026-02-10,True,True
U02244,2026-02-10,True,True
U02245,2026-02-10,True,False
U02246,2026-02-10,False,False
U02247,2026-02-10,,True
U02248,2026-02-10,,True
U02249,2026-02-10,True,False
U02250,2026-02-10,True,False
U02251,2026-02-10,True,False
U02252,2026-02-10,True,False
U02253,2026-02-10,True,True
U02254,2026-02-10,False,False
U02255,2026-02-10,,True
U02256,2026-02-10,True,True
U02257,2026-02-10,False,True
U02258,2026-02-10,,True
U02259,2026-02-10,True,True
U02260,2026-02-10,,True
U02261,2026-02-10,False,False
U02262,2026-02-10,False,False
U02263,2026-02-10,False,False
U02264,2026-02-10,False,False
U02265,2026-02-10,,False
U02266,2026-02-10,False,True
U02267,2026-02-10,False,False
U02268,2026-02-10,False,True
U02269,2026-02-10,False,False
U02270,2026-02-10,True,True
U02271,2026-02-10,False,False
U02272,2026-02-10,,True
U02273,2026-02-10,True,True
U02274,2026-02-10,,False
U02275,2026-02-10,,True
U02276,2026-02-10,False,False
U02277,2026-02-10,,False
U02278,2026-02-10,,False
U02279,2026-02-10,,True
U02280,2026-02-10,True,False
U02281,2026-02-10,True,False
U02282,2026-02-10,True,False
U02283,2026-02-10,,False
U02284,2026-02-10,True,False
U02285,2026-02-10,False,True
U02286,2026-02-10,False,False
U02287,2026-02-10,False,True
U02288,2026-02-10,,False
U02289,2026-02-10,False,True
U02290,2026-02-10,,True
U02291,2026-02-10,,True
U02292,2026-02-10,True,False
U02293,2026-02-10,True,False
U02294,2026-02-10,,False
U02295,2026-02-10,True,False
U02296,2026-02-10,True,False
U02297,2026-02-10,,True
U02298,2026-02-10,True,True
U02299,2026-02-10,True,True
U02300,2026-02-10,True,False
U02301,2026-02-10,,True
U02302,2026-02-10,True,False
U02303,2026-02-10,False,False
U02304,2026-02-10,True,False
U02305,2026-02-10,,False
U02306,2026-02-10,,True
U02307,2026-02-10,,True
U02308,2026-02-10,,False
U02309,2026-02-10,True,False
U02310,2026-02-10,True,True
U02311,2026-02-10,,False
U02312,2026-02-10,False,False
U02313,2026-02-10,,False
U02314,2026-02-10,True,True
U02315,2026-02-10,False,True
U02316,2026-02-10,False,True
U02317,2026-02-10,True,True
U02318,2026-02-10,False,True
U02319,2026-02-10,,True
U02320,2026-02-10,,False
U02321,2026-02-10,True,False
U02322,2026-02-10,False,True
U02323,2026-02-10,False,True
U02324,2026-02-10,,True
U02325,2026-02-10,False,False
U02326,2026-02-10,False,False
U02327,2026-02-10,,True
U02328,2026-02-10,,True
U02329,2026-02-10,True,False
U02330,2026-02-10,True,False
U02331,2026-02-10,False,True
U02332,2026-02-10,False,True
U02333,2026-02-10,False,False
U02334,2026-02-10,True,False
U02335,2026-02-10,True,True
U02336,2026-02-10,,False
U02337,2026-02-10,False,True
U02338,2026-02-10,False,False
U02339,2026-02-10,,True
U02340,2026-02-10,False,False
U02341,2026-02-10,,False
U02342,2026-02-10,True,False
U02343,2026-02-10,True,True
U02344,2026-02-10,,True
U02345,2026-02-10,,True
U02346,2026-02-10,True,False
U02347,2026-02-10,,False
U02348,2026-02-10,False,True
U02349,2026-02-10,True,False
U02350,2026-02-10,False,False
U02351,2026-02-10,,False
U02352,2026-02-10,False,False
U02353,2026-02-10,False,True
U02354,2026-02-10,,False
U02355,2026-02-10,False,True
U02356,2026-02-10,,False
U02357,2026-02-10,True,True
U02358,2026-02-10,False,True
U02359,2026-02-10,,False
U02360,2026-02-10,False,True
U02361,2026-02-10,,True
U02362,2026-02-10,False,False
U02363,2026-02-10,False,True
U02364,2026-02-10,True,True
U02365,2026-02-10,,True
U02366,2026-02-10,,True
U02367,2026-02-10,False,True
U02368,2026-02-10,,True
U02369,2026-02-10,False,False
U02370,2026-02-10,,True
U02371,2026-02-10,True,True
U02372,2026-02-10,False,False
U02373,2026-02-10,True,True
U02374,2026-02-10,True,False
U02375,2026-02-10,,False
U02376,2026-02-10,True,False
U02377,2026-02-10,True,True
U02378,2026-02-10,True,True
U02379,2026-02-10,False,False
U02380,2026-02-10,False,True
U02381,2026-02-10,,False
U02382,2026-02-10,,True
U02383,2026-02-10,False,False
U02384,2026-02-10,False,False
U02385,2026-02-10,False,True
U02386,2026-02-10,True,True
U02387,2026-02-10,True,True
U02388,2026-02-10,False,True
U02389,2026-02-10,True,False
U02390,2026-02-10,False,True
U02391,2026-02-10,,True
U02392,2026-02-10,False,False
U02393,2026-02-10,,False
U02394,2026-02-10,False,True
U02395,2026-02-10,True,False
U02396,2026-02-10,True,True
U02397,2026-02-10,False,True
U02398,2026-02-10,False,False
U02399,2026-02-10,True,True
U02400,2026-02-10,True,True
U02401,2026-02-10,True,True
U02402,2026-02-10,True,False
U02403,2026-02-10,False,True
U02404,2026-02-10,True,True
U02405,2026-02-10,,True
U02406,2026-02-10,,True
U02407,2026-02-10,True,False
U02408,2026-02-10,True,True
U02409,2026-02-10,True,False
U02410,2026-02-10,False,True
U02411,2026-02-10,False,True
U02412,2026-02-10,True,False
U02413,2026-02-10,True,False
U02414,2026-02-10,,False
U02415,2026-02-10,True,False
U02416,2026-02-10,,False
U02417,2026-02-10,,False
U02418,2026-02-10,,True
U02419,2026-02-10,,True
U02420,2026-02-10,,True
U02421,2026-02-10,True,True
U02422,2026-02-10,True,True
U02423,2026-02-10,False,True
U02424,2026-02-10,True,True
U02425,2026-02-10,,False
U02426,2026-02-10,False,True
U02427,2026-02-10,,False
U02428,2026-02-10,True,False
U02429,2026-02-10,False,False
U02430,2026-02-10,,True
U02431,2026-02-10,False,False
U02432,2026-02-10,True,False
U02433,2026-02-10,,False
U02434,2026-02-10,,True
U02435,2026-02-10,,True
U02436,2026-02-10,True,False
U02437,2026-02-10,,True
U02438,2026-02-10,,False
U02439,2026-02-10,,True
U02440,2026-02-10,False,True
U02441,2026-02-10,False,False
U02442,2026-02-10,False,True
U02443,2026-02-10,,True
U02444,2026-02-10,True,False
U02445,2026-02-10,True,True
U02446,2026-02-10,,False
U02447,2026-02-10,True,False
U02448,2026-02-10,,True
U02449,2026-02-10,False,False
U02450,2026-02-10,False,True
U02451,2026-02-10,True,False
U02452,2026-02-10,True,True
U02453,2026-02-10,False,True
U02454,2026-02-10,False,True
U02455,2026-02-10,True,True
U02456,2026-02-10,,False
U02457,2026-02-10,,False
U02458,2026-02-10,True,False
U02459,2026-02-10,,False
U02460,2026-02-10,,False
U02461,2026-02-10,,True
U02462,2026-02-10,True,True
U02463,2026-02-10,False,False
U02464,2026-02-10,True,False
U02465,2026-02-10,,False
U02466,2026-02-10,False,True
U02467,2026-02-10,False,True
U02468,2026-02-10,,True
U02469,2026-02-10,,True
U02470,2026-02-10,True,False
U02471,2026-02-10,,False
U02472,2026-02-10,True,False
U02473,2026-02-10,,True
U02474,2026-02-10,,False
U02475,2026-02-10,,False
U02476,2026-02-10,True,False
U02477,2026-02-10,False,False
U02478,2026-02-10,,False
U02479,2026-02-10,False,False
U02480,2026-02-10,,True
U02481,2026-02-10,False,True
U02482,2026-02-10,False,False
U02483,2026-02-10,False,True
U02484,2026-02-10,,True
U02485,2026-02-10,True,True
U02486,2026-02-10,True,True
U02487,2026-02-10,,True
U02488,2026-02-10,True,False
U02489,2026-02-10,,False
U02490,2026-02-10,True,False
U02491,2026-02-10,,True
U02492,2026-02-10,False,False
U02493,2026-02-10,,True
U02494,2026-02-10,False,True
U02495,2026-02-10,,True
U02496,2026-02-10,,True
U02497,2026-02-10,,False
U02498,2026-02-10,,False
U02499,2026-02-10,True,True
U02500,2026-02-10,,False
U02501,2026-02-10,True,True
U02502,2026-02-10,True,True
U02503,2026-02-10,False,True
U02504,2026-02-10,,False
U02505,2026-02-10,True,False
U02506,2026-02-10,False,False
U02507,2026-02-10,True,False
U02508,2026-02-10,True,False
U02509,2026-02-10,,True
U02510,2026-02-10,,True
U02511,2026-02-10,False,False
U02512,2026-02-10,False,False
U02513,2026-02-10,False,True
U02514,2026-02-10,True,False
U02515,2026-02-10,True,False
U02516,2026-02-10,,True
U02517,2026-02-10,False,False
U02518,2026-02-10,True,False
U02519,2026-02-10,True,False
U02520,2026-02-10,False,False
U02521,2026-02-10,False,True
U02522,2026-02-10,True,False
U02523,2026-02-10,,True
U02524,2026-02-10,False,False
U02525,2026-02-10,True,True
U02526,2026-02-10,False,False
U02527,2026-02-10,True,True
U02528,2026-02-10,,True
U02529,2026-02-10,False,True
U02530,2026-02-10,False,True
U02531,2026-02-10,True,False
U02532,2026-02-10,True,False
U02533,2026-02-10,False,False
U02534,2026-02-10,False,False
U02535,2026-02-10,False,True
U02536,2026-02-10,,False
U02537,2026-02-10,True,False
U02538,2026-02-10,,False
U02539,2026-02-10,True,True
U02540,2026-02-10,False,False
U02541,2026-02-10,True,False
U02542,2026-02-10,,True
U02543,2026-02-10,True,True
U02544,2026-02-10,False,True
U02545,2026-02-10,True,False
U02546,2026-02-10,False,False
U02547,2026-02-10,True,True
U02548,2026-02-10,,True
U02549,2026-02-10,False,False
U02550,2026-02-10,True,False
U02551,2026-02-10,False,False
U02552,2026-02-10,,True
U02553,2026-02-10,False,False
U02554,2026-02-10,,False
U02555,2026-02-10,True,True
U02556,2026-02-10,True,True
U02557,2026-02-10,True,True
U02558,2026-02-10,False,True
U02559,2026-02-10,,True
U02560,2026-02-10,True,False
U02561,2026-02-10,False,True
U02562,2026-02-10,False,False
U02563,2026-02-10,False,False
U02564,2026-02-10,False,True
U02565,2026-02-10,False,True
U02566,2026-02-10,,True
U02567,2026-02-10,,True
U02568,2026-02-10,True,False
U02569,2026-02-10,True,False
U02570,2026-02-10,,True
U02571,2026-02-10,,False
U02572,2026-02-10,True,False
U02573,2026-02-10,,True
U02574,2026-02-10,,True
U02575,2026-02-10,True,True
U02576,2026-02-10,True,True
U02577,2026-02-10,True,False
U02578,2026-02-10,True,False
U02579,2026-02-10,True,True
U02580,2026-02-10,False,True
U02581,2026-02-10,,True
U02582,2026-02-10,True,True
U02583,2026-02-10,False,False
U02584,2026-02-10,,False
U02585,2026-02-10,,True
U02586,2026-02-10,True,False
U02587,2026-02-10,False,False
U02588,2026-02-10,True,False
U02589,2026-02-10,,True
U02590,2026-02-10,False,True
U02591,2026-02-10,False,False
U02592,2026-02-10,False,False
U02593,2026-02-10,,False
U02594,2026-02-10,True,False
U02595,2026-02-10,True,True
U02596,2026-02-10,True,True
U02597,2026-02-10,True,False
U02598,2026-02-10,True,False
U02599,2026-02-10,False,False
U02600,2026-02-10,,True
U02601,2026-02-10,False,True
U02602,2026-02-10,False,False
U02603,2026-02-10,False,False
U02604,2026-02-10,False,True
U02605,2026-02-10,True,True
U02606,2026-02-10,,True
U02607,2026-02-10,False,False
U02608,2026-02-10,,False
U02609,2026-02-10,,False
U02610,2026-02-10,True,False
U02611,2026-02-10,True,False
U02612,2026-02-10,True,True
U02613,2026-02-10,True,True
U02614,2026-02-10,True,True
U02615,2026-02-10,True,False
U02616,2026-02-10,True,True
U02617,2026-02-10,,False
U02618,2026-02-10,False,False
U02619,2026-02-10,True,True
U02620,2026-02-10,True,True
U02621,2026-02-10,True,False
U02622,2026-02-10,,False
U02623,2026-02-10,,False
U02624,2026-02-10,False,False
U02625,2026-02-10,,True
U02626,2026-02-10,False,True
U02627,2026-02-10,False,False
U02628,2026-02-10,,True
U02629,2026-02-10,True,False
U02630,2026-02-10,,True
U02631,2026-02-10,False,True
U02632,2026-02-10,,True
U02633,2026-02-10,,True
U02634,2026-02-10,,False
U02635,2026-02-10,False,True
U02636,2026-02-10,True,False
U02637,2026-02-10,,False
U02638,2026-02-10,,False
U02639,2026-02-10,False,False
U02640,2026-02-10,True,True
U02641,2026-02-10,True,True
U02642,2026-02-10,,True
U02643,2026-02-10,,True
U02644,2026-02-10,,False
U02645,2026-02-10,,False
U02646,2026-02-10,False,True
U02647,2026-02-10,False,False
U02648,2026-02-10,,True
U02649,2026-02-10,True,True
U02650,2026-02-10,True,True
U02651,2026-02-10,False,True
U02652,2026-02-10,,True
U02653,2026-02-10,False,True
U02654,2026-02-10,False,True
U02655,2026-02-10,,True
U02656,2026-02-10,True,True
U02657,2026-02-10,True,False
U02658,2026-02-10,,False
U02659,2026-02-10,False,True
U02660,2026-02-10,,False
U02661,2026-02-10,,True
U02662,2026-02-10,False,False
U02663,2026-02-10,False,True
U02664,2026-02-10,,True
U02665,2026-02-10,False,True
U02666,2026-02-10,,False
U02667,2026-02-10,True,False
U02668,2026-02-10,True,True
U02669,2026-02-10,,False
U02670,2026-02-10,,False
U02671,2026-02-10,,True
U02672,2026-02-10,False,True
U02673,2026-02-10,False,False
U02674,2026-02-10,True,False
U02675,2026-02-10,True,False
U02676,2026-02-10,True,False
U02677,2026-02-10,False,True
U02678,2026-02-10,False,True
U02679,2026-02-10,False,True
U02680,2026-02-10,False,True
U02681,2026-02-10,True,True
U02682,2026-02-10,,False
U02683,2026-02-10,,True
U02684,2026-02-10,,False
U02685,2026-02-10,True,False
U02686,2026-02-10,True,True
U02687,2026-02-10,False,True
U02688,2026-02-10,True,True
U02689,2026-02-10,True,False
U02690,2026-02-10,True,False
U02691,2026-02-10,,False
U02692,2026-02-10,True,True
U02693,2026-02-10,,True
U02694,2026-02-10,,True
U02695,2026-02-10,False,False
U02696,2026-02-10,True,True
U02697,2026-02-10,True,True
U02698,2026-02-10,True,True
U02699,2026-02-10,True,False
U02700,2026-02-10,True,True
U02701,2026-02-10,True,True
U02702,2026-02-10,,False
U02703,2026-02-10,,True
U02704,2026-02-10,True,True
U02705,2026-02-10,False,False
U02706,2026-02-10,True,False
U02707,2026-02-10,False,False
U02708,2026-02-10,True,True
U02709,2026-02-10,True,False
U02710,2026-02-10,,True
U02711,2026-02-10,True,True
U02712,2026-02-10,True,False
U02713,2026-02-10,True,False
U02714,2026-02-10,True,True
U02715,2026-02-10,True,True
U02716,2026-02-10,True,False
U02717,2026-02-10,False,True
U02718,2026-02-10,False,False
U02719,2026-02-10,True,False
U02720,2026-02-10,,True
U02721,2026-02-10,False,True
U02722,2026-02-10,True,True
U02723,2026-02-10,True,False
U02724,2026-02-10,False,True
U02725,2026-02-10,,False
U02726,2026-02-10,True,False
U02727,2026-02-10,True,True
U02728,2026-02-10,,True
U02729,2026-02-10,True,False
U02730,2026-02-10,,False
U02731,2026-02-10,,True
U02732,2026-02-10,,False
U02733,2026-02-10,True,False
U02734,2026-02-10,,False
U02735,2026-02-10,False,True
U02736,2026-02-10,False,False
U02737,2026-02-10,,False
U02738,2026-02-10,False,True
U02739,2026-02-10,True,True
U02740,2026-02-10,,True
U02741,2026-02-10,False,True
U02742,2026-02-10,False,False
U02743,2026-02-10,,False
U02744,2026-02-10,True,True
U02745,2026-02-10,,False
U02746,2026-02-10,,False
U02747,2026-02-10,True,True
U02748,2026-02-10,False,True
U02749,2026-02-10,True,False
U02750,2026-02-10,False,False
U02751,2026-02-10,False,False
U02752,2026-02-10,False,False
U02753,2026-02-10,,False
U02754,2026-02-10,True,True
U02755,2026-02-10,False,False
U02756,2026-02-10,,False
U02757,2026-02-10,,False
U02758,2026-02-10,,True
U02759,2026-02-10,False,True
U02760,2026-02-10,,False
U02761,2026-02-10,,True
U02762,2026-02-10,,True
U02763,2026-02-10,True,False
U02764,2026-02-10,True,True
U02765,2026-02-10,True,False
U02766,2026-02-10,,False
U02767,2026-02-10,True,True
U02768,2026-02-10,True,False
U02769,2026-02-10,False,True
U02770,2026-02-10,False,False
U02771,2026-02-10,True,False
U02772,2026-02-10,True,True
U02773,2026-02-10,True,True
U02774,2026-02-10,,True
U02775,2026-02-10,True,True
U02776,2026-02-10,False,True
U02777,2026-02-10,,False
U02778,2026-02-10,False,True
U02779,2026-02-10,,True
U02780,2026-02-10,,True
U02781,2026-02-10,False,True
U02782,2026-02-10,True,True
U02783,2026-02-10,False,True
U02784,2026-02-10,True,True
U02785,2026-02-10,True,True
U02786,2026-02-10,,False
U02787,2026-02-10,True,True
U02788,2026-02-10,False,True
U02789,2026-02-10,,False
U02790,2026-02-10,False,False
U02791,2026-02-10,,False
U02792,2026-02-10,False,True
U02793,2026-02-10,False,True
U02794,2026-02-10,True,True
U02795,2026-02-10,,True
U02796,2026-02-10,,True
U02797,2026-02-10,,True
U02798,2026-02-10,True,False
U02799,2026-02-10,False,False
U02800,2026-02-10,,False
U02801,2026-02-10,,False
U02802,2026-02-10,,True
U02803,2026-02-10,False,True
U02804,2026-02-10,False,True
U02805,2026-02-10,,False
U02806,2026-02-10,True,True
U02807,2026-02-10,False,True
U02808,2026-02-10,True,False
U02809,2026-02-10,True,True
U02810,2026-02-10,,False
U02811,2026-02-10,False,False
U02812,2026-02-10,,False
U02813,2026-02-10,False,True
U02814,2026-02-10,True,False
U02815,2026-02-10,,False
U02816,2026-02-10,True,False
U02817,2026-02-10,True,True
U02818,2026-02-10,True,False
U02819,2026-02-10,,False
U02820,2026-02-10,True,True
U02821,2026-02-10,False,True
U02822,2026-02-10,,True
U02823,2026-02-10,True,True
U02824,2026-02-10,,True
U02825,2026-02-10,False,True
U02826,2026-02-10,,True
U02827,2026-02-10,,True
U02828,2026-02-10,True,False
U02829,2026-02-10,True,True
U02830,2026-02-10,,False
U02831,2026-02-10,True,True
U02832,2026-02-10,False,True
U02833,2026-02-10,False,True
U02834,2026-02-10,False,False
U02835,2026-02-10,False,True
U02836,2026-02-10,False,False
U02837,2026-02-10,,False
U02838,2026-02-10,True,True
U02839,2026-02-10,False,False
U02840,2026-02-10,,True
U02841,2026-02-10,,True
U02842,2026-02-10,True,False
U02843,2026-02-10,False,True
U02844,2026-02-10,False,True
U02845,2026-02-10,True,False
U02846,2026-02-10,True,True
U02847,2026-02-10,,True
U02848,2026-02-10,True,True
U02849,2026-02-10,,True
U02850,2026-02-10,,False
U02851,2026-02-10,False,True
U02852,2026-02-10,False,False
U02853,2026-02-10,False,False
U02854,2026-02-10,True,False
U02855,2026-02-10,True,True
U02856,2026-02-10,,True
U02857,2026-02-10,True,False
U02858,2026-02-10,True,True
U02859,2026-02-10,True,False
U02860,2026-02-10,,True
U02861,2026-02-10,False,True
U02862,2026-02-10,False,False
U02863,2026-02-10,True,False
U02864,2026-02-10,True,True
U02865,2026-02-10,False,False
U02866,2026-02-10,False,True
U02867,2026-02-10,True,True
U02868,2026-02-10,,False
U02869,2026-02-10,False,False
U02870,2026-02-10,False,False
U02871,2026-02-10,,True
U02872,2026-02-10,True,False
U02873,2026-02-10,True,False
U02874,2026-02-10,False,False
U02875,2026-02-10,False,True
U02876,2026-02-10,False,False
U02877,2026-02-10,,False
U02878,2026-02-10,False,True
U02879,2026-02-10,,False
U02880,2026-02-10,,False
U02881,2026-02-10,False,True
U02882,2026-02-10,,True
U02883,2026-02-10,,True
U02884,2026-02-10,,True
U02885,2026-02-10,True,True
U02886,2026-02-10,False,False
U02887,2026-02-10,True,False
U02888,2026-02-10,True,True
U02889,2026-02-10,False,False
U02890,2026-02-10,,True
U02891,2026-02-10,False,False
U02892,2026-02-10,False,False
U02893,2026-02-10,True,True
U02894,2026-02-10,True,True
U02895,2026-02-10,False,False
U02896,2026-02-10,True,False
U02897,2026-02-10,False,True
U02898,2026-02-10,False,False
U02899,2026-02-10,,False
U02900,2026-02-10,True,False
U02901,2026-02-10,True,False
U02902,2026-02-10,False,True
U02903,2026-02-10,,True
U02904,2026-02-10,False,True
U02905,2026-02-10,,True
U02906,2026-02-10,False,True
U02907,2026-02-10,,False
U02908,2026-02-10,True,False
U02909,2026-02-10,False,False
U02910,2026-02-10,True,True
U02911,2026-02-10,True,True
U02912,2026-02-10,,False
U02913,2026-02-10,False,False
U02914,2026-02-10,,True
U02915,2026-02-10,True,True
U02916,2026-02-10,True,False
U02917,2026-02-10,False,True
U02918,2026-02-10,False,False
U02919,2026-02-10,False,True
U02920,2026-02-10,,False
U02921,2026-02-10,True,True
U02922,2026-02-10,True,False
U02923,2026-02-10,False,False
U02924,2026-02-10,True,True
U02925,2026-02-10,False,False
U02926,2026-02-10,False,False
U02927,2026-02-10,,True
U02928,2026-02-10,,False
U02929,2026-02-10,False,False
U02930,2026-02-10,True,True
U02931,2026-02-10,True,True
U02932,2026-02-10,False,False
U02933,2026-02-10,True,True
U02934,2026-02-10,False,True
U02935,2026-02-10,False,False
U02936,2026-02-10,True,False
U02937,2026-02-10,False,True
U02938,2026-02-10,False,True
U02939,2026-02-10,,False
U02940,2026-02-10,,True
U02941,2026-02-10,True,True
U02942,2026-02-10,,True
U02943,2026-02-10,False,True
U02944,2026-02-10,,False
U02945,2026-02-10,True,False
U02946,2026-02-10,True,True
U02947,2026-02-10,,True
U02948,2026-02-10,False,False
U02949,2026-02-10,True,False
U02950,2026-02-10,False,True
U02951,2026-02-10,,False
U02952,2026-02-10,,False
U02953,2026-02-10,False,False
U02954,2026-02-10,False,False
U02955,2026-02-10,,False
U02956,2026-02-10,,False
U02957,2026-02-10,True,True
U02958,2026-02-10,False,False
U02959,2026-02-10,False,True
U02960,2026-02-10,,True
U02961,2026-02-10,,False
U02962,2026-02-10,False,False
U02963,2026-02-10,,False
U02964,2026-02-10,,False
U02965,2026-02-10,,True
U02966,2026-02-10,True,True
U02967,2026-02-10,True,True
U02968,2026-02-10,,False
U02969,2026-02-10,True,False
U02970,2026-02-10,,True
U02971,2026-02-10,,False
U02972,2026-02-10,,True
U02973,2026-02-10,,False
U02974,2026-02-10,False,True
U02975,2026-02-10,True,False
U02976,2026-02-10,,False
U02977,2026-02-10,True,True
U02978,2026-02-10,False,True
U02979,2026-02-10,False,False
U02980,2026-02-10,False,False
U02981,2026-02-10,True,False
U02982,2026-02-10,True,False
U02983,2026-02-10,False,False
U02984,2026-02-10,False,False
U02985,2026-02-10,,True
U02986,2026-02-10,True,False
U02987,2026-02-10,True,True
U02988,2026-02-10,True,True
U02989,2026-02-10,False,False
U02990,2026-02-10,False,True
U02991,2026-02-10,,False
U02992,2026-02-10,True,False
U02993,2026-02-10,True,False
U02994,2026-02-10,True,False
U02995,2026-02-10,True,False
U02996,2026-02-10,,True
U02997,2026-02-10,False,False
U02998,2026-02-10,,True
U02999,2026-02-10,False,True
U03000,2026-02-10,True,True
U03001,2026-02-10,,True
U03002,2026-02-10,,False
U03003,2026-02-10,,False
U03004,2026-02-10,,True
U03005,2026-02-10,False,True
U03006,2026-02-10,True,True
U03007,2026-02-10,True,False
U03008,2026-02-10,True,True
U03009,2026-02-10,True,True
U03010,2026-02-10,,False
U03011,2026-02-10,True,True
U03012,2026-02-10,False,False
U03013,2026-02-10,True,True
U03014,2026-02-10,,True
U03015,2026-02-10,False,True
U03016,2026-02-10,,True
U03017,2026-02-10,,False
U03018,2026-02-10,False,True
U03019,2026-02-10,False,True
U03020,2026-02-10,True,True
U03021,2026-02-10,,True
U03022,2026-02-10,True,False
U03023,2026-02-10,,True
U03024,2026-02-10,True,True
U03025,2026-02-10,False,False
U03026,2026-02-10,True,True
U03027,2026-02-10,True,False
U03028,2026-02-10,False,True
U03029,2026-02-10,False,True
U03030,2026-02-10,False,True
U03031,2026-02-10,False,True
U03032,2026-02-10,False,True
U03033,2026-02-10,True,False
U03034,2026-02-10,False,False
U03035,2026-02-10,,False
U03036,2026-02-10,True,True
U03037,2026-02-10,False,True
U03038,2026-02-10,True,True
U03039,2026-02-10,True,False
U03040,2026-02-10,False,False
U03041,2026-02-10,,True
U03042,2026-02-10,True,False
U03043,2026-02-10,True,True
U03044,2026-02-10,,True
U03045,2026-02-10,,True
U03046,2026-02-10,,True
U03047,2026-02-10,True,False
U03048,2026-02-10,True,True
U03049,2026-02-10,True,False
U03050,2026-02-10,True,True
U03051,2026-02-10,True,True
U03052,2026-02-10,False,False
U03053,2026-02-10,False,True
U03054,2026-02-10,True,False
U03055,2026-02-10,,False
U03056,2026-02-10,False,False
U03057,2026-02-10,False,False
U03058,2026-02-10,True,False
U03059,2026-02-10,True,True
U03060,2026-02-10,,False
U03061,2026-02-10,False,True
U03062,2026-02-10,,False
U03063,2026-02-10,True,True
U03064,2026-02-10,,False
U03065,2026-02-10,False,False
U03066,2026-02-10,False,False
U03067,2026-02-10,False,True
U03068,2026-02-10,,False
U03069,2026-02-10,False,True
U03070,2026-02-10,,False
U03071,2026-02-10,False,True
U03072,2026-02-10,False,True
U03073,2026-02-10,True,False
U03074,2026-02-10,,False
U03075,2026-02-10,False,False
U03076,2026-02-10,False,True
U03077,2026-02-10,True,True
U03078,2026-02-10,False,False
U03079,2026-02-10,True,False
U03080,2026-02-10,True,True
U03081,2026-02-10,True,False
U03082,2026-02-10,False,True
U03083,2026-02-10,False,True
U03084,2026-02-10,True,False
U03085,2026-02-10,,True
U03086,2026-02-10,,False
U03087,2026-02-10,True,False
U03088,2026-02-10,,False
U03089,2026-02-10,True,True
U03090,2026-02-10,False,False
U03091,2026-02-10,,True
U03092,2026-02-10,,True
U03093,2026-02-10,True,False
U03094,2026-02-10,,True
U03095,2026-02-10,,False
U03096,2026-02-10,,False
U03097,2026-02-10,False,False
U03098,2026-02-10,True,True
U03099,2026-02-10,True,False
U03100,2026-02-10,False,True
U03101,2026-02-10,False,False
U03102,2026-02-10,True,True
U03103,2026-02-10,False,True
U03104,2026-02-10,,False
U03105,2026-02-10,,False
U03106,2026-02-10,True,True
U03107,2026-02-10,False,True
U03108,2026-02-10,,True
U03109,2026-02-10,False,False
U03110,2026-02-10,True,False
U03111,2026-02-10,True,True
U03112,2026-02-10,False,True
U03113,2026-02-10,True,False
U03114,2026-02-10,True,False
U03115,2026-02-10,,False
U03116,2026-02-10,False,False
U03117,2026-02-10,False,False
U03118,2026-02-10,True,False
U03119,2026-02-10,False,True
U03120,2026-02-10,False,False
U03121,2026-02-10,,False
U03122,2026-02-10,False,True
U03123,2026-02-10,False,True
U03124,2026-02-10,True,True
U03125,2026-02-10,True,True
U03126,2026-02-10,True,True
U03127,2026-02-10,False,False
U03128,2026-02-10,True,True
U03129,2026-02-10,True,True
U03130,2026-02-10,,False
U03131,2026-02-10,,True
U03132,2026-02-10,,True
U03133,2026-02-10,False,True
U03134,2026-02-10,True,True
U03135,2026-02-10,False,True
U03136,2026-02-10,False,False
U03137,2026-02-10,,False
U03138,2026-02-10,False,True
U03139,2026-02-10,True,False
U03140,2026-02-10,True,True
U03141,2026-02-10,False,True
U03142,2026-02-10,,False
U03143,2026-02-10,,False
U03144,2026-02-10,,True
U03145,2026-02-10,,True
U03146,2026-02-10,,False
U03147,2026-02-10,,False
U03148,2026-02-10,False,False
U03149,2026-02-10,,False
U03150,2026-02-10,True,True
U03151,2026-02-10,False,False
U03152,2026-02-10,,True
U03153,2026-02-10,False,True
U03154,2026-02-10,,True
U03155,2026-02-10,,True
U03156,2026-02-10,True,False
U03157,2026-02-10,True,True
U03158,2026-02-10,True,True
U03159,2026-02-10,False,False
U03160,2026-02-10,True,False
U03161,2026-02-10,True,False
U03162,2026-02-10,True,False
U03163,2026-02-10,False,False
U03164,2026-02-10,,True
U03165,2026-02-10,,True
U03166,2026-02-10,True,True
U03167,2026-02-10,False,False
U03168,2026-02-10,False,True
U03169,2026-02-10,False,True
U03170,2026-02-10,True,False
U03171,2026-02-10,False,True
U03172,2026-02-10,,False
U03173,2026-02-10,,True
U03174,2026-02-10,True,False
U03175,2026-02-10,True,True
U03176,2026-02-10,True,True
U03177,2026-02-10,False,True
U03178,2026-02-10,False,True
U03179,2026-02-10,False,False
U03180,2026-02-10,False,False
U03181,2026-02-10,True,True
U03182,2026-02-10,False,False
U03183,2026-02-10,True,True
U03184,2026-02-10,False,False
U03185,2026-02-10,,False
U03186,2026-02-10,True,False
U03187,2026-02-10,False,False
U03188,2026-02-10,True,True
U03189,2026-02-10,,False
U03190,2026-02-10,,False
U03191,2026-02-10,True,False
U03192,2026-02-10,True,False
U03193,2026-02-10,True,False
U03194,2026-02-10,,False
U03195,2026-02-10,,False
U03196,2026-02-10,True,True
U03197,2026-02-10,,True
U03198,2026-02-10,True,True
U03199,2026-02-10,True,True
U03200,2026-02-10,True,False
U03201,2026-02-10,True,True
U03202,2026-02-10,,True
U03203,2026-02-10,False,True
U03204,2026-02-10,,False
U03205,2026-02-10,False,False
U03206,2026-02-10,True,True
U03207,2026-02-10,,False
U03208,2026-02-10,False,True
U03209,2026-02-10,True,True
U03210,2026-02-10,False,False
U03211,2026-02-10,,False
U03212,2026-02-10,,True
U03213,2026-02-10,True,True
U03214,2026-02-10,,False
U03215,2026-02-10,,False
U03216,2026-02-10,,True
U03217,2026-02-10,True,False
U03218,2026-02-10,,True
U03219,2026-02-10,True,True
U03220,2026-02-10,False,False
U03221,2026-02-10,True,True
U03222,2026-02-10,,False
U03223,2026-02-10,False,False
U03224,2026-02-10,True,True
U03225,2026-02-10,False,True
U03226,2026-02-10,True,True
U03227,2026-02-10,,False
U03228,2026-02-10,False,True
U03229,2026-02-10,False,True
U03230,2026-02-10,False,True
U03231,2026-02-10,True,True
U03232,2026-02-10,,False
U03233,2026-02-10,True,True
U03234,2026-02-10,True,True
U03235,2026-02-10,True,False
U03236,2026-02-10,,False
U03237,2026-02-10,False,False
U03238,2026-02-10,,False
U03239,2026-02-10,,False
U03240,2026-02-10,,False
U03241,2026-02-10,False,False
U03242,2026-02-10,False,True
U03243,2026-02-10,False,False
U03244,2026-02-10,,False
U03245,2026-02-10,,False
U03246,2026-02-10,True,False
U03247,2026-02-10,,True
U03248,2026-02-10,True,False
U03249,2026-02-10,True,True
U03250,2026-02-10,False,False
U03251,2026-02-10,True,True
U03252,2026-02-10,,False
U03253,2026-02-10,False,True
U03254,2026-02-10,,True
U03255,2026-02-10,True,False
U03256,2026-02-10,,True
U03257,2026-02-10,False,False
U03258,2026-02-10,,True
U03259,2026-02-10,False,False
U03260,2026-02-10,False,False
U03261,2026-02-10,,False
U03262,2026-02-10,False,False
U03263,2026-02-10,True,True
U03264,2026-02-10,,False
U03265,2026-02-10,,True
U03266,2026-02-10,False,False
U03267,2026-02-10,,False
U03268,2026-02-10,False,True
U03269,2026-02-10,True,False
U03270,2026-02-10,,True
U03271,2026-02-10,False,True
U03272,2026-02-10,,False
U03273,2026-02-10,,True
U03274,2026-02-10,False,False
U03275,2026-02-10,False,True
U03276,2026-02-10,False,True
U03277,2026-02-10,False,True
U03278,2026-02-10,True,False
U03279,2026-02-10,,True
U03280,2026-02-10,True,False
U03281,2026-02-10,False,True
U03282,2026-02-10,False,False
U03283,2026-02-10,,True
U03284,2026-02-10,True,False
U03285,2026-02-10,True,False
U03286,2026-02-10,False,True
U03287,2026-02-10,True,False
U03288,2026-02-10,True,True
U03289,2026-02-10,False,True
U03290,2026-02-10,False,True
U03291,2026-02-10,True,False
U03292,2026-02-10,False,True
U03293,2026-02-10,,False
U03294,2026-02-10,False,False
U03295,2026-02-10,True,False
U03296,2026-02-10,False,False
U03297,2026-02-10,True,False
U03298,2026-02-10,,False
U03299,2026-02-10,,True
U03300,2026-02-10,,True
U03301,2026-02-10,False,True
U03302,2026-02-10,False,True
U03303,2026-02-10,False,False
U03304,2026-02-10,True,False
U03305,2026-02-10,,False
U03306,2026-02-10,,True
U03307,2026-02-10,False,False
U03308,2026-02-10,True,True
U03309,2026-02-10,,False
U03310,2026-02-10,,False
U03311,2026-02-10,,False
U03312,2026-02-10,False,False
U03313,2026-02-10,False,False
U03314,2026-02-10,False,False
U03315,2026-02-10,False,True
U03316,2026-02-10,,True
U03317,2026-02-10,False,True
U03318,2026-02-10,True,False
U03319,2026-02-10,True,False
U03320,2026-02-10,True,False
U03321,2026-02-10,True,False
U03322,2026-02-10,True,False
U03323,2026-02-10,,True
U03324,2026-02-10,False,False
U03325,2026-02-10,True,True
U03326,2026-02-10,True,False
U03327,2026-02-10,,True
U03328,2026-02-10,False,True
U03329,2026-02-10,False,False
U03330,2026-02-10,,False
U03331,2026-02-10,True,True
U03332,2026-02-10,,True
U03333,2026-02-10,,True
U03334,2026-02-10,,True
U03335,2026-02-10,,False
U03336,2026-02-10,True,True
U03337,2026-02-10,,True
U03338,2026-02-10,False,False
U03339,2026-02-10,,True
U03340,2026-02-10,False,True
U03341,2026-02-10,True,True
U03342,2026-02-10,True,True
U03343,2026-02-10,,True
U03344,2026-02-10,,True
U03345,2026-02-10,True,True
U03346,2026-02-10,True,False
U03347,2026-02-10,True,False
U03348,2026-02-10,False,True
U03349,2026-02-10,True,False
U03350,2026-02-10,False,False
U03351,2026-02-10,True,True
U03352,2026-02-10,,False
U03353,2026-02-10,,False
U03354,2026-02-10,,True
U03355,2026-02-10,False,True
U03356,2026-02-10,,True
U03357,2026-02-10,True,True
U03358,2026-02-10,,True
U03359,2026-02-10,True,True
U03360,2026-02-10,False,False
U03361,2026-02-10,False,False
U03362,2026-02-10,,True
U03363,2026-02-10,,False
U03364,2026-02-10,False,False
U03365,2026-02-10,False,False
U03366,2026-02-10,,True
U03367,2026-02-10,False,False
U03368,2026-02-10,False,True
U03369,2026-02-10,True,False
U03370,2026-02-10,False,True
U03371,2026-02-10,,False
U03372,2026-02-10,True,False
U03373,2026-02-10,True,False
U03374,2026-02-10,True,False
U03375,2026-02-10,True,False
U03376,2026-02-10,,False
U03377,2026-02-10,False,True
U03378,2026-02-10,True,False
U03379,2026-02-10,,True
U03380,2026-02-10,False,False
U03381,2026-02-10,,True
U03382,2026-02-10,True,True
U03383,2026-02-10,False,False
U03384,2026-02-10,False,True
U03385,2026-02-10,False,False
U03386,2026-02-10,False,True
U03387,2026-02-10,,False
U03388,2026-02-10,False,False
U03389,2026-02-10,,True
U03390,2026-02-10,,False
U03391,2026-02-10,True,False
U03392,2026-02-10,,False
U03393,2026-02-10,,False
U03394,2026-02-10,True,True
U03395,2026-02-10,True,True
U03396,2026-02-10,True,True
U03397,2026-02-10,,True
U03398,2026-02-10,False,False
U03399,2026-02-10,False,True
U03400,2026-02-10,,True
U03401,2026-02-10,True,True
U03402,2026-02-10,,False
U03403,2026-02-10,False,True
U03404,2026-02-10,True,False
U03405,2026-02-10,True,True
U03406,2026-02-10,,True
U03407,2026-02-10,False,False
U03408,2026-02-10,,True
U03409,2026-02-10,True,False
U03410,2026-02-10,True,False
U03411,2026-02-10,False,True
U03412,2026-02-10,,True
U03413,2026-02-10,True,False
U03414,2026-02-10,False,False
U03415,2026-02-10,,False
U03416,2026-02-10,True,True
U03417,2026-02-10,,True
U03418,2026-02-10,False,True
U03419,2026-02-10,True,True
U03420,2026-02-10,,True
U03421,2026-02-10,True,True
U03422,2026-02-10,True,True
U03423,2026-02-10,False,False
U03424,2026-02-10,,True
U03425,2026-02-10,False,True
U03426,2026-02-10,,False
U03427,2026-02-10,True,True
U03428,2026-02-10,,False
U03429,2026-02-10,,False
U03430,2026-02-10,False,True
U03431,2026-02-10,True,False
U03432,2026-02-10,False,False
U03433,2026-02-10,True,True
U03434,2026-02-10,True,False
U03435,2026-02-10,True,True
U03436,2026-02-10,False,True
U03437,2026-02-10,True,False
U03438,2026-02-10,True,True
U03439,2026-02-10,False,False
U03440,2026-02-10,False,False
U03441,2026-02-10,True,True
U03442,2026-02-10,False,True
U03443,2026-02-10,,True
U03444,2026-02-10,,False
U03445,2026-02-10,False,True
U03446,2026-02-10,,True
U03447,2026-02-10,,False
U03448,2026-02-10,False,True
U03449,2026-02-10,True,False
U03450,2026-02-10,False,False
U03451,2026-02-10,True,False
U03452,2026-02-10,True,True
U03453,2026-02-10,True,False
U03454,2026-02-10,,True
U03455,2026-02-10,True,False
U03456,2026-02-10,True,True
U03457,2026-02-10,False,True
U03458,2026-02-10,False,True
U03459,2026-02-10,,False
U03460,2026-02-10,True,False
U03461,2026-02-10,,True
U03462,2026-02-10,True,True
U03463,2026-02-10,False,True
U03464,2026-02-10,,False
U03465,2026-02-10,False,False
U03466,2026-02-10,False,True
U03467,2026-02-10,True,True
U03468,2026-02-10,True,True
U03469,2026-02-10,,False
U03470,2026-02-10,,True
U03471,2026-02-10,,False
U03472,2026-02-10,True,False
U03473,2026-02-10,False,True
U03474,2026-02-10,False,False
U03475,2026-02-10,,True
U03476,2026-02-10,True,False
U03477,2026-02-10,True,False
U03478,2026-02-10,False,True
U03479,2026-02-10,False,False
U03480,2026-02-10,True,True
U03481,2026-02-10,True,True
U03482,2026-02-10,,True
U03483,2026-02-10,True,False
U03484,2026-02-10,,True
U03485,2026-02-10,True,True
U03486,2026-02-10,True,True
U03487,2026-02-10,True,True
U03488,2026-02-10,False,True
U03489,2026-02-10,False,True
U03490,2026-02-10,False,False
U03491,2026-02-10,,True
U03492,2026-02-10,False,True
U03493,2026-02-10,,False
U03494,2026-02-10,False,True
U03495,2026-02-10,,True
U03496,2026-02-10,True,False
U03497,2026-02-10,,True
U03498,2026-02-10,False,False
U03499,2026-02-10,True,False
U03500,2026-02-10,,False
U03501,2026-02-10,False,False
U03502,2026-02-10,,True
U03503,2026-02-10,,False
U03504,2026-02-10,False,True
U03505,2026-02-10,True,False
U03506,2026-02-10,False,False
U03507,2026-02-10,False,True
U03508,2026-02-10,True,True
U03509,2026-02-10,,True
U03510,2026-02-10,False,True
U03511,2026-02-10,True,False
U03512,2026-02-10,,True
U03513,2026-02-10,True,True
U03514,2026-02-10,,False
U03515,2026-02-10,,False
U03516,2026-02-10,True,True
U03517,2026-02-10,False,True
U03518,2026-02-10,False,False
U03519,2026-02-10,,False
U03520,2026-02-10,False,True
U03521,2026-02-10,True,False
U03522,2026-02-10,,False
U03523,2026-02-10,False,True
U03524,2026-02-10,False,False
U03525,2026-02-10,False,True
U03526,2026-02-10,True,True
U03527,2026-02-10,False,True
U03528,2026-02-10,,False
U03529,2026-02-10,,True
U03530,2026-02-10,,False
U03531,2026-02-10,True,False
U03532,2026-02-10,True,False
U03533,2026-02-10,False,True
U03534,2026-02-10,True,False
U03535,2026-02-10,,False
U03536,2026-02-10,False,True
U03537,2026-02-10,True,False
U03538,2026-02-10,,False
U03539,2026-02-10,,False
U03540,2026-02-10,False,False
U03541,2026-02-10,True,False
U03542,2026-02-10,False,True
U03543,2026-02-10,True,True
U03544,2026-02-10,False,False
U03545,2026-02-10,True,True
U03546,2026-02-10,,False
U03547,2026-02-10,False,False
U03548,2026-02-10,True,False
U03549,2026-02-10,False,False
U03550,2026-02-10,,False
U03551,2026-02-10,,True
U03552,2026-02-10,True,False
U03553,2026-02-10,,False
U03554,2026-02-10,False,True
U03555,2026-02-10,False,False
U03556,2026-02-10,True,False
U03557,2026-02-10,True,False
U03558,2026-02-10,True,False
U03559,2026-02-10,False,True
U03560,2026-02-10,False,True
U03561,2026-02-10,,True
U03562,2026-02-10,False,False
U03563,2026-02-10,True,False
U03564,2026-02-10,True,False
U03565,2026-02-10,False,False
U03566,2026-02-10,False,True
U03567,2026-02-10,True,True
U03568,2026-02-10,True,True
U03569,2026-02-10,True,True
U03570,2026-02-10,,True
U03571,2026-02-10,True,False
U03572,2026-02-10,,False
U03573,2026-02-10,True,True
U03574,2026-02-10,True,False
U03575,2026-02-10,False,True
U03576,2026-02-10,,False
U03577,2026-02-10,,True
U03578,2026-02-10,,True
U03579,2026-02-10,False,True
U03580,2026-02-10,True,False
U03581,2026-02-10,True,True
U03582,2026-02-10,True,True
U03583,2026-02-10,False,False
U03584,2026-02-10,,False
U03585,2026-02-10,True,False
U03586,2026-02-10,False,True
U03587,2026-02-10,True,False
U03588,2026-02-10,,False
U03589,2026-02-10,False,False
U03590,2026-02-10,,False
U03591,2026-02-10,False,False
U03592,2026-02-10,,True
U03593,2026-02-10,True,False
U03594,2026-02-10,True,False
U03595,2026-02-10,True,True
U03596,2026-02-10,True,True
U03597,2026-02-10,False,False
U03598,2026-02-10,True,False
U03599,2026-02-10,,True
U03600,2026-02-10,,True
U03601,2026-02-10,False,True
U03602,2026-02-10,True,True
U03603,2026-02-10,,False
U03604,2026-02-10,,True
U03605,2026-02-10,,True
U03606,2026-02-10,,False
U03607,2026-02-10,,False
U03608,2026-02-10,False,False
U03609,2026-02-10,True,False
U03610,2026-02-10,True,False
U03611,2026-02-10,True,False
U03612,2026-02-10,True,False
U03613,2026-02-10,False,True
U03614,2026-02-10,,True
U03615,2026-02-10,False,False
U03616,2026-02-10,False,True
U03617,2026-02-10,False,True
U03618,2026-02-10,False,False
U03619,2026-02-10,,True
U03620,2026-02-10,False,False
U03621,2026-02-10,True,True
U03622,2026-02-10,,True
U03623,2026-02-10,False,True
U03624,2026-02-10,,False
U03625,2026-02-10,False,False
U03626,2026-02-10,False,True
U03627,2026-02-10,True,False
U03628,2026-02-10,False,True
U03629,2026-02-10,,False
U03630,2026-02-10,,True
U03631,2026-02-10,True,False
U03632,2026-02-10,True,True
U03633,2026-02-10,True,False
U03634,2026-02-10,False,False
U03635,2026-02-10,,True
U03636,2026-02-10,True,True
U03637,2026-02-10,False,True
U03638,2026-02-10,,True
U03639,2026-02-10,True,True
U03640,2026-02-10,,False
U03641,2026-02-10,False,False
U03642,2026-02-10,True,False
U03643,2026-02-10,,True
U03644,2026-02-10,,False
U03645,2026-02-10,True,False
U03646,2026-02-10,False,True
U03647,2026-02-10,,True
U03648,2026-02-10,True,False
U03649,2026-02-10,False,False
U03650,2026-02-10,,False
U03651,2026-02-10,,False
U03652,2026-02-10,False,False
U03653,2026-02-10,,True
U03654,2026-02-10,,True
U03655,2026-02-10,,True
U03656,2026-02-10,True,True
U03657,2026-02-10,,False
U03658,2026-02-10,,False
U03659,2026-02-10,False,False
U03660,2026-02-10,False,True
U03661,2026-02-10,,False
U03662,2026-02-10,True,True
U03663,2026-02-10,False,False
U03664,2026-02-10,False,True
U03665,2026-02-10,,False
U03666,2026-02-10,False,False
U03667,2026-02-10,False,False
U03668,2026-02-10,True,True
U03669,2026-02-10,True,True
U03670,2026-02-10,False,False
U03671,2026-02-10,,False
U03672,2026-02-10,True,False
U03673,2026-02-10,False,True
U03674,2026-02-10,True,False
U03675,2026-02-10,False,False
U03676,2026-02-10,False,True
U03677,2026-02-10,True,False
U03678,2026-02-10,False,True
U03679,2026-02-10,True,False
U03680,2026-02-10,True,True
U03681,2026-02-10,True,True
U03682,2026-02-10,True,True
U03683,2026-02-10,,True
U03684,2026-02-10,True,False
U03685,2026-02-10,True,False
U03686,2026-02-10,True,False
U03687,2026-02-10,,False
U03688,2026-02-10,,False
U03689,2026-02-10,,True
U03690,2026-02-10,False,False
U03691,2026-02-10,True,True
U03692,2026-02-10,False,False
U03693,2026-02-10,False,False
U03694,2026-02-10,True,True
U03695,2026-02-10,False,True
U03696,2026-02-10,False,True
U03697,2026-02-10,,True
U03698,2026-02-10,,True
U03699,2026-02-10,False,True
U03700,2026-02-10,,False
U03701,2026-02-10,False,False
U03702,2026-02-10,,True
U03703,2026-02-10,,False
U03704,2026-02-10,True,False
U03705,2026-02-10,True,False
U03706,2026-02-10,True,True
U03707,2026-02-10,,True
U03708,2026-02-10,True,True
U03709,2026-02-10,,False
U03710,2026-02-10,True,True
U03711,2026-02-10,False,False
U03712,2026-02-10,True,False
U03713,2026-02-10,True,False
U03714,2026-02-10,False,True
U03715,2026-02-10,True,True
U03716,2026-02-10,,True
U03717,2026-02-10,True,False
U03718,2026-02-10,True,False
U03719,2026-02-10,,True
U03720,2026-02-10,,True
U03721,2026-02-10,True,False
U03722,2026-02-10,,False
U03723,2026-02-10,,False
U03724,2026-02-10,,True
U03725,2026-02-10,,False
U03726,2026-02-10,False,True
U03727,2026-02-10,False,True
U03728,2026-02-10,False,False
U03729,2026-02-10,False,False
U03730,2026-02-10,,False
U03731,2026-02-10,,False
U03732,2026-02-10,False,True
U03733,2026-02-10,True,True
U03734,2026-02-10,False,False
U03735,2026-02-10,False,False
U03736,2026-02-10,True,False
U03737,2026-02-10,True,True
U03738,2026-02-10,False,False
U03739,2026-02-10,,True
U03740,2026-02-10,False,False
U03741,2026-02-10,,True
U03742,2026-02-10,False,False
U03743,2026-02-10,,False
U03744,2026-02-10,,True
U03745,2026-02-10,True,False
U03746,2026-02-10,False,True
U03747,2026-02-10,False,True
U03748,2026-02-10,,False
U03749,2026-02-10,False,False
U03750,2026-02-10,False,False
U03751,2026-02-10,False,False
U03752,2026-02-10,False,False
U03753,2026-02-10,True,False
U03754,2026-02-10,False,True
U03755,2026-02-10,False,True
U03756,2026-02-10,False,False
U03757,2026-02-10,False,True
U03758,2026-02-10,,True
U03759,2026-02-10,,True
U03760,2026-02-10,,True
U03761,2026-02-10,,False
U03762,2026-02-10,True,True
U03763,2026-02-10,,True
U03764,2026-02-10,False,True
U03765,2026-02-10,,False
U03766,2026-02-10,False,True
U03767,2026-02-10,,True
U03768,2026-02-10,,True
U03769,2026-02-10,False,True
U03770,2026-02-10,True,False
U03771,2026-02-10,,True
U03772,2026-02-10,False,True
U03773,2026-02-10,False,False
U03774,2026-02-10,False,True
U03775,2026-02-10,,True
U03776,2026-02-10,True,True
U03777,2026-02-10,True,True
U03778,2026-02-10,,False
U03779,2026-02-10,False,True
U03780,2026-02-10,True,False
U03781,2026-02-10,False,True
U03782,2026-02-10,True,True
U03783,2026-02-10,True,False
U03784,2026-02-10,,True
U03785,2026-02-10,False,False
U03786,2026-02-10,True,False
U03787,2026-02-10,True,True
U03788,2026-02-10,True,False
U03789,2026-02-10,True,True
U03790,2026-02-10,,True
U03791,2026-02-10,True,False
U03792,2026-02-10,True,False
U03793,2026-02-10,False,False
U03794,2026-02-10,,True
U03795,2026-02-10,False,False
U03796,2026-02-10,False,True
U03797,2026-02-10,True,False
U03798,2026-02-10,,False
U03799,2026-02-10,False,False
U03800,2026-02-10,False,True
U03801,2026-02-10,True,False
U03802,2026-02-10,,False
U03803,2026-02-10,False,False
U03804,2026-02-10,,True
U03805,2026-02-10,False,True
U03806,2026-02-10,False,False
U03807,2026-02-10,False,True
U03808,2026-02-10,False,True
U03809,2026-02-10,,True
U03810,2026-02-10,False,True
U03811,2026-02-10,False,False
U03812,2026-02-10,False,True
U03813,2026-02-10,,False
U03814,2026-02-10,False,True
U03815,2026-02-10,,True
U03816,2026-02-10,True,True
U03817,2026-02-10,True,False
U03818,2026-02-10,,True
U03819,2026-02-10,True,True
U03820,2026-02-10,False,False
U03821,2026-02-10,,True
U03822,2026-02-10,True,False
U03823,2026-02-10,False,False
U03824,2026-02-10,False,False
U03825,2026-02-10,True,True
U03826,2026-02-10,False,False
U03827,2026-02-10,True,False
U03828,2026-02-10,,True
U03829,2026-02-10,,False
U03830,2026-02-10,,False
U03831,2026-02-10,False,True
U03832,2026-02-10,False,False
U03833,2026-02-10,,False
U03834,2026-02-10,,True
U03835,2026-02-10,True,False
U03836,2026-02-10,,True
U03837,2026-02-10,False,True
U03838,2026-02-10,True,True
U03839,2026-02-10,,True
U03840,2026-02-10,True,True
U03841,2026-02-10,False,True
U03842,2026-02-10,True,False
U03843,2026-02-10,False,True
U03844,2026-02-10,,False
U03845,2026-02-10,True,False
U03846,2026-02-10,False,True
U03847,2026-02-10,False,True
U03848,2026-02-10,False,False
U03849,2026-02-10,,False
U03850,2026-02-10,,False
U03851,2026-02-10,,False
U03852,2026-02-10,,True
U03853,2026-02-10,True,False
U03854,2026-02-10,,True
U03855,2026-02-10,,False
U03856,2026-02-10,,False
U03857,2026-02-10,False,False
U03858,2026-02-10,True,False
U03859,2026-02-10,,True
U03860,2026-02-10,True,False
U03861,2026-02-10,True,False
U03862,2026-02-10,False,True
U03863,2026-02-10,True,False
U03864,2026-02-10,True,True
U03865,2026-02-10,False,True
U03866,2026-02-10,True,True
U03867,2026-02-10,,False
U03868,2026-02-10,False,True
U03869,2026-02-10,True,False
U03870,2026-02-10,,True
U03871,2026-02-10,True,False
U03872,2026-02-10,,True
U03873,2026-02-10,False,True
U03874,2026-02-10,True,False
U03875,2026-02-10,False,False
U03876,2026-02-10,,False
U03877,2026-02-10,False,False
U03878,2026-02-10,False,True
U03879,2026-02-10,True,True
U03880,2026-02-10,True,True
U03881,2026-02-10,False,True
U03882,2026-02-10,False,True
U03883,2026-02-10,True,False
U03884,2026-02-10,False,False
U03885,2026-02-10,,False
U03886,2026-02-10,True,True
U03887,2026-02-10,True,True
U03888,2026-02-10,True,True
U03889,2026-02-10,,True
U03890,2026-02-10,True,True
U03891,2026-02-10,False,True
U03892,2026-02-10,False,True
U03893,2026-02-10,True,True
U03894,2026-02-10,,False
U03895,2026-02-10,False,False
U03896,2026-02-10,False,False
U03897,2026-02-10,,True
U03898,2026-02-10,True,False
U03899,2026-02-10,False,False
U03900,2026-02-10,,False
U03901,2026-02-10,False,False
U03902,2026-02-10,,False
U03903,2026-02-10,,True
U03904,2026-02-10,,True
U03905,2026-02-10,True,False
U03906,2026-02-10,,True
U03907,2026-02-10,False,False
U03908,2026-02-10,False,False
U03909,2026-02-10,,True
U03910,2026-02-10,,False
U03911,2026-02-10,,False
U03912,2026-02-10,True,True
U03913,2026-02-10,False,False
U03914,2026-02-10,,False
U03915,2026-02-10,,False
U03916,2026-02-10,True,True
U03917,2026-02-10,False,False
U03918,2026-02-10,True,True
U03919,2026-02-10,True,False
U03920,2026-02-10,False,True
U03921,2026-02-10,True,False
U03922,2026-02-10,False,True
U03923,2026-02-10,False,False
U03924,2026-02-10,,True
U03925,2026-02-10,,False
U03926,2026-02-10,True,False
U03927,2026-02-10,,False
U03928,2026-02-10,False,True
U03929,2026-02-10,,False
U03930,2026-02-10,False,True
U03931,2026-02-10,,True
U03932,2026-02-10,,False
U03933,2026-02-10,,False
U03934,2026-02-10,False,True
U03935,2026-02-10,False,True
U03936,2026-02-10,True,False
U03937,2026-02-10,True,True
U03938,2026-02-10,,True
U03939,2026-02-10,True,True
U03940,2026-02-10,False,True
U03941,2026-02-10,True,False
U03942,2026-02-10,,True
U03943,2026-02-10,False,True
U03944,2026-02-10,,False
U03945,2026-02-10,True,True
U03946,2026-02-10,False,False
U03947,2026-02-10,,True
U03948,2026-02-10,,False
U03949,2026-02-10,,True
U03950,2026-02-10,,False
U03951,2026-02-10,False,True
U03952,2026-02-10,True,True
U03953,2026-02-10,,True
U03954,2026-02-10,,False
U03955,2026-02-10,True,True
U03956,2026-02-10,False,True
U03957,2026-02-10,False,True
U03958,2026-02-10,,False
U03959,2026-02-10,True,True
U03960,2026-02-10,False,False
U03961,2026-02-10,,False
U03962,2026-02-10,True,False
U03963,2026-02-10,False,True
U03964,2026-02-10,,False
U03965,2026-02-10,True,True
U03966,2026-02-10,True,True
U03967,2026-02-10,,True
U03968,2026-02-10,True,False
U03969,2026-02-10,,True
U03970,2026-02-10,True,True
U03971,2026-02-10,True,False
U03972,2026-02-10,False,True
U03973,2026-02-10,,True
U03974,2026-02-10,False,True
U03975,2026-02-10,,True
U03976,2026-02-10,False,True
U03977,2026-02-10,False,False
U03978,2026-02-10,True,False
U03979,2026-02-10,True,False
U03980,2026-02-10,False,True
U03981,2026-02-10,True,False
U03982,2026-02-10,True,True
U03983,2026-02-10,False,False
U03984,2026-02-10,,False
U03985,2026-02-10,False,True
U03986,2026-02-10,False,False
U03987,2026-02-10,,False
U03988,2026-02-10,False,False
U03989,2026-02-10,,True
U03990,2026-02-10,True,False
U03991,2026-02-10,True,True
U03992,2026-02-10,,False
U03993,2026-02-10,False,False
U03994,2026-02-10,True,False
U03995,2026-02-10,,False
U03996,2026-02-10,True,True
U03997,2026-02-10,False,True
U03998,2026-02-10,False,False
U03999,2026-02-10,True,True
U04000,2026-02-10,,True
U04001,2026-02-10,False,True
U04002,2026-02-10,False,False
U04003,2026-02-10,False,False
U04004,2026-02-10,,True
U04005,2026-02-10,False,True
U04006,2026-02-10,,False
U04007,2026-02-10,True,True
U04008,2026-02-10,False,False
U04009,2026-02-10,False,False
U04010,2026-02-10,,True
U04011,2026-02-10,True,False
U04012,2026-02-10,False,True
U04013,2026-02-10,False,True
U04014,2026-02-10,True,False
U04015,2026-02-10,,False
U04016,2026-02-10,,False
U04017,2026-02-10,,False
U04018,2026-02-10,False,True
U04019,2026-02-10,False,False
U04020,2026-02-10,,False
U04021,2026-02-10,False,False
U04022,2026-02-10,False,True
U04023,2026-02-10,True,True
U04024,2026-02-10,False,False
U04025,2026-02-10,False,False
U04026,2026-02-10,,True
U04027,2026-02-10,True,True
U04028,2026-02-10,False,True
U04029,2026-02-10,,True
U04030,2026-02-10,True,False
U04031,2026-02-10,True,True
U04032,2026-02-10,False,True
U04033,2026-02-10,False,False
U04034,2026-02-10,False,True
U04035,2026-02-10,False,True
U04036,2026-02-10,,True
U04037,2026-02-10,True,True
U04038,2026-02-10,False,False
U04039,2026-02-10,True,True
U04040,2026-02-10,True,True
U04041,2026-02-10,False,True
U04042,2026-02-10,,True
U04043,2026-02-10,True,False
U04044,2026-02-10,True,False
U04045,2026-02-10,True,False
U04046,2026-02-10,True,False
U04047,2026-02-10,,False
U04048,2026-02-10,,True
U04049,2026-02-10,False,False
U04050,2026-02-10,False,True
U04051,2026-02-10,True,False
U04052,2026-02-10,True,False
U04053,2026-02-10,True,False
U04054,2026-02-10,False,False
U04055,2026-02-10,,False
U04056,2026-02-10,,False
U04057,2026-02-10,,True
U04058,2026-02-10,False,False
U04059,2026-02-10,,True
U04060,2026-02-10,True,True
U04061,2026-02-10,True,False
U04062,2026-02-10,False,False
U04063,2026-02-10,,True
U04064,2026-02-10,,False
U04065,2026-02-10,True,True
U04066,2026-02-10,True,False
U04067,2026-02-10,True,True
U04068,2026-02-10,True,False
U04069,2026-02-10,False,True
U04070,2026-02-10,False,False
U04071,2026-02-10,,True
U04072,2026-02-10,False,True
U04073,2026-02-10,False,False
U04074,2026-02-10,False,False
U04075,2026-02-10,True,False
U04076,2026-02-10,False,True
U04077,2026-02-10,True,False
U04078,2026-02-10,,True
U04079,2026-02-10,False,True
U04080,2026-02-10,False,True
U04081,2026-02-10,,False
U04082,2026-02-10,True,True
U04083,2026-02-10,False,True
U04084,2026-02-10,,False
U04085,2026-02-10,,False
U04086,2026-02-10,True,False
U04087,2026-02-10,,False
U04088,2026-02-10,False,True
U04089,2026-02-10,False,False
U04090,2026-02-10,False,True
U04091,2026-02-10,,False
U04092,2026-02-10,,False
U04093,2026-02-10,False,False
U04094,2026-02-10,,False
U04095,2026-02-10,True,True
U04096,2026-02-10,False,False
U04097,2026-02-10,,True
U04098,2026-02-10,True,True
U04099,2026-02-10,False,False
U04100,2026-02-10,True,False
U04101,2026-02-10,False,True
U04102,2026-02-10,False,False
U04103,2026-02-10,True,True
U04104,2026-02-10,False,False
U04105,2026-02-10,False,True
U04106,2026-02-10,,False
U04107,2026-02-10,False,False
U04108,2026-02-10,False,False
U04109,2026-02-10,True,False
U04110,2026-02-10,True,False
U04111,2026-02-10,False,False
U04112,2026-02-10,True,False
U04113,2026-02-10,False,False
U04114,2026-02-10,,True
U04115,2026-02-10,,True
U04116,2026-02-10,False,True
U04117,2026-02-10,,False
U04118,2026-02-10,True,True
U04119,2026-02-10,True,True
U04120,2026-02-10,True,True
U04121,2026-02-10,,False
U04122,2026-02-10,False,False
U04123,2026-02-10,False,False
U04124,2026-02-10,,True
U04125,2026-02-10,,False
U04126,2026-02-10,True,True
U04127,2026-02-10,False,False
U04128,2026-02-10,True,True
U04129,2026-02-10,,True
U04130,2026-02-10,False,True
U04131,2026-02-10,False,False
U04132,2026-02-10,False,False
U04133,2026-02-10,True,True
U04134,2026-02-10,,False
U04135,2026-02-10,,True
U04136,2026-02-10,False,True
U04137,2026-02-10,True,False
U04138,2026-02-10,False,True
U04139,2026-02-10,,True
U04140,2026-02-10,False,False
U04141,2026-02-10,True,False
U04142,2026-02-10,False,True
U04143,2026-02-10,False,True
U04144,2026-02-10,,False
U04145,2026-02-10,True,False
U04146,2026-02-10,False,True
U04147,2026-02-10,False,True
U04148,2026-02-10,True,False
U04149,2026-02-10,,True
U04150,2026-02-10,False,False
U04151,2026-02-10,False,False
U04152,2026-02-10,True,True
U04153,2026-02-10,True,True
U04154,2026-02-10,,False
U04155,2026-02-10,True,True
U04156,2026-02-10,,False
U04157,2026-02-10,,False
U04158,2026-02-10,,False
U04159,2026-02-10,,False
U04160,2026-02-10,,False
U04161,2026-02-10,False,True
U04162,2026-02-10,False,False
U04163,2026-02-10,False,False
U04164,2026-02-10,False,True
U04165,2026-02-10,False,False
U04166,2026-02-10,True,True
U04167,2026-02-10,,False
U04168,2026-02-10,False,False
U04169,2026-02-10,True,True
U04170,2026-02-10,,False
U04171,2026-02-10,,False
U04172,2026-02-10,True,True
U04173,2026-02-10,,False
U04174,2026-02-10,False,False
U04175,2026-02-10,False,False
U04176,2026-02-10,,False
U04177,2026-02-10,True,True
U04178,2026-02-10,,True
U04179,2026-02-10,,False
U04180,2026-02-10,,False
U04181,2026-02-10,False,True
U04182,2026-02-10,False,False
U04183,2026-02-10,True,False
U04184,2026-02-10,,True
U04185,2026-02-10,False,True
U04186,2026-02-10,True,False
U04187,2026-02-10,True,True
U04188,2026-02-10,True,False
U04189,2026-02-10,True,True
U04190,2026-02-10,,False
U04191,2026-02-10,,False
U04192,2026-02-10,False,True
U04193,2026-02-10,False,False
U04194,2026-02-10,False,False
U04195,2026-02-10,,True
U04196,2026-02-10,,False
U04197,2026-02-10,,False
U04198,2026-02-10,True,False
U04199,2026-02-10,False,False
U04200,2026-02-10,False,False
U04201,2026-02-10,True,True
U04202,2026-02-10,False,False
U04203,2026-02-10,True,False
U04204,2026-02-10,False,True
U04205,2026-02-10,,True
U04206,2026-02-10,False,False
U04207,2026-02-10,False,False
U04208,2026-02-10,True,True
U04209,2026-02-10,,True
U04210,2026-02-10,True,True
U04211,2026-02-10,,False
U04212,2026-02-10,True,False
U04213,2026-02-10,,True
U04214,2026-02-10,True,False
U04215,2026-02-10,,True
U04216,2026-02-10,False,True
U04217,2026-02-10,,False
U04218,2026-02-10,,True
U04219,2026-02-10,True,False
U04220,2026-02-10,False,True
U04221,2026-02-10,True,False
U04222,2026-02-10,,True
U04223,2026-02-10,False,True
U04224,2026-02-10,False,True
U04225,2026-02-10,True,True
U04226,2026-02-10,,False
U04227,2026-02-10,False,True
U04228,2026-02-10,,False
U04229,2026-02-10,True,True
U04230,2026-02-10,False,True
U04231,2026-02-10,,False
U04232,2026-02-10,True,True
U04233,2026-02-10,False,True
U04234,2026-02-10,True,True
U04235,2026-02-10,,False
U04236,2026-02-10,,False
U04237,2026-02-10,False,True
U04238,2026-02-10,False,False
U04239,2026-02-10,,True
U04240,2026-02-10,,True
U04241,2026-02-10,False,False
U04242,2026-02-10,,True
U04243,2026-02-10,False,False
U04244,2026-02-10,,True
U04245,2026-02-10,False,False
U04246,2026-02-10,,False
U04247,2026-02-10,False,True
U04248,2026-02-10,True,True
U04249,2026-02-10,False,True
U04250,2026-02-10,,True
U04251,2026-02-10,False,False
U04252,2026-02-10,,False
U04253,2026-02-10,True,True
U04254,2026-02-10,False,True
U04255,2026-02-10,False,True
U04256,2026-02-10,False,True
U04257,2026-02-10,False,False
U04258,2026-02-10,True,False
U04259,2026-02-10,False,False
U04260,2026-02-10,,False
U04261,2026-02-10,False,False
U04262,2026-02-10,,False
U04263,2026-02-10,,False
U04264,2026-02-10,,True
U04265,2026-02-10,True,True
U04266,2026-02-10,,False
U04267,2026-02-10,True,True
U04268,2026-02-10,False,False
U04269,2026-02-10,,False
U04270,2026-02-10,False,True
U04271,2026-02-10,,False
U04272,2026-02-10,False,False
U04273,2026-02-10,,False
U04274,2026-02-10,True,True
U04275,2026-02-10,True,False
U04276,2026-02-10,False,False
U04277,2026-02-10,,True
U04278,2026-02-10,True,True
U04279,2026-02-10,,False
U04280,2026-02-10,True,True
U04281,2026-02-10,False,False
U04282,2026-02-10,,False
U04283,2026-02-10,False,True
U04284,2026-02-10,False,True
U04285,2026-02-10,,False
U04286,2026-02-10,,False
U04287,2026-02-10,False,False
U04288,2026-02-10,,True
U04289,2026-02-10,,False
U04290,2026-02-10,True,False
U04291,2026-02-10,False,True
U04292,2026-02-10,,True
U04293,2026-02-10,False,True
U04294,2026-02-10,False,True
U04295,2026-02-10,True,True
U04296,2026-02-10,False,True
U04297,2026-02-10,,True
U04298,2026-02-10,False,False
U04299,2026-02-10,False,True
U04300,2026-02-10,,True
U04301,2026-02-10,,True
U04302,2026-02-10,False,True
U04303,2026-02-10,False,True
U04304,2026-02-10,False,True
U04305,2026-02-10,False,True
U04306,2026-02-10,True,False
U04307,2026-02-10,,True
U04308,2026-02-10,True,False
U04309,2026-02-10,,True
U04310,2026-02-10,,True
U04311,2026-02-10,True,False
U04312,2026-02-10,True,True
U04313,2026-02-10,,False
U04314,2026-02-10,,False
U04315,2026-02-10,True,True
U04316,2026-02-10,,True
U04317,2026-02-10,True,False
U04318,2026-02-10,True,True
U04319,2026-02-10,True,True
U04320,2026-02-10,,False
U04321,2026-02-10,False,True
U04322,2026-02-10,,True
U04323,2026-02-10,False,True
U04324,2026-02-10,True,False
U04325,2026-02-10,True,False
U04326,2026-02-10,True,False
U04327,2026-02-10,True,True
U04328,2026-02-10,,True
U04329,2026-02-10,,False
U04330,2026-02-10,False,True
U04331,2026-02-10,,False
U04332,2026-02-10,True,False
U04333,2026-02-10,,True
U04334,2026-02-10,,False
U04335,2026-02-10,True,False
U04336,2026-02-10,False,False
U04337,2026-02-10,False,True
U04338,2026-02-10,False,False
U04339,2026-02-10,,False
U04340,2026-02-10,,False
U04341,2026-02-10,False,True
U04342,2026-02-10,False,False
U04343,2026-02-10,,False
U04344,2026-02-10,,False
U04345,2026-02-10,True,True
U04346,2026-02-10,False,True
U04347,2026-02-10,False,False
U04348,2026-02-10,False,True
U04349,2026-02-10,True,True
U04350,2026-02-10,False,False
U04351,2026-02-10,True,False
U04352,2026-02-10,False,True
U04353,2026-02-10,True,True
U04354,2026-02-10,True,True
U04355,2026-02-10,False,False
U04356,2026-02-10,False,False
U04357,2026-02-10,True,False
U04358,2026-02-10,,True
U04359,2026-02-10,,True
U04360,2026-02-10,False,True
U04361,2026-02-10,True,False
U04362,2026-02-10,True,True
U04363,2026-02-10,,True
U04364,2026-02-10,False,False
U04365,2026-02-10,,False
U04366,2026-02-10,,False
U04367,2026-02-10,True,False
U04368,2026-02-10,False,False
U04369,2026-02-10,False,True
U04370,2026-02-10,False,False
U04371,2026-02-10,,False
U04372,2026-02-10,,False
U04373,2026-02-10,False,False
U04374,2026-02-10,False,False
U04375,2026-02-10,False,True
U04376,2026-02-10,False,True
U04377,2026-02-10,False,False
U04378,2026-02-10,,True
U04379,2026-02-10,False,False
U04380,2026-02-10,True,True
U04381,2026-02-10,True,False
U04382,2026-02-10,False,False
U04383,2026-02-10,True,False
U04384,2026-02-10,False,False
U04385,2026-02-10,False,True
U04386,2026-02-10,True,False
U04387,2026-02-10,False,True
U04388,2026-02-10,True,True
U04389,2026-02-10,True,False
U04390,2026-02-10,,False
U04391,2026-02-10,,False
U04392,2026-02-10,True,False
U04393,2026-02-10,,False
U04394,2026-02-10,True,False
U04395,2026-02-10,,False
U04396,2026-02-10,True,True
U04397,2026-02-10,True,False
U04398,2026-02-10,False,False
U04399,2026-02-10,False,False
U04400,2026-02-10,True,False
U04401,2026-02-10,True,True
U04402,2026-02-10,False,False
U04403,2026-02-10,True,True
U04404,2026-02-10,,False
U04405,2026-02-10,,True
U04406,2026-02-10,,True
U04407,2026-02-10,False,True
U04408,2026-02-10,False,False
U04409,2026-02-10,,False
U04410,2026-02-10,,True
U04411,2026-02-10,True,True
U04412,2026-02-10,,False
U04413,2026-02-10,False,False
U04414,2026-02-10,,True
U04415,2026-02-10,True,False
U04416,2026-02-10,False,True
U04417,2026-02-10,False,False
U04418,2026-02-10,False,True
U04419,2026-02-10,,False
U04420,2026-02-10,False,True
U04421,2026-02-10,True,True
U04422,2026-02-10,,False
U04423,2026-02-10,False,False
U04424,2026-02-10,False,True
U04425,2026-02-10,,True
U04426,2026-02-10,,False
U04427,2026-02-10,True,False
U04428,2026-02-10,True,False
U04429,2026-02-10,,False
U04430,2026-02-10,False,False
U04431,2026-02-10,,True
U04432,2026-02-10,,True
U04433,2026-02-10,,True
U04434,2026-02-10,,True
U04435,2026-02-10,,True
U04436,2026-02-10,,True
U04437,2026-02-10,,False
U04438,2026-02-10,,True
U04439,2026-02-10,True,False
U04440,2026-02-10,False,False
U04441,2026-02-10,False,True
U04442,2026-02-10,,False
U04443,2026-02-10,True,True
U04444,2026-02-10,,False
U04445,2026-02-10,False,False
U04446,2026-02-10,True,False
U04447,2026-02-10,,False
U04448,2026-02-10,True,False
U04449,2026-02-10,True,True
U04450,2026-02-10,True,False
U04451,2026-02-10,False,True
U04452,2026-02-10,False,True
U04453,2026-02-10,,False
U04454,2026-02-10,,False
U04455,2026-02-10,,True
U04456,2026-02-10,,False
U04457,2026-02-10,,True
U04458,2026-02-10,True,True
U04459,2026-02-10,True,False
U04460,2026-02-10,True,True
U04461,2026-02-10,True,True
U04462,2026-02-10,True,False
U04463,2026-02-10,True,False
U04464,2026-02-10,False,True
U04465,2026-02-10,,True
U04466,2026-02-10,True,False
U04467,2026-02-10,True,False
U04468,2026-02-10,False,True
U04469,2026-02-10,True,False
U04470,2026-02-10,True,True
U04471,2026-02-10,False,True
U04472,2026-02-10,False,True
U04473,2026-02-10,False,True
U04474,2026-02-10,False,True
U04475,2026-02-10,False,False
U04476,2026-02-10,False,True
U04477,2026-02-10,True,False
U04478,2026-02-10,,True
U04479,2026-02-10,True,True
U04480,2026-02-10,,True
U04481,2026-02-10,True,True
U04482,2026-02-10,True,False
U04483,2026-02-10,,False
U04484,2026-02-10,,False
U04485,2026-02-10,False,True
U04486,2026-02-10,True,True
U04487,2026-02-10,,False
U04488,2026-02-10,False,False
U04489,2026-02-10,,True
U04490,2026-02-10,False,True
U04491,2026-02-10,True,False
U04492,2026-02-10,False,False
U04493,2026-02-10,True,False
U04494,2026-02-10,False,False
U04495,2026-02-10,True,False
U04496,2026-02-10,,False
U04497,2026-02-10,True,True
U04498,2026-02-10,,False
U04499,2026-02-10,False,True
U04500,2026-02-10,False,False
U04501,2026-02-10,True,True
U04502,2026-02-10,True,True
U04503,2026-02-10,,True
U04504,2026-02-10,True,True
U04505,2026-02-10,True,False
U04506,2026-02-10,True,True
U04507,2026-02-10,,True
U04508,2026-02-10,,False
U04509,2026-02-10,False,False
U04510,2026-02-10,True,False
U04511,2026-02-10,True,True
U04512,2026-02-10,,True
U04513,2026-02-10,,True
U04514,2026-02-10,False,True
U04515,2026-02-10,True,True
U04516,2026-02-10,False,True
U04517,2026-02-10,False,False
U04518,2026-02-10,,False
U04519,2026-02-10,False,False
U04520,2026-02-10,True,True
U04521,2026-02-10,False,True
U04522,2026-02-10,False,True
U04523,2026-02-10,,True
U04524,2026-02-10,False,True
U04525,2026-02-10,,False
U04526,2026-02-10,,True
U04527,2026-02-10,True,True
U04528,2026-02-10,True,False
U04529,2026-02-10,True,True
U04530,2026-02-10,False,True
U04531,2026-02-10,True,False
U04532,2026-02-10,False,False
U04533,2026-02-10,,False
U04534,2026-02-10,True,True
U04535,2026-02-10,False,False
U04536,2026-02-10,False,False
U04537,2026-02-10,True,False
U04538,2026-02-10,,False
U04539,2026-02-10,,True
U04540,2026-02-10,False,False
U04541,2026-02-10,,True
U04542,2026-02-10,True,True
U04543,2026-02-10,,True
U04544,2026-02-10,True,True
U04545,2026-02-10,,True
U04546,2026-02-10,,True
U04547,2026-02-10,,False
U04548,2026-02-10,False,True
U04549,2026-02-10,True,True
U04550,2026-02-10,False,True
U04551,2026-02-10,,False
U04552,2026-02-10,False,False
U04553,2026-02-10,,False
U04554,2026-02-10,True,False
U04555,2026-02-10,False,False
U04556,2026-02-10,,True
U04557,2026-02-10,,True
U04558,2026-02-10,,False
U04559,2026-02-10,,True
U04560,2026-02-10,True,True
U04561,2026-02-10,True,True
U04562,2026-02-10,,True
U04563,2026-02-10,True,True
U04564,2026-02-10,False,False
U04565,2026-02-10,True,False
U04566,2026-02-10,False,False
U04567,2026-02-10,True,False
U04568,2026-02-10,False,True
U04569,2026-02-10,False,False
U04570,2026-02-10,,False
U04571,2026-02-10,True,False
U04572,2026-02-10,,False
U04573,2026-02-10,False,True
U04574,2026-02-10,False,False
U04575,2026-02-10,False,False
U04576,2026-02-10,,True
U04577,2026-02-10,,False
U04578,2026-02-10,,False
U04579,2026-02-10,True,False
U04580,2026-02-10,False,True
U04581,2026-02-10,,True
U04582,2026-02-10,True,True
U04583,2026-02-10,False,True
U04584,2026-02-10,True,False
U04585,2026-02-10,True,False
U04586,2026-02-10,False,False
U04587,2026-02-10,False,True
U04588,2026-02-10,,True
U04589,2026-02-10,False,True
U04590,2026-02-10,True,True
U04591,2026-02-10,True,True
U04592,2026-02-10,,False
U04593,2026-02-10,,True
U04594,2026-02-10,,True
U04595,2026-02-10,,False
U04596,2026-02-10,,True
U04597,2026-02-10,,True
U04598,2026-02-10,False,True
U04599,2026-02-10,True,True
U04600,2026-02-10,,True
U04601,2026-02-10,,True
U04602,2026-02-10,,False
U04603,2026-02-10,True,False
U04604,2026-02-10,True,False
U04605,2026-02-10,False,False
U04606,2026-02-10,,False
U04607,2026-02-10,False,False
U04608,2026-02-10,False,True
U04609,2026-02-10,,False
U04610,2026-02-10,True,True
U04611,2026-02-10,False,False
U04612,2026-02-10,True,True
U04613,2026-02-10,True,False
U04614,2026-02-10,True,True
U04615,2026-02-10,False,True
U04616,2026-02-10,True,False
U04617,2026-02-10,True,False
U04618,2026-02-10,False,True
U04619,2026-02-10,True,False
U04620,2026-02-10,True,True
U04621,2026-02-10,False,True
U04622,2026-02-10,False,True
U04623,2026-02-10,,True
U04624,2026-02-10,True,False
U04625,2026-02-10,True,False
U04626,2026-02-10,False,True
U04627,2026-02-10,,True
U04628,2026-02-10,,False
U04629,2026-02-10,,True
U04630,2026-02-10,,False
U04631,2026-02-10,True,False
U04632,2026-02-10,False,True
U04633,2026-02-10,,False
U04634,2026-02-10,True,True
U04635,2026-02-10,,False
U04636,2026-02-10,False,True
U04637,2026-02-10,False,False
U04638,2026-02-10,True,False
U04639,2026-02-10,False,True
U04640,2026-02-10,,False
U04641,2026-02-10,False,True
U04642,2026-02-10,,True
U04643,2026-02-10,True,False
U04644,2026-02-10,True,False
U04645,2026-02-10,,False
U04646,2026-02-10,False,True
U04647,2026-02-10,,True
U04648,2026-02-10,False,False
U04649,2026-02-10,False,False
U04650,2026-02-10,False,False
U04651,2026-02-10,False,True
U04652,2026-02-10,True,True
U04653,2026-02-10,,False
U04654,2026-02-10,True,False
U04655,2026-02-10,True,False
U04656,2026-02-10,,False
U04657,2026-02-10,True,False
U04658,2026-02-10,,False
U04659,2026-02-10,,False
U04660,2026-02-10,True,True
U04661,2026-02-10,,True
U04662,2026-02-10,,True
U04663,2026-02-10,True,True
U04664,2026-02-10,False,False
U04665,2026-02-10,False,True
U04666,2026-02-10,False,False
U04667,2026-02-10,False,True
U04668,2026-02-10,False,False
U04669,2026-02-10,,True
U04670,2026-02-10,True,True
U04671,2026-02-10,True,False
U04672,2026-02-10,True,False
U04673,2026-02-10,False,True
U04674,2026-02-10,,False
U04675,2026-02-10,False,False
U04676,2026-02-10,,False
U04677,2026-02-10,False,True
U04678,2026-02-10,False,False
U04679,2026-02-10,True,False
U04680,2026-02-10,False,False
U04681,2026-02-10,True,True
U04682,2026-02-10,,False
U04683,2026-02-10,,False
U04684,2026-02-10,False,True
U04685,2026-02-10,False,True
U04686,2026-02-10,False,False
U04687,2026-02-10,,True
U04688,2026-02-10,False,False
U04689,2026-02-10,True,True
U04690,2026-02-10,,False
U04691,2026-02-10,False,False
U04692,2026-02-10,,True
U04693,2026-02-10,False,True
U04694,2026-02-10,False,False
U04695,2026-02-10,False,False
U04696,2026-02-10,False,False
U04697,2026-02-10,True,True
U04698,2026-02-10,False,True
U04699,2026-02-10,True,True
U04700,2026-02-10,,False
U04701,2026-02-10,,False
U04702,2026-02-10,,True
U04703,2026-02-10,False,True
U04704,2026-02-10,True,True
U04705,2026-02-10,True,False
U04706,2026-02-10,False,True
U04707,2026-02-10,,False
U04708,2026-02-10,,False
U04709,2026-02-10,False,True
U04710,2026-02-10,False,True
U04711,2026-02-10,,False
U04712,2026-02-10,,True
U04713,2026-02-10,False,True
U04714,2026-02-10,False,True
U04715,2026-02-10,True,True
U04716,2026-02-10,,False
U04717,2026-02-10,True,False
U04718,2026-02-10,True,True
U04719,2026-02-10,True,True
U04720,2026-02-10,False,True
U04721,2026-02-10,True,True
U04722,2026-02-10,False,True
U04723,2026-02-10,True,False
U04724,2026-02-10,False,False
U04725,2026-02-10,,True
U04726,2026-02-10,False,True
U04727,2026-02-10,,False
U04728,2026-02-10,,False
U04729,2026-02-10,,False
U04730,2026-02-10,,False
U04731,2026-02-10,False,False
U04732,2026-02-10,False,False
U04733,2026-02-10,True,False
U04734,2026-02-10,,False
U04735,2026-02-10,True,True
U04736,2026-02-10,False,True
U04737,2026-02-10,,True
U04738,2026-02-10,True,False
U04739,2026-02-10,,False
U04740,2026-02-10,True,True
U04741,2026-02-10,,False
U04742,2026-02-10,,True
U04743,2026-02-10,False,False
U04744,2026-02-10,,True
U04745,2026-02-10,False,False
U04746,2026-02-10,False,False
U04747,2026-02-10,True,True
U04748,2026-02-10,True,False
U04749,2026-02-10,,True
U04750,2026-02-10,False,False
U04751,2026-02-10,,True
U04752,2026-02-10,True,False
U04753,2026-02-10,True,False
U04754,2026-02-10,,False
U04755,2026-02-10,,True
U04756,2026-02-10,,False
U04757,2026-02-10,False,True
U04758,2026-02-10,False,True
U04759,2026-02-10,,False
U04760,2026-02-10,False,False
U04761,2026-02-10,False,True
U04762,2026-02-10,,False
U04763,2026-02-10,True,False
U04764,2026-02-10,True,True
U04765,2026-02-10,,False
U04766,2026-02-10,,True
U04767,2026-02-10,True,True
U04768,2026-02-10,,False
U04769,2026-02-10,,True
U04770,2026-02-10,,True
U04771,2026-02-10,True,True
U04772,2026-02-10,True,True
U04773,2026-02-10,,False
U04774,2026-02-10,,True
U04775,2026-02-10,False,True
U04776,2026-02-10,True,False
U04777,2026-02-10,,False
U04778,2026-02-10,False,False
U04779,2026-02-10,,False
U04780,2026-02-10,True,False
U04781,2026-02-10,True,True
U04782,2026-02-10,False,False
U04783,2026-02-10,True,False
U04784,2026-02-10,False,False
U04785,2026-02-10,True,True
U04786,2026-02-10,False,False
U04787,2026-02-10,True,True
U04788,2026-02-10,False,True
U04789,2026-02-10,False,False
U04790,2026-02-10,True,False
U04791,2026-02-10,True,True
U04792,2026-02-10,,True
U04793,2026-02-10,,False
U04794,2026-02-10,True,True
U04795,2026-02-10,True,True
U04796,2026-02-10,True,False
U04797,2026-02-10,False,False
U04798,2026-02-10,True,False
U04799,2026-02-10,True,True
U04800,2026-02-10,True,False
U04801,2026-02-10,True,True
U04802,2026-02-10,False,True
U04803,2026-02-10,,True
U04804,2026-02-10,,False
U04805,2026-02-10,,True
U04806,2026-02-10,False,True
U04807,2026-02-10,,True
U04808,2026-02-10,False,True
U04809,2026-02-10,,True
U04810,2026-02-10,,True
U04811,2026-02-10,False,False
U04812,2026-02-10,True,False
U04813,2026-02-10,,True
U04814,2026-02-10,,True
U04815,2026-02-10,True,False
U04816,2026-02-10,True,True
U04817,2026-02-10,,False
U04818,2026-02-10,False,False
U04819,2026-02-10,False,True
U04820,2026-02-10,,True
U04821,2026-02-10,False,True
U04822,2026-02-10,False,True
U04823,2026-02-10,True,False
U04824,2026-02-10,True,False
U04825,2026-02-10,True,False
U04826,2026-02-10,True,False
U04827,2026-02-10,,True
U04828,2026-02-10,,True
U04829,2026-02-10,,False
U04830,2026-02-10,,False
U04831,2026-02-10,,True
U04832,2026-02-10,False,False
U04833,2026-02-10,True,False
U04834,2026-02-10,True,False
U04835,2026-02-10,,False
U04836,2026-02-10,False,False
U04837,2026-02-10,False,True
U04838,2026-02-10,False,True
U04839,2026-02-10,False,True
U04840,2026-02-10,False,False
U04841,2026-02-10,,False
U04842,2026-02-10,False,False
U04843,2026-02-10,False,True
U04844,2026-02-10,,True
U04845,2026-02-10,True,True
U04846,2026-02-10,False,True
U04847,2026-02-10,,False
U04848,2026-02-10,,True
U04849,2026-02-10,,True
U04850,2026-02-10,True,False
U04851,2026-02-10,False,True
U04852,2026-02-10,False,True
U04853,2026-02-10,,False
U04854,2026-02-10,,True
U04855,2026-02-10,,False
U04856,2026-02-10,,True
U04857,2026-02-10,True,True
U04858,2026-02-10,False,True
U04859,2026-02-10,True,False
U04860,2026-02-10,True,True
U04861,2026-02-10,False,True
U04862,2026-02-10,,True
U04863,2026-02-10,True,False
U04864,2026-02-10,True,True
U04865,2026-02-10,False,True
U04866,2026-02-10,True,False
U04867,2026-02-10,True,False
U04868,2026-02-10,True,False
U04869,2026-02-10,False,True
U04870,2026-02-10,True,True
U04871,2026-02-10,,True
U04872,2026-02-10,,False
U04873,2026-02-10,False,False
U04874,2026-02-10,True,False
U04875,2026-02-10,False,True
U04876,2026-02-10,False,False
U04877,2026-02-10,False,False
U04878,2026-02-10,True,False
U04879,2026-02-10,False,True
U04880,2026-02-10,,False
U04881,2026-02-10,True,False
U04882,2026-02-10,True,True
U04883,2026-02-10,True,True
U04884,2026-02-10,True,True
U04885,2026-02-10,False,True
U04886,2026-02-10,True,False
U04887,2026-02-10,True,False
U04888,2026-02-10,,False
U04889,2026-02-10,False,False
U04890,2026-02-10,False,False
U04891,2026-02-10,True,True
U04892,2026-02-10,False,True
U04893,2026-02-10,True,False
U04894,2026-02-10,True,True
U04895,2026-02-10,,True
U04896,2026-02-10,False,False
U04897,2026-02-10,True,True
U04898,2026-02-10,True,True
U04899,2026-02-10,False,True
U04900,2026-02-10,True,True
U04901,2026-02-10,True,False
U04902,2026-02-10,,False
U04903,2026-02-10,False,True
U04904,2026-02-10,False,True
U04905,2026-02-10,,True
U04906,2026-02-10,True,False
U04907,2026-02-10,True,True
U04908,2026-02-10,True,False
U04909,2026-02-10,False,True
U04910,2026-02-10,False,False
U04911,2026-02-10,True,True
U04912,2026-02-10,False,False
U04913,2026-02-10,True,False
U04914,2026-02-10,,True
U04915,2026-02-10,True,True
U04916,2026-02-10,,True
U04917,2026-02-10,False,False
U04918,2026-02-10,True,False
U04919,2026-02-10,True,True
U04920,2026-02-10,,False
U04921,2026-02-10,,True
U04922,2026-02-10,True,False
U04923,2026-02-10,True,True
U04924,2026-02-10,,True
U04925,2026-02-10,False,True
U04926,2026-02-10,,True
U04927,2026-02-10,,False
U04928,2026-02-10,False,True
U04929,2026-02-10,True,True
U04930,2026-02-10,,True
U04931,2026-02-10,True,False
U04932,2026-02-10,True,True
U04933,2026-02-10,False,True
U04934,2026-02-10,True,True
U04935,2026-02-10,,True
U04936,2026-02-10,True,False
U04937,2026-02-10,,False
U04938,2026-02-10,False,False
U04939,2026-02-10,False,True
U04940,2026-02-10,,False
U04941,2026-02-10,,False
U04942,2026-02-10,False,False
U04943,2026-02-10,False,True
U04944,2026-02-10,False,False
U04945,2026-02-10,True,True
U04946,2026-02-10,False,True
U04947,2026-02-10,False,False
U04948,2026-02-10,True,False
U04949,2026-02-10,,True
U04950,2026-02-10,False,False
U04951,2026-02-10,True,True
U04952,2026-02-10,False,False
U04953,2026-02-10,,True
U04954,2026-02-10,False,True
U04955,2026-02-10,,False
U04956,2026-02-10,True,False
U04957,2026-02-10,False,False
U04958,2026-02-10,False,False
U04959,2026-02-10,False,False
U04960,2026-02-10,False,False
U04961,2026-02-10,False,False
U04962,2026-02-10,,False
U04963,2026-02-10,True,True
U04964,2026-02-10,True,True
U04965,2026-02-10,,True
U04966,2026-02-10,,True
U04967,2026-02-10,,False
U04968,2026-02-10,False,False
U04969,2026-02-10,False,False
U04970,2026-02-10,True,False
U04971,2026-02-10,True,False
U04972,2026-02-10,True,False
U04973,2026-02-10,False,False
U04974,2026-02-10,True,True
U04975,2026-02-10,True,False
U04976,2026-02-10,,True
U04977,2026-02-10,,False
U04978,2026-02-10,,False
U04979,2026-02-10,True,False
U04980,2026-02-10,True,True
U04981,2026-02-10,False,True
U04982,2026-02-10,False,True
U04983,2026-02-10,,False
U04984,2026-02-10,,True
U04985,2026-02-10,True,False
U04986,2026-02-10,False,False
U04987,2026-02-10,True,True
U04988,2026-02-10,False,False
U04989,2026-02-10,,True
U04990,2026-02-10,,True
U04991,2026-02-10,True,True
U04992,2026-02-10,True,True
U04993,2026-02-10,True,False
U04994,2026-02-10,True,False
U04995,2026-02-10,False,True
U04996,2026-02-10,,True
U04997,2026-02-10,True,False
U04998,2026-02-10,True,False
U04999,2026-02-10,,False
U05000,2026-02-10,,False
U05001,2026-02-10,False,False
U05002,2026-02-10,,True
U05003,2026-02-10,False,False
U05004,2026-02-10,True,True
U05005,2026-02-10,True,True
U05006,2026-02-10,False,True
U05007,2026-02-10,,False
U05008,2026-02-10,True,False
U05009,2026-02-10,,False
U05010,2026-02-10,,True
U05011,2026-02-10,True,True
U05012,2026-02-10,False,True
U05013,2026-02-10,True,True
U05014,2026-02-10,False,False
U05015,2026-02-10,False,False
U05016,2026-02-10,True,True
U05017,2026-02-10,,False
U05018,2026-02-10,False,True
U05019,2026-02-10,False,True
U05020,2026-02-10,False,False
U05021,2026-02-10,False,True
U05022,2026-02-10,False,True
U05023,2026-02-10,True,True
U05024,2026-02-10,,False
U05025,2026-02-10,,False
U05026,2026-02-10,True,True
U05027,2026-02-10,,True
U05028,2026-02-10,,False
U05029,2026-02-10,False,True
U05030,2026-02-10,False,False
U05031,2026-02-10,True,False
U05032,2026-02-10,True,False
U05033,2026-02-10,False,True
U05034,2026-02-10,,False
U05035,2026-02-10,,True
U05036,2026-02-10,False,False
U05037,2026-02-10,True,True
U05038,2026-02-10,,True
U05039,2026-02-10,,False
U05040,2026-02-10,False,False
U05041,2026-02-10,False,False
U05042,2026-02-10,True,False
U05043,2026-02-10,,False
U05044,2026-02-10,,True
U05045,2026-02-10,False,True
U05046,2026-02-10,True,True
U05047,2026-02-10,,True
U05048,2026-02-10,False,False
U05049,2026-02-10,True,False
U05050,2026-02-10,False,False
U05051,2026-02-10,True,False
U05052,2026-02-10,,False
U05053,2026-02-10,False,False
U05054,2026-02-10,,False
U05055,2026-02-10,False,False
U05056,2026-02-10,True,False
U05057,2026-02-10,,False
U05058,2026-02-10,,True
U05059,2026-02-10,False,False
U05060,2026-02-10,False,True
U05061,2026-02-10,False,True
U05062,2026-02-10,,False
U05063,2026-02-10,,True
U05064,2026-02-10,True,True
U05065,2026-02-10,True,True
U05066,2026-02-10,True,True
U05067,2026-02-10,False,True
U05068,2026-02-10,True,True
U05069,2026-02-10,True,True
U05070,2026-02-10,True,True
U05071,2026-02-10,,False
U05072,2026-02-10,,True
U05073,2026-02-10,True,False
U05074,2026-02-10,,False
U05075,2026-02-10,,True
U05076,2026-02-10,,True
U05077,2026-02-10,True,True
U05078,2026-02-10,True,True
U05079,2026-02-10,True,True
U05080,2026-02-10,,True
U05081,2026-02-10,True,False
U05082,2026-02-10,,True
U05083,2026-02-10,True,True
U05084,2026-02-10,,True
U05085,2026-02-10,False,False
U05086,2026-02-10,,True
U05087,2026-02-10,False,True
U05088,2026-02-10,,False
U05089,2026-02-10,,True
U05090,2026-02-10,False,False
U05091,2026-02-10,,True
U05092,2026-02-10,False,True
U05093,2026-02-10,,True
U05094,2026-02-10,True,True
U05095,2026-02-10,True,False
U05096,2026-02-10,True,True
U05097,2026-02-10,,True
U05098,2026-02-10,,True
U05099,2026-02-10,True,True
U05100,2026-02-10,False,True
U05101,2026-02-10,True,False
U05102,2026-02-10,,False
U05103,2026-02-10,,False
U05104,2026-02-10,,False
U05105,2026-02-10,True,False
U05106,2026-02-10,False,False
U05107,2026-02-10,,True
U05108,2026-02-10,,True
U05109,2026-02-10,,False
U05110,2026-02-10,False,True
U05111,2026-02-10,True,True
U05112,2026-02-10,True,False
U05113,2026-02-10,False,True
U05114,2026-02-10,,False
U05115,2026-02-10,True,False
U05116,2026-02-10,True,True
U05117,2026-02-10,False,False
U05118,2026-02-10,,True
U05119,2026-02-10,,False
U05120,2026-02-10,,False
U05121,2026-02-10,False,False
U05122,2026-02-10,,False
U05123,2026-02-10,False,False
U05124,2026-02-10,False,False
U05125,2026-02-10,False,True
U05126,2026-02-10,True,True
U05127,2026-02-10,True,False
U05128,2026-02-10,False,False
U05129,2026-02-10,False,False
U05130,2026-02-10,False,False
U05131,2026-02-10,False,False
U05132,2026-02-10,True,True
U05133,2026-02-10,,False
U05134,2026-02-10,False,True
U05135,2026-02-10,True,False
U05136,2026-02-10,False,True
U05137,2026-02-10,False,False
U05138,2026-02-10,True,False
U05139,2026-02-10,,True
U05140,2026-02-10,True,True
U05141,2026-02-10,True,True
U05142,2026-02-10,True,False
U05143,2026-02-10,False,True
U05144,2026-02-10,False,False
U05145,2026-02-10,True,True
U05146,2026-02-10,False,False
U05147,2026-02-10,True,False
U05148,2026-02-10,,False
U05149,2026-02-10,True,True
U05150,2026-02-10,False,False
U05151,2026-02-10,False,False
U05152,2026-02-10,True,False
U05153,2026-02-10,,True
U05154,2026-02-10,False,True
U05155,2026-02-10,True,False
U05156,2026-02-10,,False
U05157,2026-02-10,,False
U05158,2026-02-10,True,True
U05159,2026-02-10,,False
U05160,2026-02-10,True,False
U05161,2026-02-10,False,True
U05162,2026-02-10,False,True
U05163,2026-02-10,False,False
U05164,2026-02-10,,False
U05165,2026-02-10,,True
U05166,2026-02-10,,True
U05167,2026-02-10,,False
U05168,2026-02-10,False,False
U05169,2026-02-10,,True
U05170,2026-02-10,False,False
U05171,2026-02-10,True,True
U05172,2026-02-10,False,False
U05173,2026-02-10,False,True
U05174,2026-02-10,True,False
U05175,2026-02-10,,True
U05176,2026-02-10,False,False
U05177,2026-02-10,False,False
U05178,2026-02-10,,False
U05179,2026-02-10,,True
U05180,2026-02-10,True,False
U05181,2026-02-10,,True
U05182,2026-02-10,,True
U05183,2026-02-10,True,False
U05184,2026-02-10,,False
U05185,2026-02-10,True,False
U05186,2026-02-10,,True
U05187,2026-02-10,False,True
U05188,2026-02-10,,False
U05189,2026-02-10,True,False
U05190,2026-02-10,False,False
U05191,2026-02-10,True,False
U05192,2026-02-10,False,True
U05193,2026-02-10,False,True
U05194,2026-02-10,False,True
U05195,2026-02-10,False,True
U05196,2026-02-10,True,True
U05197,2026-02-10,False,False
U05198,2026-02-10,,False
U05199,2026-02-10,,True
U05200,2026-02-10,False,False
U05201,2026-02-10,False,False
U05202,2026-02-10,,True
U05203,2026-02-10,,True
U05204,2026-02-10,,True
U05205,2026-02-10,False,True
U05206,2026-02-10,,True
U05207,2026-02-10,,False
U05208,2026-02-10,True,False
U05209,2026-02-10,False,True
U05210,2026-02-10,False,False
U05211,2026-02-10,True,True
U05212,2026-02-10,False,True
U05213,2026-02-10,True,False
U05214,2026-02-10,True,False
U05215,2026-02-10,False,True
U05216,2026-02-10,False,False
U05217,2026-02-10,,True
U05218,2026-02-10,,False
U05219,2026-02-10,False,True
U05220,2026-02-10,False,False
U05221,2026-02-10,False,True
U05222,2026-02-10,,False
U05223,2026-02-10,False,True
U05224,2026-02-10,,True
U05225,2026-02-10,False,True
U05226,2026-02-10,True,True
U05227,2026-02-10,False,False
U05228,2026-02-10,False,True
U05229,2026-02-10,False,False
U05230,2026-02-10,,True
U05231,2026-02-10,,False
U05232,2026-02-10,,False
U05233,2026-02-10,False,True
U05234,2026-02-10,False,True
U05235,2026-02-10,,False
U05236,2026-02-10,False,True
U05237,2026-02-10,,True
U05238,2026-02-10,,True
U05239,2026-02-10,False,True
U05240,2026-02-10,True,True
U05241,2026-02-10,True,True
U05242,2026-02-10,,True
U05243,2026-02-10,,True
U05244,2026-02-10,True,False
U05245,2026-02-10,False,False
U05246,2026-02-10,True,False
U05247,2026-02-10,False,True
U05248,2026-02-10,False,False
U05249,2026-02-10,,True
U05250,2026-02-10,,False
U05251,2026-02-10,,False
U05252,2026-02-10,,True
U05253,2026-02-10,,True
U05254,2026-02-10,True,False
U05255,2026-02-10,True,True
U05256,2026-02-10,False,True
U05257,2026-02-10,True,True
U05258,2026-02-10,,True
U05259,2026-02-10,True,True
U05260,2026-02-10,False,True
U05261,2026-02-10,True,True
U05262,2026-02-10,True,True
U05263,2026-02-10,True,False
U05264,2026-02-10,False,False
U05265,2026-02-10,,False
U05266,2026-02-10,True,False
U05267,2026-02-10,False,True
U05268,2026-02-10,,False
U05269,2026-02-10,,True
U05270,2026-02-10,True,True
U05271,2026-02-10,,True
U05272,2026-02-10,True,True
U05273,2026-02-10,,False
U05274,2026-02-10,True,False
U05275,2026-02-10,,True
U05276,2026-02-10,,False
U05277,2026-02-10,,True
U05278,2026-02-10,False,True
U05279,2026-02-10,True,True
U05280,2026-02-10,,False
U05281,2026-02-10,False,False
U05282,2026-02-10,,False
U05283,2026-02-10,True,True
U05284,2026-02-10,,False
U05285,2026-02-10,False,True
U05286,2026-02-10,False,False
U05287,2026-02-10,False,True
U05288,2026-02-10,,False
U05289,2026-02-10,False,True
U05290,2026-02-10,False,False
U05291,2026-02-10,True,True
U05292,2026-02-10,True,True
U05293,2026-02-10,False,True
U05294,2026-02-10,,True
U05295,2026-02-10,True,False
U05296,2026-02-10,,True
U05297,2026-02-10,,False
U05298,2026-02-10,False,False
U05299,2026-02-10,True,True
U05300,2026-02-10,,False
U05301,2026-02-10,True,True
U05302,2026-02-10,False,True
U05303,2026-02-10,True,True
U05304,2026-02-10,False,True
U05305,2026-02-10,False,False
U05306,2026-02-10,,False
U05307,2026-02-10,False,False
U05308,2026-02-10,,True
U05309,2026-02-10,False,False
U05310,2026-02-10,,False
U05311,2026-02-10,,True
U05312,2026-02-10,True,True
U05313,2026-02-10,True,True
U05314,2026-02-10,,True
U05315,2026-02-10,True,False
U05316,2026-02-10,True,False
U05317,2026-02-10,False,False
U05318,2026-02-10,,True
U05319,2026-02-10,True,True
U05320,2026-02-10,False,True
U05321,2026-02-10,,True
U05322,2026-02-10,False,False
U05323,2026-02-10,True,False
U05324,2026-02-10,False,True
U05325,2026-02-10,False,True
U05326,2026-02-10,True,False
U05327,2026-02-10,True,False
U05328,2026-02-10,False,True
U05329,2026-02-10,True,True
U05330,2026-02-10,False,True
U05331,2026-02-10,True,True
U05332,2026-02-10,True,True
U05333,2026-02-10,False,False
U05334,2026-02-10,False,True
U05335,2026-02-10,,False
U05336,2026-02-10,True,True
U05337,2026-02-10,True,True
U05338,2026-02-10,False,False
U05339,2026-02-10,True,True
U05340,2026-02-10,False,False
U05341,2026-02-10,False,False
U05342,2026-02-10,True,True
U05343,2026-02-10,,True
U05344,2026-02-10,,True
U05345,2026-02-10,False,False
U05346,2026-02-10,,False
U05347,2026-02-10,True,False
U05348,2026-02-10,True,False
U05349,2026-02-10,True,True
U05350,2026-02-10,,False
U05351,2026-02-10,True,True
U05352,2026-02-10,,False
U05353,2026-02-10,,False
U05354,2026-02-10,True,True
U05355,2026-02-10,False,False
U05356,2026-02-10,True,False
U05357,2026-02-10,False,False
U05358,2026-02-10,,True
U05359,2026-02-10,False,False
U05360,2026-02-10,,True
U05361,2026-02-10,False,False
U05362,2026-02-10,False,True
U05363,2026-02-10,,False
U05364,2026-02-10,False,False
U05365,2026-02-10,False,False
U05366,2026-02-10,True,False
U05367,2026-02-10,,False
U05368,2026-02-10,False,False
U05369,2026-02-10,True,False
U05370,2026-02-10,True,False
U05371,2026-02-10,False,False
U05372,2026-02-10,False,True
U05373,2026-02-10,True,False
U05374,2026-02-10,,True
U05375,2026-02-10,,False
U05376,2026-02-10,,True
U05377,2026-02-10,,True
U05378,2026-02-10,True,False
U05379,2026-02-10,True,False
U05380,2026-02-10,True,True
U05381,2026-02-10,,True
U05382,2026-02-10,,True
U05383,2026-02-10,False,True
U05384,2026-02-10,,True
U05385,2026-02-10,,False
U05386,2026-02-10,False,True
U05387,2026-02-10,False,False
U05388,2026-02-10,,False
U05389,2026-02-10,,False
U05390,2026-02-10,True,False
U05391,2026-02-10,,False
U05392,2026-02-10,,True
U05393,2026-02-10,True,False
U05394,2026-02-10,True,True
U05395,2026-02-10,,True
U05396,2026-02-10,,True
U05397,2026-02-10,False,True
U05398,2026-02-10,True,False
U05399,2026-02-10,True,False
U05400,2026-02-10,False,True
U05401,2026-02-10,,True
U05402,2026-02-10,True,True
U05403,2026-02-10,True,True
U05404,2026-02-10,False,True
U05405,2026-02-10,True,True
U05406,2026-02-10,,True
U05407,2026-02-10,True,False
U05408,2026-02-10,False,True
U05409,2026-02-10,False,False
U05410,2026-02-10,,False
U05411,2026-02-10,True,False
U05412,2026-02-10,False,False
U05413,2026-02-10,False,True
U05414,2026-02-10,False,False
U05415,2026-02-10,,False
U05416,2026-02-10,,True
U05417,2026-02-10,,False
U05418,2026-02-10,True,False
U05419,2026-02-10,False,False
U05420,2026-02-10,True,False
U05421,2026-02-10,,False
U05422,2026-02-10,False,True
U05423,2026-02-10,False,False
U05424,2026-02-10,,False
U05425,2026-02-10,True,False
U05426,2026-02-10,True,False
U05427,2026-02-10,True,False
U05428,2026-02-10,False,True
U05429,2026-02-10,True,True
U05430,2026-02-10,,True
U05431,2026-02-10,False,False
U05432,2026-02-10,,False
U05433,2026-02-10,True,False
U05434,2026-02-10,True,False
U05435,2026-02-10,False,False
U05436,2026-02-10,True,False
U05437,2026-02-10,True,True
U05438,2026-02-10,,True
U05439,2026-02-10,,True
U05440,2026-02-10,,False
U05441,2026-02-10,True,True
U05442,2026-02-10,False,False
U05443,2026-02-10,,False
U05444,2026-02-10,,True
U05445,2026-02-10,False,True
U05446,2026-02-10,,False
U05447,2026-02-10,True,False
U05448,2026-02-10,False,True
U05449,2026-02-10,True,False
U05450,2026-02-10,,False
U05451,2026-02-10,False,True
U05452,2026-02-10,,True
U05453,2026-02-10,True,True
U05454,2026-02-10,False,False
U05455,2026-02-10,True,True
U05456,2026-02-10,False,True
U05457,2026-02-10,False,True
U05458,2026-02-10,False,True
U05459,2026-02-10,True,False
U05460,2026-02-10,,False
U05461,2026-02-10,True,False
U05462,2026-02-10,,True
U05463,2026-02-10,True,True
U05464,2026-02-10,True,True
U05465,2026-02-10,,True
U05466,2026-02-10,False,False
U05467,2026-02-10,False,False
U05468,2026-02-10,True,False
U05469,2026-02-10,,True
U05470,2026-02-10,False,False
U05471,2026-02-10,True,False
U05472,2026-02-10,False,False
U05473,2026-02-10,True,True
U05474,2026-02-10,True,False
U05475,2026-02-10,,False
U05476,2026-02-10,False,False
U05477,2026-02-10,,True
U05478,2026-02-10,True,True
U05479,2026-02-10,True,True
U05480,2026-02-10,True,True
U05481,2026-02-10,,True
U05482,2026-02-10,False,False
U05483,2026-02-10,,False
U05484,2026-02-10,False,True
U05485,2026-02-10,,True
U05486,2026-02-10,,False
U05487,2026-02-10,True,True
U05488,2026-02-10,True,True
U05489,2026-02-10,True,False
U05490,2026-02-10,True,False
U05491,2026-02-10,True,False
U05492,2026-02-10,True,True
U05493,2026-02-10,True,False
U05494,2026-02-10,,True
U05495,2026-02-10,False,True
U05496,2026-02-10,False,True
U05497,2026-02-10,False,True
U05498,2026-02-10,True,False
U05499,2026-02-10,False,False
U05500,2026-02-10,True,True
U05501,2026-02-10,True,False
U05502,2026-02-10,,True
U05503,2026-02-10,True,True
U05504,2026-02-10,,True
U05505,2026-02-10,True,False
U05506,2026-02-10,,True
U05507,2026-02-10,,True
U05508,2026-02-10,True,False
U05509,2026-02-10,,False
U05510,2026-02-10,True,False
U05511,2026-02-10,False,True
U05512,2026-02-10,False,True
U05513,2026-02-10,False,False
U05514,2026-02-10,True,True
U05515,2026-02-10,,False
U05516,2026-02-10,False,False
U05517,2026-02-10,,True
U05518,2026-02-10,,True
U05519,2026-02-10,False,False
U05520,2026-02-10,,True
U05521,2026-02-10,True,False
U05522,2026-02-10,False,True
U05523,2026-02-10,False,True
U05524,2026-02-10,False,True
U05525,2026-02-10,,True
U05526,2026-02-10,,True
U05527,2026-02-10,,True
U05528,2026-02-10,False,False
U05529,2026-02-10,False,False
U05530,2026-02-10,False,False
U05531,2026-02-10,False,False
U05532,2026-02-10,False,False
U05533,2026-02-10,,False
U05534,2026-02-10,False,True
U05535,2026-02-10,False,False
U05536,2026-02-10,True,False
U05537,2026-02-10,False,True
U05538,2026-02-10,False,False
U05539,2026-02-10,False,False
U05540,2026-02-10,,True
U05541,2026-02-10,False,False
U05542,2026-02-10,True,True
U05543,2026-02-10,False,False
U05544,2026-02-10,True,False
U05545,2026-02-10,,False
U05546,2026-02-10,False,False
U05547,2026-02-10,,False
U05548,2026-02-10,,True
U05549,2026-02-10,,True
U05550,2026-02-10,,False
U05551,2026-02-10,True,False
U05552,2026-02-10,,False
U05553,2026-02-10,True,False
U05554,2026-02-10,,True
U05555,2026-02-10,True,False
U05556,2026-02-10,,True
U05557,2026-02-10,True,False
U05558,2026-02-10,True,False
U05559,2026-02-10,False,True
U05560,2026-02-10,False,False
U05561,2026-02-10,,False
U05562,2026-02-10,,False
U05563,2026-02-10,,False
U05564,2026-02-10,True,False
U05565,2026-02-10,,True
U05566,2026-02-10,False,True
U05567,2026-02-10,False,False
U05568,2026-02-10,True,True
U05569,2026-02-10,True,False
U05570,2026-02-10,False,False
U05571,2026-02-10,,False
U05572,2026-02-10,,False
U05573,2026-02-10,True,False
U05574,2026-02-10,True,False
U05575,2026-02-10,,False
U05576,2026-02-10,,True
U05577,2026-02-10,False,False
U05578,2026-02-10,False,False
U05579,2026-02-10,True,True
U05580,2026-02-10,True,True
U05581,2026-02-10,False,True
U05582,2026-02-10,True,True
U05583,2026-02-10,False,True
U05584,2026-02-10,,False
U05585,2026-02-10,True,True
U05586,2026-02-10,,False
U05587,2026-02-10,True,True
U05588,2026-02-10,,True
U05589,2026-02-10,True,True
U05590,2026-02-10,False,False
U05591,2026-02-10,False,False
U05592,2026-02-10,True,True
U05593,2026-02-10,True,False
U05594,2026-02-10,,False
U05595,2026-02-10,True,True
U05596,2026-02-10,True,False
U05597,2026-02-10,True,True
U05598,2026-02-10,False,True
U05599,2026-02-10,,True
U05600,2026-02-10,True,True
U05601,2026-02-10,,False
U05602,2026-02-10,False,True
U05603,2026-02-10,True,True
U05604,2026-02-10,False,True
U05605,2026-02-10,True,False
U05606,2026-02-10,,True
U05607,2026-02-10,True,True
U05608,2026-02-10,False,True
U05609,2026-02-10,True,True
U05610,2026-02-10,,False
U05611,2026-02-10,False,False
U05612,2026-02-10,False,True
U05613,2026-02-10,True,True
U05614,2026-02-10,True,False
U05615,2026-02-10,,False
U05616,2026-02-10,False,True
U05617,2026-02-10,,False
U05618,2026-02-10,,False
U05619,2026-02-10,True,False
U05620,2026-02-10,True,False
U05621,2026-02-10,False,False
U05622,2026-02-10,False,True
U05623,2026-02-10,False,False
U05624,2026-02-10,False,True
U05625,2026-02-10,False,True
U05626,2026-02-10,,True
U05627,2026-02-10,,False
U05628,2026-02-10,True,False
U05629,2026-02-10,True,True
U05630,2026-02-10,False,False
U05631,2026-02-10,False,False
U05632,2026-02-10,True,False
U05633,2026-02-10,True,False
U05634,2026-02-10,,False
U05635,2026-02-10,True,True
U05636,2026-02-10,,True
U05637,2026-02-10,False,True
U05638,2026-02-10,False,False
U05639,2026-02-10,False,False
U05640,2026-02-10,True,False
U05641,2026-02-10,False,False
U05642,2026-02-10,False,True
U05643,2026-02-10,False,False
U05644,2026-02-10,False,True
U05645,2026-02-10,False,False
U05646,2026-02-10,False,False
U05647,2026-02-10,True,True
U05648,2026-02-10,True,True
U05649,2026-02-10,True,False
U05650,2026-02-10,False,True
U05651,2026-02-10,True,True
U05652,2026-02-10,,True
U05653,2026-02-10,True,True
U05654,2026-02-10,False,True
U05655,2026-02-10,,False
U05656,2026-02-10,False,True
U05657,2026-02-10,False,True
U05658,2026-02-10,False,False
U05659,2026-02-10,True,True
U05660,2026-02-10,False,False
U05661,2026-02-10,True,True
U05662,2026-02-10,True,True
U05663,2026-02-10,,True
U05664,2026-02-10,,True
U05665,2026-02-10,False,False
U05666,2026-02-10,False,True
U05667,2026-02-10,True,True
U05668,2026-02-10,True,True
U05669,2026-02-10,True,True
U05670,2026-02-10,False,True
U05671,2026-02-10,,True
U05672,2026-02-10,False,False
U05673,2026-02-10,,True
U05674,2026-02-10,True,True
U05675,2026-02-10,True,True
U05676,2026-02-10,False,True
U05677,2026-02-10,False,True
U05678,2026-02-10,,True
U05679,2026-02-10,False,True
U05680,2026-02-10,True,True
U05681,2026-02-10,False,True
U05682,2026-02-10,True,True
U05683,2026-02-10,,False
U05684,2026-02-10,,False
U05685,2026-02-10,False,True
U05686,2026-02-10,False,True
U05687,2026-02-10,,True
U05688,2026-02-10,,True
U05689,2026-02-10,True,True
U05690,2026-02-10,True,False
U05691,2026-02-10,True,True
U05692,2026-02-10,False,False
U05693,2026-02-10,,False
U05694,2026-02-10,,False
U05695,2026-02-10,,False
U05696,2026-02-10,,False
U05697,2026-02-10,,False
U05698,2026-02-10,,False
U05699,2026-02-10,False,False
U05700,2026-02-10,True,False
U05701,2026-02-10,True,True
U05702,2026-02-10,True,True
U05703,2026-02-10,,False
U05704,2026-02-10,False,True
U05705,2026-02-10,,False
U05706,2026-02-10,False,False
U05707,2026-02-10,False,False
U05708,2026-02-10,True,False
U05709,2026-02-10,False,True
U05710,2026-02-10,True,True
U05711,2026-02-10,False,True
U05712,2026-02-10,False,True
U05713,2026-02-10,,False
U05714,2026-02-10,False,True
U05715,2026-02-10,True,True
U05716,2026-02-10,True,False
U05717,2026-02-10,False,False
U05718,2026-02-10,False,False
U05719,2026-02-10,,False
U05720,2026-02-10,False,True
U05721,2026-02-10,False,True
U05722,2026-02-10,False,True
U05723,2026-02-10,True,True
U05724,2026-02-10,,True
U05725,2026-02-10,False,False
U05726,2026-02-10,True,False
U05727,2026-02-10,False,False
U05728,2026-02-10,,False
U05729,2026-02-10,True,False
U05730,2026-02-10,False,False
U05731,2026-02-10,True,False
U05732,2026-02-10,True,False
U05733,2026-02-10,False,True
U05734,2026-02-10,False,True
U05735,2026-02-10,True,True
U05736,2026-02-10,True,False
U05737,2026-02-10,True,True
U05738,2026-02-10,,True
U05739,2026-02-10,,False
U05740,2026-02-10,True,False
U05741,2026-02-10,False,False
U05742,2026-02-10,,False
U05743,2026-02-10,False,False
U05744,2026-02-10,False,False
U05745,2026-02-10,True,True
U05746,2026-02-10,False,False
U05747,2026-02-10,False,True
U05748,2026-02-10,,True
U05749,2026-02-10,True,False
U05750,2026-02-10,False,False
U05751,2026-02-10,,False
U05752,2026-02-10,True,True
U05753,2026-02-10,True,True
U05754,2026-02-10,,False
U05755,2026-02-10,False,False
U05756,2026-02-10,True,True
U05757,2026-02-10,True,False
U05758,2026-02-10,True,True
U05759,2026-02-10,True,False
U05760,2026-02-10,,True
U05761,2026-02-10,False,True
U05762,2026-02-10,False,False
U05763,2026-02-10,True,True
U05764,2026-02-10,True,True
U05765,2026-02-10,True,False
U05766,2026-02-10,,False
U05767,2026-02-10,True,True
U05768,2026-02-10,False,True
U05769,2026-02-10,,False
U05770,2026-02-10,True,True
U05771,2026-02-10,,False
U05772,2026-02-10,False,False
U05773,2026-02-10,False,False
U05774,2026-02-10,,False
U05775,2026-02-10,,False
U05776,2026-02-10,,True
U05777,2026-02-10,,False
U05778,2026-02-10,,True
U05779,2026-02-10,True,True
U05780,2026-02-10,False,False
U05781,2026-02-10,False,False
U05782,2026-02-10,,False
U05783,2026-02-10,False,False
U05784,2026-02-10,True,False
U05785,2026-02-10,False,True
U05786,2026-02-10,True,True
U05787,2026-02-10,True,True
U05788,2026-02-10,False,True
U05789,2026-02-10,True,False
U05790,2026-02-10,False,False
U05791,2026-02-10,False,False
U05792,2026-02-10,False,True
U05793,2026-02-10,True,True
U05794,2026-02-10,,False
U05795,2026-02-10,,True
U05796,2026-02-10,False,True
U05797,2026-02-10,False,False
U05798,2026-02-10,False,True
U05799,2026-02-10,False,False
U05800,2026-02-10,True,False
U05801,2026-02-10,False,True
U05802,2026-02-10,False,True
U05803,2026-02-10,False,False
U05804,2026-02-10,False,True
U05805,2026-02-10,False,False
U05806,2026-02-10,True,False
U05807,2026-02-10,True,True
U05808,2026-02-10,False,True
U05809,2026-02-10,,False
U05810,2026-02-10,,False
U05811,2026-02-10,True,True
U05812,2026-02-10,True,True
U05813,2026-02-10,,True
U05814,2026-02-10,True,False
U05815,2026-02-10,False,True
U05816,2026-02-10,,True
U05817,2026-02-10,True,True
U05818,2026-02-10,False,True
U05819,2026-02-10,True,True
U05820,2026-02-10,False,False
U05821,2026-02-10,,False
U05822,2026-02-10,,True
U05823,2026-02-10,True,True
U05824,2026-02-10,False,False
U05825,2026-02-10,True,True
U05826,2026-02-10,,True
U05827,2026-02-10,True,True
U05828,2026-02-10,True,True
U05829,2026-02-10,False,False
U05830,2026-02-10,True,False
U05831,2026-02-10,,False
U05832,2026-02-10,,True
U05833,2026-02-10,,False
U05834,2026-02-10,True,True
U05835,2026-02-10,False,False
U05836,2026-02-10,True,True
U05837,2026-02-10,False,True
U05838,2026-02-10,,False
U05839,2026-02-10,True,False
U05840,2026-02-10,False,True
U05841,2026-02-10,,False
U05842,2026-02-10,False,False
U05843,2026-02-10,,False
U05844,2026-02-10,False,False
U05845,2026-02-10,False,True
U05846,2026-02-10,False,False
U05847,2026-02-10,True,True
U05848,2026-02-10,False,True
U05849,2026-02-10,,True
U05850,2026-02-10,True,True
U05851,2026-02-10,True,True
U05852,2026-02-10,True,True
U05853,2026-02-10,False,True
U05854,2026-02-10,True,True
U05855,2026-02-10,False,False
U05856,2026-02-10,,False
U05857,2026-02-10,,True
U05858,2026-02-10,,False
U05859,2026-02-10,False,False
U05860,2026-02-10,True,False
U05861,2026-02-10,,True
U05862,2026-02-10,False,True
U05863,2026-02-10,False,True
U05864,2026-02-10,False,True
U05865,2026-02-10,False,True
U05866,2026-02-10,True,True
U05867,2026-02-10,False,False
U05868,2026-02-10,True,False
U05869,2026-02-10,False,False
U05870,2026-02-10,,False
U05871,2026-02-10,False,True
U05872,2026-02-10,False,False
U05873,2026-02-10,,False
U05874,2026-02-10,,True
U05875,2026-02-10,True,True
U05876,2026-02-10,False,False
U05877,2026-02-10,True,False
U05878,2026-02-10,False,True
U05879,2026-02-10,True,True
U05880,2026-02-10,True,False
U05881,2026-02-10,False,True
U05882,2026-02-10,,True
U05883,2026-02-10,False,True
U05884,2026-02-10,True,False
U05885,2026-02-10,,False
U05886,2026-02-10,,False
U05887,2026-02-10,False,True
U05888,2026-02-10,True,False
U05889,2026-02-10,,True
U05890,2026-02-10,True,True
U05891,2026-02-10,False,False
U05892,2026-02-10,,False
U05893,2026-02-10,,True
U05894,2026-02-10,False,True
U05895,2026-02-10,False,False
U05896,2026-02-10,,False
U05897,2026-02-10,True,False
U05898,2026-02-10,False,True
U05899,2026-02-10,False,True
U05900,2026-02-10,False,False
U05901,2026-02-10,False,True
U05902,2026-02-10,False,True
U05903,2026-02-10,False,False
U05904,2026-02-10,False,True
U05905,2026-02-10,True,False
U05906,2026-02-10,False,False
U05907,2026-02-10,True,True
U05908,2026-02-10,True,True
U05909,2026-02-10,False,True
U05910,2026-02-10,False,True
U05911,2026-02-10,False,True
U05912,2026-02-10,True,False
U05913,2026-02-10,,False
U05914,2026-02-10,True,False
U05915,2026-02-10,,True
U05916,2026-02-10,False,True
U05917,2026-02-10,,False
U05918,2026-02-10,True,True
U05919,2026-02-10,False,False
U05920,2026-02-10,True,True
U05921,2026-02-10,True,False
U05922,2026-02-10,True,False
U05923,2026-02-10,,True
U05924,2026-02-10,False,True
U05925,2026-02-10,True,True
U05926,2026-02-10,,False
U05927,2026-02-10,True,False
U05928,2026-02-10,,False
U05929,2026-02-10,False,True
U05930,2026-02-10,False,True
U05931,2026-02-10,,True
U05932,2026-02-10,False,True
U05933,2026-02-10,False,False
U05934,2026-02-10,,True
U05935,2026-02-10,True,True
U05936,2026-02-10,True,True
U05937,2026-02-10,True,True
U05938,2026-02-10,False,True
U05939,2026-02-10,True,False
U05940,2026-02-10,False,True
U05941,2026-02-10,,False
U05942,2026-02-10,,True
U05943,2026-02-10,False,False
U05944,2026-02-10,True,False
U05945,2026-02-10,True,False
U05946,2026-02-10,True,False
U05947,2026-02-10,True,False
U05948,2026-02-10,,True
U05949,2026-02-10,,True
U05950,2026-02-10,True,True
U05951,2026-02-10,True,False
U05952,2026-02-10,True,True
U05953,2026-02-10,False,False
U05954,2026-02-10,True,False
U05955,2026-02-10,False,False
U05956,2026-02-10,True,False
U05957,2026-02-10,True,True
U05958,2026-02-10,True,False
U05959,2026-02-10,,True
U05960,2026-02-10,,True
U05961,2026-02-10,,False
U05962,2026-02-10,,False
U05963,2026-02-10,False,False
U05964,2026-02-10,,False
U05965,2026-02-10,True,True
U05966,2026-02-10,True,False
U05967,2026-02-10,True,True
U05968,2026-02-10,,False
U05969,2026-02-10,True,False
U05970,2026-02-10,,False
U05971,2026-02-10,False,True
U05972,2026-02-10,False,False
U05973,2026-02-10,True,True
U05974,2026-02-10,True,True
U05975,2026-02-10,,True
U05976,2026-02-10,False,False
U05977,2026-02-10,,False
U05978,2026-02-10,True,True
U05979,2026-02-10,,False
U05980,2026-02-10,True,False
U05981,2026-02-10,,False
U05982,2026-02-10,False,True
U05983,2026-02-10,True,True
U05984,2026-02-10,False,True
U05985,2026-02-10,,False
U05986,2026-02-10,False,True
U05987,2026-02-10,False,False
U05988,2026-02-10,False,True
U05989,2026-02-10,,False
U05990,2026-02-10,True,False
U05991,2026-02-10,False,False
U05992,2026-02-10,False,True
U05993,2026-02-10,True,False
U05994,2026-02-10,False,True
U05995,2026-02-10,,True
U05996,2026-02-10,True,True
U05997,2026-02-10,False,True
U05998,2026-02-10,True,False
U05999,2026-02-10,False,False
U06000,2026-02-10,True,True
U06001,2026-02-10,,True
U06002,2026-02-10,,True
U06003,2026-02-10,True,True
U06004,2026-02-10,False,False
U06005,2026-02-10,,True
U06006,2026-02-10,,False
U06007,2026-02-10,,False
U06008,2026-02-10,True,False
U06009,2026-02-10,True,False
U06010,2026-02-10,False,True
U06011,2026-02-10,,False
U06012,2026-02-10,False,True
U06013,2026-02-10,True,True
U06014,2026-02-10,True,True
U06015,2026-02-10,True,False
U06016,2026-02-10,True,False
U06017,2026-02-10,False,False
U06018,2026-02-10,,True
U06019,2026-02-10,False,True
U06020,2026-02-10,,True
U06021,2026-02-10,True,False
U06022,2026-02-10,True,True
U06023,2026-02-10,,True
U06024,2026-02-10,,True
U06025,2026-02-10,False,True
U06026,2026-02-10,,True
U06027,2026-02-10,True,True
U06028,2026-02-10,False,True
U06029,2026-02-10,,False
U06030,2026-02-10,,True
U06031,2026-02-10,False,True
U06032,2026-02-10,True,False
U06033,2026-02-10,True,False
U06034,2026-02-10,True,False
U06035,2026-02-10,False,True
U06036,2026-02-10,False,False
U06037,2026-02-10,,False
U06038,2026-02-10,False,True
U06039,2026-02-10,,True
U06040,2026-02-10,,False
U06041,2026-02-10,False,False
U06042,2026-02-10,True,True
U06043,2026-02-10,False,True
U06044,2026-02-10,,False
U06045,2026-02-10,,True
U06046,2026-02-10,,True
U06047,2026-02-10,,True
U06048,2026-02-10,,True
U06049,2026-02-10,True,True
U06050,2026-02-10,True,True
U06051,2026-02-10,,True
U06052,2026-02-10,,True
U06053,2026-02-10,,False
U06054,2026-02-10,True,True
U06055,2026-02-10,False,True
U06056,2026-02-10,,True
U06057,2026-02-10,,True
U06058,2026-02-10,,True
U06059,2026-02-10,,True
U06060,2026-02-10,False,True
U06061,2026-02-10,False,True
U06062,2026-02-10,False,True
U06063,2026-02-10,True,True
U06064,2026-02-10,False,False
U06065,2026-02-10,False,False
U06066,2026-02-10,,False
U06067,2026-02-10,False,True
U06068,2026-02-10,,True
U06069,2026-02-10,True,False
U06070,2026-02-10,False,True
U06071,2026-02-10,,True
U06072,2026-02-10,False,False
U06073,2026-02-10,False,False
U06074,2026-02-10,True,False
U06075,2026-02-10,True,False
U06076,2026-02-10,False,True
U06077,2026-02-10,True,True
U06078,2026-02-10,,False
U06079,2026-02-10,,False
U06080,2026-02-10,True,False
U06081,2026-02-10,True,False
U06082,2026-02-10,True,False
U06083,2026-02-10,False,True
U06084,2026-02-10,False,True
U06085,2026-02-10,False,True
U06086,2026-02-10,,False
U06087,2026-02-10,False,False
U06088,2026-02-10,,True
U06089,2026-02-10,False,True
U06090,2026-02-10,,False
U06091,2026-02-10,False,False
U06092,2026-02-10,False,True
U06093,2026-02-10,False,True
U06094,2026-02-10,False,True
U06095,2026-02-10,True,True
U06096,2026-02-10,,False
U06097,2026-02-10,False,True
U06098,2026-02-10,,True
U06099,2026-02-10,True,False
U06100,2026-02-10,,False
U06101,2026-02-10,,False
U06102,2026-02-10,,True
U06103,2026-02-10,False,False
U06104,2026-02-10,,False
U06105,2026-02-10,True,True
U06106,2026-02-10,,True
U06107,2026-02-10,True,False
U06108,2026-02-10,False,True
U06109,2026-02-10,,True
U06110,2026-02-10,,False
U06111,2026-02-10,,True
U06112,2026-02-10,True,True
U06113,2026-02-10,False,False
U06114,2026-02-10,,False
U06115,2026-02-10,True,False
U06116,2026-02-10,True,True
U06117,2026-02-10,True,False
U06118,2026-02-10,,False
U06119,2026-02-10,False,False
U06120,2026-02-10,,True
U06121,2026-02-10,,False
U06122,2026-02-10,,False
U06123,2026-02-10,True,False
U06124,2026-02-10,False,True
U06125,2026-02-10,True,False
U06126,2026-02-10,True,False
U06127,2026-02-10,False,False
U06128,2026-02-10,True,False
U06129,2026-02-10,False,True
U06130,2026-02-10,False,True
U06131,2026-02-10,,True
U06132,2026-02-10,True,True
U06133,2026-02-10,True,False
U06134,2026-02-10,True,True
U06135,2026-02-10,False,False
U06136,2026-02-10,,True
U06137,2026-02-10,True,False
U06138,2026-02-10,,True
U06139,2026-02-10,True,True
U06140,2026-02-10,True,False
U06141,2026-02-10,True,True
U06142,2026-02-10,False,True
U06143,2026-02-10,,False
U06144,2026-02-10,True,False
U06145,2026-02-10,,False
U06146,2026-02-10,True,True
U06147,2026-02-10,False,True
U06148,2026-02-10,,True
U06149,2026-02-10,True,False
U06150,2026-02-10,,True
U06151,2026-02-10,True,False
U06152,2026-02-10,,False
U06153,2026-02-10,,True
U06154,2026-02-10,,True
U06155,2026-02-10,False,True
U06156,2026-02-10,False,False
U06157,2026-02-10,True,True
U06158,2026-02-10,,True
U06159,2026-02-10,,False
U06160,2026-02-10,True,False
U06161,2026-02-10,,False
U06162,2026-02-10,False,False
U06163,2026-02-10,,True
U06164,2026-02-10,True,True
U06165,2026-02-10,,True
U06166,2026-02-10,,False
U06167,2026-02-10,True,True
U06168,2026-02-10,True,True
U06169,2026-02-10,,True
U06170,2026-02-10,,True
U06171,2026-02-10,True,True
U06172,2026-02-10,True,True
U06173,2026-02-10,False,False
U06174,2026-02-10,True,False
U06175,2026-02-10,True,True
U06176,2026-02-10,True,True
U06177,2026-02-10,,True
U06178,2026-02-10,False,False
U06179,2026-02-10,,False
U06180,2026-02-10,True,True
U06181,2026-02-10,True,False
U06182,2026-02-10,False,True
U06183,2026-02-10,True,False
U06184,2026-02-10,True,True
U06185,2026-02-10,,False
U06186,2026-02-10,True,True
U06187,2026-02-10,True,True
U06188,2026-02-10,True,True
U06189,2026-02-10,False,True
U06190,2026-02-10,False,True
U06191,2026-02-10,,True
U06192,2026-02-10,False,False
U06193,2026-02-10,False,True
U06194,2026-02-10,,True
U06195,2026-02-10,False,False
U06196,2026-02-10,True,False
U06197,2026-02-10,False,False
U06198,2026-02-10,False,True
U06199,2026-02-10,,True
U06200,2026-02-10,True,False
U06201,2026-02-10,False,False
U06202,2026-02-10,,False
U06203,2026-02-10,True,True
U06204,2026-02-10,,True
U06205,2026-02-10,True,True
U06206,2026-02-10,,True
U06207,2026-02-10,,False
U06208,2026-02-10,False,True
U06209,2026-02-10,True,True
U06210,2026-02-10,,True
U06211,2026-02-10,True,True
U06212,2026-02-10,True,True
U06213,2026-02-10,True,True
U06214,2026-02-10,False,True
U06215,2026-02-10,False,False
U06216,2026-02-10,False,True
U06217,2026-02-10,True,True
U06218,2026-02-10,False,False
U06219,2026-02-10,True,True
U06220,2026-02-10,True,True
U06221,2026-02-10,,True
U06222,2026-02-10,,False
U06223,2026-02-10,True,False
U06224,2026-02-10,,True
U06225,2026-02-10,,False
U06226,2026-02-10,False,True
U06227,2026-02-10,,False
U06228,2026-02-10,False,True
U06229,2026-02-10,True,True
U06230,2026-02-10,True,True
U06231,2026-02-10,,True
U06232,2026-02-10,True,False
U06233,2026-02-10,True,True
U06234,2026-02-10,True,True
U06235,2026-02-10,False,True
U06236,2026-02-10,False,False
U06237,2026-02-10,True,True
U06238,2026-02-10,,True
U06239,2026-02-10,False,False
U06240,2026-02-10,False,True
U06241,2026-02-10,,False
U06242,2026-02-10,False,False
U06243,2026-02-10,True,True
U06244,2026-02-10,,True
U06245,2026-02-10,,False
U06246,2026-02-10,False,False
U06247,2026-02-10,,True
U06248,2026-02-10,True,True
U06249,2026-02-10,False,True
U06250,2026-02-10,False,False
U06251,2026-02-10,False,True
U06252,2026-02-10,,False
U06253,2026-02-10,False,True
U06254,2026-02-10,True,True
U06255,2026-02-10,True,False
U06256,2026-02-10,True,False
U06257,2026-02-10,False,False
U06258,2026-02-10,True,False
U06259,2026-02-10,,False
U06260,2026-02-10,,True
U06261,2026-02-10,False,False
U06262,2026-02-10,,True
U06263,2026-02-10,True,False
U06264,2026-02-10,True,False
U06265,2026-02-10,,True
U06266,2026-02-10,False,False
U06267,2026-02-10,,True
U06268,2026-02-10,False,False
U06269,2026-02-10,True,False
U06270,2026-02-10,,True
U06271,2026-02-10,,True
U06272,2026-02-10,,False
U06273,2026-02-10,True,False
U06274,2026-02-10,True,True
U06275,2026-02-10,False,False
U06276,2026-02-10,,False
U06277,2026-02-10,True,True
U06278,2026-02-10,True,True
U06279,2026-02-10,True,False
U06280,2026-02-10,True,True
U06281,2026-02-10,False,False
U06282,2026-02-10,,True
U06283,2026-02-10,,True
U06284,2026-02-10,False,False
U06285,2026-02-10,,True
U06286,2026-02-10,,False
U06287,2026-02-10,False,True
U06288,2026-02-10,,True
U06289,2026-02-10,False,True
U06290,2026-02-10,,True
U06291,2026-02-10,False,False
U06292,2026-02-10,True,True
U06293,2026-02-10,,True
U06294,2026-02-10,True,False
U06295,2026-02-10,,False
U06296,2026-02-10,,True
U06297,2026-02-10,,False
U06298,2026-02-10,False,False
U06299,2026-02-10,True,True
U06300,2026-02-10,True,False
U06301,2026-02-10,,True
U06302,2026-02-10,False,False
U06303,2026-02-10,True,True
U06304,2026-02-10,False,False
U06305,2026-02-10,True,False
U06306,2026-02-10,True,False
U06307,2026-02-10,False,False
U06308,2026-02-10,True,False
U06309,2026-02-10,False,False
U06310,2026-02-10,True,True
U06311,2026-02-10,False,True
U06312,2026-02-10,,False
U06313,2026-02-10,False,True
U06314,2026-02-10,False,True
U06315,2026-02-10,,True
U06316,2026-02-10,,True
U06317,2026-02-10,False,False
U06318,2026-02-10,False,False
U06319,2026-02-10,False,False
U06320,2026-02-10,,True
U06321,2026-02-10,True,True
U06322,2026-02-10,False,True
U06323,2026-02-10,,True
U06324,2026-02-10,False,False
U06325,2026-02-10,,True
U06326,2026-02-10,False,True
U06327,2026-02-10,,False
U06328,2026-02-10,True,False
U06329,2026-02-10,,True
U06330,2026-02-10,False,True
U06331,2026-02-10,True,True
U06332,2026-02-10,True,False
U06333,2026-02-10,True,False
U06334,2026-02-10,,False
U06335,2026-02-10,,True
U06336,2026-02-10,False,True
U06337,2026-02-10,True,True
U06338,2026-02-10,True,True
U06339,2026-02-10,,False
U06340,2026-02-10,,False
U06341,2026-02-10,,True
U06342,2026-02-10,,True
U06343,2026-02-10,,True
U06344,2026-02-10,True,True
U06345,2026-02-10,,True
U06346,2026-02-10,False,True
U06347,2026-02-10,True,False
U06348,2026-02-10,,False
U06349,2026-02-10,True,True
U06350,2026-02-10,False,True
U06351,2026-02-10,,True
U06352,2026-02-10,True,False
U06353,2026-02-10,False,False
U06354,2026-02-10,True,False
U06355,2026-02-10,,False
U06356,2026-02-10,,True
U06357,2026-02-10,True,True
U06358,2026-02-10,True,True
U06359,2026-02-10,True,True
U06360,2026-02-10,False,False
U06361,2026-02-10,True,True
U06362,2026-02-10,,True
U06363,2026-02-10,True,False
U06364,2026-02-10,False,False
U06365,2026-02-10,,False
U06366,2026-02-10,False,False
U06367,2026-02-10,,True
U06368,2026-02-10,,False
U06369,2026-02-10,True,True
U06370,2026-02-10,False,False
U06371,2026-02-10,,False
U06372,2026-02-10,True,True
U06373,2026-02-10,True,False
U06374,2026-02-10,,True
U06375,2026-02-10,True,False
U06376,2026-02-10,True,False
U06377,2026-02-10,True,True
U06378,2026-02-10,False,False
U06379,2026-02-10,False,True
U06380,2026-02-10,,True
U06381,2026-02-10,False,True
U06382,2026-02-10,True,True
U06383,2026-02-10,True,True
U06384,2026-02-10,True,True
U06385,2026-02-10,False,False
U06386,2026-02-10,False,False
U06387,2026-02-10,False,True
U06388,2026-02-10,True,False
U06389,2026-02-10,True,False
U06390,2026-02-10,True,False
U06391,2026-02-10,,True
U06392,2026-02-10,False,True
U06393,2026-02-10,False,True
U06394,2026-02-10,False,False
U06395,2026-02-10,False,False
U06396,2026-02-10,,True
U06397,2026-02-10,,True
U06398,2026-02-10,True,True
U06399,2026-02-10,False,True
U06400,2026-02-10,True,True
U06401,2026-02-10,True,True
U06402,2026-02-10,False,False
U06403,2026-02-10,False,True
U06404,2026-02-10,True,False
U06405,2026-02-10,True,False
U06406,2026-02-10,True,False
U06407,2026-02-10,,True
U06408,2026-02-10,True,True
U06409,2026-02-10,True,False
U06410,2026-02-10,False,False
U06411,2026-02-10,True,False
U06412,2026-02-10,,True
U06413,2026-02-10,False,True
U06414,2026-02-10,False,False
U06415,2026-02-10,False,True
U06416,2026-02-10,,True
U06417,2026-02-10,,False
U06418,2026-02-10,False,True
U06419,2026-02-10,True,True
U06420,2026-02-10,False,True
U06421,2026-02-10,,False
U06422,2026-02-10,True,False
U06423,2026-02-10,False,True
U06424,2026-02-10,False,True
U06425,2026-02-10,False,True
U06426,2026-02-10,True,True
U06427,2026-02-10,,False
U06428,2026-02-10,,True
U06429,2026-02-10,True,True
U06430,2026-02-10,,False
U06431,2026-02-10,False,True
U06432,2026-02-10,,True
U06433,2026-02-10,,False
U06434,2026-02-10,,True
U06435,2026-02-10,False,False
U06436,2026-02-10,,True
U06437,2026-02-10,True,False
U06438,2026-02-10,False,True
U06439,2026-02-10,False,False
U06440,2026-02-10,,False
U06441,2026-02-10,,False
U06442,2026-02-10,,False
U06443,2026-02-10,True,False
U06444,2026-02-10,True,False
U06445,2026-02-10,,False
U06446,2026-02-10,,True
U06447,2026-02-10,True,False
U06448,2026-02-10,,True
U06449,2026-02-10,False,True
U06450,2026-02-10,,False
U06451,2026-02-10,,True
U06452,2026-02-10,True,True
U06453,2026-02-10,True,True
U06454,2026-02-10,True,False
U06455,2026-02-10,True,False
U06456,2026-02-10,False,True
U06457,2026-02-10,False,True
U06458,2026-02-10,,False
U06459,2026-02-10,True,False
U06460,2026-02-10,,True
U06461,2026-02-10,False,False
U06462,2026-02-10,True,False
U06463,2026-02-10,True,True
U06464,2026-02-10,False,True
U06465,2026-02-10,,True
U06466,2026-02-10,False,False
U06467,2026-02-10,,True
U06468,2026-02-10,,True
U06469,2026-02-10,,True
U06470,2026-02-10,False,True
U06471,2026-02-10,False,False
U06472,2026-02-10,,True
U06473,2026-02-10,True,False
U06474,2026-02-10,False,True
U06475,2026-02-10,,True
U06476,2026-02-10,False,False
U06477,2026-02-10,,True
U06478,2026-02-10,False,False
U06479,2026-02-10,True,False
U06480,2026-02-10,,False
U06481,2026-02-10,False,False
U06482,2026-02-10,,True
U06483,2026-02-10,True,True
U06484,2026-02-10,,False
U06485,2026-02-10,False,True
U06486,2026-02-10,,True
U06487,2026-02-10,True,False
U06488,2026-02-10,,False
U06489,2026-02-10,True,False
U06490,2026-02-10,True,False
U06491,2026-02-10,False,True
U06492,2026-02-10,True,False
U06493,2026-02-10,,False
U06494,2026-02-10,,True
U06495,2026-02-10,True,True
U06496,2026-02-10,False,True
U06497,2026-02-10,True,True
U06498,2026-02-10,,False
U06499,2026-02-10,,False
U06500,2026-02-10,False,True
U06501,2026-02-10,True,True
U06502,2026-02-10,False,True
U06503,2026-02-10,True,True
U06504,2026-02-10,,True
U06505,2026-02-10,,False
U06506,2026-02-10,True,True
U06507,2026-02-10,True,False
U06508,2026-02-10,,True
U06509,2026-02-10,,False
U06510,2026-02-10,True,False
U06511,2026-02-10,,True
U06512,2026-02-10,,False
U06513,2026-02-10,True,False
U06514,2026-02-10,False,True
U06515,2026-02-10,,True
U06516,2026-02-10,,False
U06517,2026-02-10,,False
U06518,2026-02-10,,True
U06519,2026-02-10,True,False
U06520,2026-02-10,True,False
U06521,2026-02-10,False,True
U06522,2026-02-10,False,False
U06523,2026-02-10,False,False
U06524,2026-02-10,False,True
U06525,2026-02-10,True,False
U06526,2026-02-10,True,False
U06527,2026-02-10,False,True
U06528,2026-02-10,,True
U06529,2026-02-10,False,True
U06530,2026-02-10,,True
U06531,2026-02-10,,False
U06532,2026-02-10,,False
U06533,2026-02-10,False,True
U06534,2026-02-10,True,True
U06535,2026-02-10,False,True
U06536,2026-02-10,False,False
U06537,2026-02-10,True,True
U06538,2026-02-10,True,True
U06539,2026-02-10,False,True
U06540,2026-02-10,True,True
U06541,2026-02-10,False,False
U06542,2026-02-10,,True
U06543,2026-02-10,True,False
U06544,2026-02-10,False,True
U06545,2026-02-10,False,True
U06546,2026-02-10,False,True
U06547,2026-02-10,True,True
U06548,2026-02-10,,True
U06549,2026-02-10,True,True
U06550,2026-02-10,True,False
U06551,2026-02-10,True,True
U06552,2026-02-10,False,True
U06553,2026-02-10,,False
U06554,2026-02-10,True,False
U06555,2026-02-10,False,False
U06556,2026-02-10,False,True
U06557,2026-02-10,True,True
U06558,2026-02-10,False,True
U06559,2026-02-10,,False
U06560,2026-02-10,False,False
U06561,2026-02-10,,True
U06562,2026-02-10,,True
U06563,2026-02-10,,False
U06564,2026-02-10,True,True
U06565,2026-02-10,False,False
U06566,2026-02-10,,True
U06567,2026-02-10,True,False
U06568,2026-02-10,False,False
U06569,2026-02-10,True,True
U06570,2026-02-10,False,True
U06571,2026-02-10,,False
U06572,2026-02-10,True,False
U06573,2026-02-10,False,True
U06574,2026-02-10,True,False
U06575,2026-02-10,,False
U06576,2026-02-10,,True
U06577,2026-02-10,True,True
U06578,2026-02-10,True,True
U06579,2026-02-10,,True
U06580,2026-02-10,False,True
U06581,2026-02-10,True,True
U06582,2026-02-10,False,False
U06583,2026-02-10,True,False
U06584,2026-02-10,,False
U06585,2026-02-10,,False
U06586,2026-02-10,True,False
U06587,2026-02-10,True,True
U06588,2026-02-10,True,True
U06589,2026-02-10,,False
U06590,2026-02-10,False,True
U06591,2026-02-10,False,True
U06592,2026-02-10,,False
U06593,2026-02-10,,True
U06594,2026-02-10,False,False
U06595,2026-02-10,False,True
U06596,2026-02-10,False,False
U06597,2026-02-10,,True
U06598,2026-02-10,False,False
U06599,2026-02-10,True,False
U06600,2026-02-10,,True
U06601,2026-02-10,True,False
U06602,2026-02-10,True,False
U06603,2026-02-10,,True
U06604,2026-02-10,True,True
U06605,2026-02-10,True,True
U06606,2026-02-10,,False
U06607,2026-02-10,False,True
U06608,2026-02-10,True,False
U06609,2026-02-10,,False
U06610,2026-02-10,True,False
U06611,2026-02-10,,False
U06612,2026-02-10,True,False
U06613,2026-02-10,False,True
U06614,2026-02-10,,True
U06615,2026-02-10,,True
U06616,2026-02-10,True,True
U06617,2026-02-10,False,False
U06618,2026-02-10,False,True
U06619,2026-02-10,,False
U06620,2026-02-10,True,False
U06621,2026-02-10,,False
U06622,2026-02-10,,True
U06623,2026-02-10,True,True
U06624,2026-02-10,True,False
U06625,2026-02-10,True,True
U06626,2026-02-10,,False
U06627,2026-02-10,,False
U06628,2026-02-10,,False
U06629,2026-02-10,,True
U06630,2026-02-10,False,False
U06631,2026-02-10,,True
U06632,2026-02-10,,True
U06633,2026-02-10,False,False
U06634,2026-02-10,False,False
U06635,2026-02-10,True,False
U06636,2026-02-10,True,False
U06637,2026-02-10,True,True
U06638,2026-02-10,,False
U06639,2026-02-10,False,False
U06640,2026-02-10,False,True
U06641,2026-02-10,,True
U06642,2026-02-10,True,False
U06643,2026-02-10,False,False
U06644,2026-02-10,True,True
U06645,2026-02-10,,False
U06646,2026-02-10,False,False
U06647,2026-02-10,False,True
U06648,2026-02-10,,False
U06649,2026-02-10,,False
U06650,2026-02-10,,True
U06651,2026-02-10,True,False
U06652,2026-02-10,,True
U06653,2026-02-10,False,True
U06654,2026-02-10,,False
U06655,2026-02-10,,True
U06656,2026-02-10,False,True
U06657,2026-02-10,,True
U06658,2026-02-10,False,True
U06659,2026-02-10,,False
U06660,2026-02-10,True,False
U06661,2026-02-10,False,False
U06662,2026-02-10,,False
U06663,2026-02-10,,False
U06664,2026-02-10,,True
U06665,2026-02-10,True,True
U06666,2026-02-10,True,False
U06667,2026-02-10,,True
U06668,2026-02-10,,False
U06669,2026-02-10,False,False
U06670,2026-02-10,False,True
U06671,2026-02-10,,False
U06672,2026-02-10,False,False
U06673,2026-02-10,True,True
U06674,2026-02-10,False,False
U06675,2026-02-10,True,True
U06676,2026-02-10,,True
U06677,2026-02-10,,False
U06678,2026-02-10,False,True
U06679,2026-02-10,True,True
U06680,2026-02-10,False,False
U06681,2026-02-10,True,False
U06682,2026-02-10,True,False
U06683,2026-02-10,True,False
U06684,2026-02-10,,False
U06685,2026-02-10,True,False
U06686,2026-02-10,False,True
U06687,2026-02-10,,True
U06688,2026-02-10,False,True
U06689,2026-02-10,,True
U06690,2026-02-10,False,False
U06691,2026-02-10,True,True
U06692,2026-02-10,,True
U06693,2026-02-10,,False
U06694,2026-02-10,False,False
U06695,2026-02-10,True,False
U06696,2026-02-10,,False
U06697,2026-02-10,False,False
U06698,2026-02-10,True,False
U06699,2026-02-10,False,False
U06700,2026-02-10,False,True
U06701,2026-02-10,True,True
U06702,2026-02-10,False,True
U06703,2026-02-10,,True
U06704,2026-02-10,True,False
U06705,2026-02-10,,False
U06706,2026-02-10,True,True
U06707,2026-02-10,True,False
U06708,2026-02-10,,True
U06709,2026-02-10,False,True
U06710,2026-02-10,True,False
U06711,2026-02-10,True,False
U06712,2026-02-10,False,True
U06713,2026-02-10,False,False
U06714,2026-02-10,False,True
U06715,2026-02-10,False,False
U06716,2026-02-10,True,True
U06717,2026-02-10,True,True
U06718,2026-02-10,False,True
U06719,2026-02-10,False,False
U06720,2026-02-10,,True
U06721,2026-02-10,True,False
U06722,2026-02-10,False,False
U06723,2026-02-10,True,True
U06724,2026-02-10,,False
U06725,2026-02-10,True,True
U06726,2026-02-10,False,True
U06727,2026-02-10,True,False
U06728,2026-02-10,True,False
U06729,2026-02-10,False,True
U06730,2026-02-10,,False
U06731,2026-02-10,,True
U06732,2026-02-10,,True
U06733,2026-02-10,False,True
U06734,2026-02-10,False,False
U06735,2026-02-10,True,True
U06736,2026-02-10,,False
U06737,2026-02-10,False,True
U06738,2026-02-10,True,False
U06739,2026-02-10,,False
U06740,2026-02-10,False,True
U06741,2026-02-10,False,False
U06742,2026-02-10,False,False
U06743,2026-02-10,False,False
U06744,2026-02-10,True,True
U06745,2026-02-10,False,False
U06746,2026-02-10,,False
U06747,2026-02-10,,False
U06748,2026-02-10,,False
U06749,2026-02-10,,False
U06750,2026-02-10,False,False
U06751,2026-02-10,,False
U06752,2026-02-10,True,True
U06753,2026-02-10,False,True
U06754,2026-02-10,True,False
U06755,2026-02-10,False,True
U06756,2026-02-10,True,True
U06757,2026-02-10,True,True
U06758,2026-02-10,True,False
U06759,2026-02-10,False,True
U06760,2026-02-10,,True
U06761,2026-02-10,True,True
U06762,2026-02-10,True,True
U06763,2026-02-10,False,False
U06764,2026-02-10,True,True
U06765,2026-02-10,True,False
U06766,2026-02-10,False,False
U06767,2026-02-10,True,True
U06768,2026-02-10,,False
U06769,2026-02-10,,True
U06770,2026-02-10,,True
U06771,2026-02-10,False,False
U06772,2026-02-10,False,False
U06773,2026-02-10,False,False
U06774,2026-02-10,True,False
U06775,2026-02-10,,True
U06776,2026-02-10,False,False
U06777,2026-02-10,,False
U06778,2026-02-10,,False
U06779,2026-02-10,,False
U06780,2026-02-10,True,True
U06781,2026-02-10,True,False
U06782,2026-02-10,,True
U06783,2026-02-10,False,False
U06784,2026-02-10,True,True
U06785,2026-02-10,,True
U06786,2026-02-10,True,True
U06787,2026-02-10,,True
U06788,2026-02-10,True,True
U06789,2026-02-10,True,True
U06790,2026-02-10,,True
U06791,2026-02-10,,True
U06792,2026-02-10,,False
U06793,2026-02-10,,True
U06794,2026-02-10,True,False
U06795,2026-02-10,,True
U06796,2026-02-10,True,True
U06797,2026-02-10,False,False
U06798,2026-02-10,False,True
U06799,2026-02-10,True,False
U06800,2026-02-10,False,True
U06801,2026-02-10,,True
U06802,2026-02-10,False,False
U06803,2026-02-10,,True
U06804,2026-02-10,,False
U06805,2026-02-10,True,True
U06806,2026-02-10,False,False
U06807,2026-02-10,False,False
U06808,2026-02-10,False,False
U06809,2026-02-10,,False
U06810,2026-02-10,False,True
U06811,2026-02-10,False,True
U06812,2026-02-10,,True
U06813,2026-02-10,False,True
U06814,2026-02-10,,True
U06815,2026-02-10,,False
U06816,2026-02-10,False,True
U06817,2026-02-10,,True
U06818,2026-02-10,False,True
U06819,2026-02-10,,True
U06820,2026-02-10,,False
U06821,2026-02-10,True,False
U06822,2026-02-10,True,True
U06823,2026-02-10,False,True
U06824,2026-02-10,True,False
U06825,2026-02-10,,True
U06826,2026-02-10,,True
U06827,2026-02-10,True,False
U06828,2026-02-10,True,True
U06829,2026-02-10,True,True
U06830,2026-02-10,,False
U06831,2026-02-10,True,True
U06832,2026-02-10,,False
U06833,2026-02-10,False,True
U06834,2026-02-10,,False
U06835,2026-02-10,True,True
U06836,2026-02-10,True,True
U06837,2026-02-10,False,False
U06838,2026-02-10,,True
U06839,2026-02-10,,True
U06840,2026-02-10,False,False
U06841,2026-02-10,False,False
U06842,2026-02-10,True,False
U06843,2026-02-10,,False
U06844,2026-02-10,,False
U06845,2026-02-10,True,True
U06846,2026-02-10,False,False
U06847,2026-02-10,True,True
U06848,2026-02-10,,False
U06849,2026-02-10,False,False
U06850,2026-02-10,,False
U06851,2026-02-10,,True
U06852,2026-02-10,True,False
U06853,2026-02-10,,False
U06854,2026-02-10,True,True
U06855,2026-02-10,,True
U06856,2026-02-10,False,True
U06857,2026-02-10,True,True
U06858,2026-02-10,False,True
U06859,2026-02-10,,False
U06860,2026-02-10,,False
U06861,2026-02-10,,True
U06862,2026-02-10,True,False
U06863,2026-02-10,,False
U06864,2026-02-10,True,True
U06865,2026-02-10,True,True
U06866,2026-02-10,True,True
U06867,2026-02-10,True,False
U06868,2026-02-10,False,True
U06869,2026-02-10,,True
U06870,2026-02-10,True,True
U06871,2026-02-10,True,False
U06872,2026-02-10,,False
U06873,2026-02-10,,False
U06874,2026-02-10,,False
U06875,2026-02-10,False,True
U06876,2026-02-10,,False
U06877,2026-02-10,,False
U06878,2026-02-10,True,True
U06879,2026-02-10,,False
U06880,2026-02-10,True,True
U06881,2026-02-10,True,True
U06882,2026-02-10,False,False
U06883,2026-02-10,True,False
U06884,2026-02-10,,True
U06885,2026-02-10,,False
U06886,2026-02-10,True,False
U06887,2026-02-10,True,False
U06888,2026-02-10,True,True
U06889,2026-02-10,,True
U06890,2026-02-10,True,True
U06891,2026-02-10,,True
U06892,2026-02-10,,False
U06893,2026-02-10,,True
U06894,2026-02-10,True,False
U06895,2026-02-10,True,False
U06896,2026-02-10,False,True
U06897,2026-02-10,True,True
U06898,2026-02-10,True,False
U06899,2026-02-10,False,True
U06900,2026-02-10,True,False
U06901,2026-02-10,True,True
U06902,2026-02-10,True,False
U06903,2026-02-10,True,True
U06904,2026-02-10,,True
U06905,2026-02-10,True,True
U06906,2026-02-10,True,True
U06907,2026-02-10,,False
U06908,2026-02-10,False,False
U06909,2026-02-10,,True
U06910,2026-02-10,True,True
U06911,2026-02-10,,True
U06912,2026-02-10,True,True
U06913,2026-02-10,False,False
U06914,2026-02-10,True,True
U06915,2026-02-10,True,True
U06916,2026-02-10,True,True
U06917,2026-02-10,False,True
U06918,2026-02-10,,False
U06919,2026-02-10,,False
U06920,2026-02-10,True,True
U06921,2026-02-10,,True
U06922,2026-02-10,True,False
U06923,2026-02-10,,True
U06924,2026-02-10,False,False
U06925,2026-02-10,False,True
U06926,2026-02-10,,True
U06927,2026-02-10,,True
U06928,2026-02-10,False,False
U06929,2026-02-10,,True
U06930,2026-02-10,True,False
U06931,2026-02-10,True,True
U06932,2026-02-10,True,False
U06933,2026-02-10,True,False
U06934,2026-02-10,,True
U06935,2026-02-10,False,True
U06936,2026-02-10,,False
U06937,2026-02-10,True,True
U06938,2026-02-10,,False
U06939,2026-02-10,False,True
U06940,2026-02-10,True,True
U06941,2026-02-10,,False
U06942,2026-02-10,False,False
U06943,2026-02-10,True,True
U06944,2026-02-10,True,False
U06945,2026-02-10,True,False
U06946,2026-02-10,True,True
U06947,2026-02-10,True,False
U06948,2026-02-10,True,True
U06949,2026-02-10,False,True
U06950,2026-02-10,False,False
U06951,2026-02-10,,False
U06952,2026-02-10,,False
U06953,2026-02-10,False,False
U06954,2026-02-10,True,True
U06955,2026-02-10,True,False
U06956,2026-02-10,True,True
U06957,2026-02-10,True,True
U06958,2026-02-10,False,True
U06959,2026-02-10,False,True
U06960,2026-02-10,False,True
U06961,2026-02-10,False,True
U06962,2026-02-10,,False
U06963,2026-02-10,False,True
U06964,2026-02-10,True,True
U06965,2026-02-10,False,True
U06966,2026-02-10,False,False
U06967,2026-02-10,,True
U06968,2026-02-10,False,True
U06969,2026-02-10,True,True
U06970,2026-02-10,False,True
U06971,2026-02-10,False,False
U06972,2026-02-10,False,True
U06973,2026-02-10,,True
U06974,2026-02-10,True,False
U06975,2026-02-10,True,True
U06976,2026-02-10,True,True
U06977,2026-02-10,True,False
U06978,2026-02-10,False,False
U06979,2026-02-10,,False
U06980,2026-02-10,False,False
U06981,2026-02-10,False,True
U06982,2026-02-10,False,False
U06983,2026-02-10,,False
U06984,2026-02-10,False,False
U06985,2026-02-10,False,True
U06986,2026-02-10,True,False
U06987,2026-02-10,False,True
U06988,2026-02-10,True,False
U06989,2026-02-10,False,False
U06990,2026-02-10,True,True
U06991,2026-02-10,True,True
U06992,2026-02-10,True,True
U06993,2026-02-10,True,True
U06994,2026-02-10,True,False
U06995,2026-02-10,,True
U06996,2026-02-10,True,False
U06997,2026-02-10,False,False
U06998,2026-02-10,True,False
U06999,2026-02-10,True,False
U07000,2026-02-10,,True
U07001,2026-02-10,,True
U07002,2026-02-10,,True
U07003,2026-02-10,,False
U07004,2026-02-10,False,True
U07005,2026-02-10,True,True
U07006,2026-02-10,,True
U07007,2026-02-10,False,True
U07008,2026-02-10,False,True
U07009,2026-02-10,True,True
U07010,2026-02-10,False,False
U07011,2026-02-10,True,True
U07012,2026-02-10,True,False
U07013,2026-02-10,,True
U07014,2026-02-10,False,True
U07015,2026-02-10,True,False
U07016,2026-02-10,False,False
U07017,2026-02-10,False,False
U07018,2026-02-10,True,False
U07019,2026-02-10,True,True
U07020,2026-02-10,,True
U07021,2026-02-10,True,True
U07022,2026-02-10,,False
U07023,2026-02-10,True,False
U07024,2026-02-10,,False
U07025,2026-02-10,False,False
U07026,2026-02-10,,False
U07027,2026-02-10,,False
U07028,2026-02-10,False,True
U07029,2026-02-10,True,True
U07030,2026-02-10,,True
U07031,2026-02-10,False,True
U07032,2026-02-10,,True
U07033,2026-02-10,,False
U07034,2026-02-10,True,False
U07035,2026-02-10,False,False
U07036,2026-02-10,False,False
U07037,2026-02-10,True,True
U07038,2026-02-10,False,True
U07039,2026-02-10,,True
U07040,2026-02-10,True,False
U07041,2026-02-10,True,True
U07042,2026-02-10,True,False
U07043,2026-02-10,False,False
U07044,2026-02-10,False,True
U07045,2026-02-10,False,False
U07046,2026-02-10,,True
U07047,2026-02-10,True,True
U07048,2026-02-10,True,False
U07049,2026-02-10,,False
U07050,2026-02-10,,False
U07051,2026-02-10,True,False
U07052,2026-02-10,True,True
U07053,2026-02-10,,False
U07054,2026-02-10,,True
U07055,2026-02-10,,True
U07056,2026-02-10,,False
U07057,2026-02-10,,True
U07058,2026-02-10,False,True
U07059,2026-02-10,,True
U07060,2026-02-10,False,True
U07061,2026-02-10,True,False
U07062,2026-02-10,,True
U07063,2026-02-10,,False
U07064,2026-02-10,,False
U07065,2026-02-10,False,False
U07066,2026-02-10,,True
U07067,2026-02-10,,True
U07068,2026-02-10,True,False
U07069,2026-02-10,,False
U07070,2026-02-10,,True
U07071,2026-02-10,False,False
U07072,2026-02-10,,False
U07073,2026-02-10,True,False
U07074,2026-02-10,False,True
U07075,2026-02-10,True,True
U07076,2026-02-10,False,False
U07077,2026-02-10,True,False
U07078,2026-02-10,False,False
U07079,2026-02-10,True,True
U07080,2026-02-10,True,False
U07081,2026-02-10,False,True
U07082,2026-02-10,True,False
U07083,2026-02-10,,True
U07084,2026-02-10,,False
U07085,2026-02-10,True,True
U07086,2026-02-10,,False
U07087,2026-02-10,True,False
U07088,2026-02-10,,True
U07089,2026-02-10,True,True
U07090,2026-02-10,False,True
U07091,2026-02-10,,False
U07092,2026-02-10,,True
U07093,2026-02-10,True,True
U07094,2026-02-10,False,True
U07095,2026-02-10,True,True
U07096,2026-02-10,,False
U07097,2026-02-10,True,True
U07098,2026-02-10,True,False
U07099,2026-02-10,,False
U07100,2026-02-10,True,True
U07101,2026-02-10,True,False
U07102,2026-02-10,True,False
U07103,2026-02-10,,True
U07104,2026-02-10,True,False
U07105,2026-02-10,False,False
U07106,2026-02-10,,True
U07107,2026-02-10,True,True
U07108,2026-02-10,False,False
U07109,2026-02-10,,True
U07110,2026-02-10,,False
U07111,2026-02-10,,False
U07112,2026-02-10,False,True
U07113,2026-02-10,,True
U07114,2026-02-10,True,True
U07115,2026-02-10,False,True
U07116,2026-02-10,False,False
U07117,2026-02-10,False,False
U07118,2026-02-10,,True
U07119,2026-02-10,True,True
U07120,2026-02-10,False,True
U07121,2026-02-10,False,False
U07122,2026-02-10,True,True
U07123,2026-02-10,True,False
U07124,2026-02-10,,False
U07125,2026-02-10,True,False
U07126,2026-02-10,,True
U07127,2026-02-10,False,False
U07128,2026-02-10,,False
U07129,2026-02-10,,True
U07130,2026-02-10,False,True
U07131,2026-02-10,,False
U07132,2026-02-10,True,True
U07133,2026-02-10,False,True
U07134,2026-02-10,,False
U07135,2026-02-10,True,False
U07136,2026-02-10,False,True
U07137,2026-02-10,False,True
U07138,2026-02-10,True,False
U07139,2026-02-10,False,True
U07140,2026-02-10,False,False
U07141,2026-02-10,False,True
U07142,2026-02-10,False,False
U07143,2026-02-10,True,False
U07144,2026-02-10,,True
U07145,2026-02-10,,False
U07146,2026-02-10,,False
U07147,2026-02-10,,False
U07148,2026-02-10,False,True
U07149,2026-02-10,,False
U07150,2026-02-10,,False
U07151,2026-02-10,True,False
U07152,2026-02-10,False,False
U07153,2026-02-10,True,True
U07154,2026-02-10,False,True
U07155,2026-02-10,True,False
U07156,2026-02-10,True,False
U07157,2026-02-10,True,True
U07158,2026-02-10,False,True
U07159,2026-02-10,,False
U07160,2026-02-10,False,True
U07161,2026-02-10,True,True
U07162,2026-02-10,False,False
U07163,2026-02-10,,True
U07164,2026-02-10,,True
U07165,2026-02-10,False,True
U07166,2026-02-10,False,False
U07167,2026-02-10,False,True
U07168,2026-02-10,,False
U07169,2026-02-10,,True
U07170,2026-02-10,False,True
U07171,2026-02-10,,True
U07172,2026-02-10,True,False
U07173,2026-02-10,True,True
U07174,2026-02-10,True,True
U07175,2026-02-10,False,True
U07176,2026-02-10,True,False
U07177,2026-02-10,True,True
U07178,2026-02-10,True,False
U07179,2026-02-10,,False
U07180,2026-02-10,True,False
U07181,2026-02-10,True,True
U07182,2026-02-10,True,False
U07183,2026-02-10,False,True
U07184,2026-02-10,False,False
U07185,2026-02-10,,True
U07186,2026-02-10,True,False
U07187,2026-02-10,False,False
U07188,2026-02-10,False,True
U07189,2026-02-10,False,True
U07190,2026-02-10,,True
U07191,2026-02-10,False,False
U07192,2026-02-10,,True
U07193,2026-02-10,True,False
U07194,2026-02-10,False,True
U07195,2026-02-10,,False
U07196,2026-02-10,False,True
U07197,2026-02-10,False,False
U07198,2026-02-10,,True
U07199,2026-02-10,,True
U07200,2026-02-10,,False
U07201,2026-02-10,,True
U07202,2026-02-10,,True
U07203,2026-02-10,False,False
U07204,2026-02-10,,True
U07205,2026-02-10,True,False
U07206,2026-02-10,True,False
U07207,2026-02-10,False,False
U07208,2026-02-10,,True
U07209,2026-02-10,True,False
U07210,2026-02-10,,True
U07211,2026-02-10,False,False
U07212,2026-02-10,False,False
U07213,2026-02-10,,True
U07214,2026-02-10,,False
U07215,2026-02-10,,False
U07216,2026-02-10,False,False
U07217,2026-02-10,,False
U07218,2026-02-10,,True
U07219,2026-02-10,False,False
U07220,2026-02-10,,False
U07221,2026-02-10,False,True
U07222,2026-02-10,True,True
U07223,2026-02-10,,True
U07224,2026-02-10,,True
U07225,2026-02-10,True,False
U07226,2026-02-10,False,True
U07227,2026-02-10,,False
U07228,2026-02-10,,True
U07229,2026-02-10,False,True
U07230,2026-02-10,True,False
U07231,2026-02-10,True,False
U07232,2026-02-10,,True
U07233,2026-02-10,True,False
U07234,2026-02-10,True,False
U07235,2026-02-10,False,True
U07236,2026-02-10,False,True
U07237,2026-02-10,True,False
U07238,2026-02-10,False,False
U07239,2026-02-10,,True
U07240,2026-02-10,False,False
U07241,2026-02-10,True,True
U07242,2026-02-10,True,False
U07243,2026-02-10,True,False
U07244,2026-02-10,,False
U07245,2026-02-10,True,True
U07246,2026-02-10,False,False
U07247,2026-02-10,False,False
U07248,2026-02-10,,False
U07249,2026-02-10,False,False
U07250,2026-02-10,False,True
U07251,2026-02-10,False,False
U07252,2026-02-10,False,True
U07253,2026-02-10,True,False
U07254,2026-02-10,False,False
U07255,2026-02-10,False,False
U07256,2026-02-10,False,False
U07257,2026-02-10,,True
U07258,2026-02-10,,False
U07259,2026-02-10,False,False
U07260,2026-02-10,True,True
U07261,2026-02-10,,True
U07262,2026-02-10,False,True
U07263,2026-02-10,True,False
U07264,2026-02-10,False,False
U07265,2026-02-10,False,True
U07266,2026-02-10,,True
U07267,2026-02-10,False,False
U07268,2026-02-10,,False
U07269,2026-02-10,True,True
U07270,2026-02-10,False,False
U07271,2026-02-10,,False
U07272,2026-02-10,True,True
U07273,2026-02-10,True,False
U07274,2026-02-10,True,True
U07275,2026-02-10,True,True
U07276,2026-02-10,True,False
U07277,2026-02-10,True,False
U07278,2026-02-10,False,False
U07279,2026-02-10,,False
U07280,2026-02-10,False,False
U07281,2026-02-10,True,False
U07282,2026-02-10,,True
U07283,2026-02-10,False,True
U07284,2026-02-10,True,True
U07285,2026-02-10,True,False
U07286,2026-02-10,,True
U07287,2026-02-10,True,False
U07288,2026-02-10,,False
U07289,2026-02-10,,False
U07290,2026-02-10,True,True
U07291,2026-02-10,,True
U07292,2026-02-10,True,False
U07293,2026-02-10,,False
U07294,2026-02-10,False,False
U07295,2026-02-10,,True
U07296,2026-02-10,True,True
U07297,2026-02-10,True,False
U07298,2026-02-10,False,True
U07299,2026-02-10,False,False
U07300,2026-02-10,True,False
U07301,2026-02-10,False,True
U07302,2026-02-10,,False
U07303,2026-02-10,True,True
U07304,2026-02-10,,True
U07305,2026-02-10,True,True
U07306,2026-02-10,True,False
U07307,2026-02-10,True,False
U07308,2026-02-10,False,True
U07309,2026-02-10,False,False
U07310,2026-02-10,,False
U07311,2026-02-10,,True
U07312,2026-02-10,False,False
U07313,2026-02-10,,True
U07314,2026-02-10,False,False
U07315,2026-02-10,,True
U07316,2026-02-10,False,True
U07317,2026-02-10,True,True
U07318,2026-02-10,,False
U07319,2026-02-10,False,False
U07320,2026-02-10,False,True
U07321,2026-02-10,True,False
U07322,2026-02-10,False,False
U07323,2026-02-10,,False
U07324,2026-02-10,False,False
U07325,2026-02-10,False,True
U07326,2026-02-10,True,True
U07327,2026-02-10,True,True
U07328,2026-02-10,True,True
U07329,2026-02-10,,False
U07330,2026-02-10,False,False
U07331,2026-02-10,,True
U07332,2026-02-10,False,False
U07333,2026-02-10,False,True
U07334,2026-02-10,True,False
U07335,2026-02-10,,True
U07336,2026-02-10,False,True
U07337,2026-02-10,True,True
U07338,2026-02-10,,False
U07339,2026-02-10,,True
U07340,2026-02-10,True,False
U07341,2026-02-10,False,True
U07342,2026-02-10,,True
U07343,2026-02-10,True,False
U07344,2026-02-10,True,True
U07345,2026-02-10,False,False
U07346,2026-02-10,,True
U07347,2026-02-10,True,False
U07348,2026-02-10,,True
U07349,2026-02-10,False,True
U07350,2026-02-10,False,True
U07351,2026-02-10,False,True
U07352,2026-02-10,False,True
U07353,2026-02-10,True,True
U07354,2026-02-10,,True
U07355,2026-02-10,,False
U07356,2026-02-10,False,False
U07357,2026-02-10,,False
U07358,2026-02-10,,True
U07359,2026-02-10,False,False
U07360,2026-02-10,True,False
U07361,2026-02-10,False,False
U07362,2026-02-10,,False
U07363,2026-02-10,False,False
U07364,2026-02-10,False,True
U07365,2026-02-10,,True
U07366,2026-02-10,,False
U07367,2026-02-10,,True
U07368,2026-02-10,False,True
U07369,2026-02-10,False,True
U07370,2026-02-10,True,False
U07371,2026-02-10,True,True
U07372,2026-02-10,True,False
U07373,2026-02-10,,False
U07374,2026-02-10,,False
U07375,2026-02-10,,False
U07376,2026-02-10,,True
U07377,2026-02-10,,True
U07378,2026-02-10,False,False
U07379,2026-02-10,False,True
U07380,2026-02-10,False,True
U07381,2026-02-10,False,False
U07382,2026-02-10,,True
U07383,2026-02-10,False,False
U07384,2026-02-10,True,True
U07385,2026-02-10,True,False
U07386,2026-02-10,,False
U07387,2026-02-10,True,False
U07388,2026-02-10,True,True
U07389,2026-02-10,,True
U07390,2026-02-10,,False
U07391,2026-02-10,True,True
U07392,2026-02-10,True,True
U07393,2026-02-10,True,True
U07394,2026-02-10,,False
U07395,2026-02-10,True,False
U07396,2026-02-10,True,True
U07397,2026-02-10,True,True
U07398,2026-02-10,,True
U07399,2026-02-10,True,True
U07400,2026-02-10,True,True
U07401,2026-02-10,True,True
U07402,2026-02-10,True,True
U07403,2026-02-10,True,True
U07404,2026-02-10,True,True
U07405,2026-02-10,,False
U07406,2026-02-10,False,False
U07407,2026-02-10,False,True
U07408,2026-02-10,True,True
U07409,2026-02-10,,False
U07410,2026-02-10,,False
U07411,2026-02-10,True,True
U07412,2026-02-10,,True
U07413,2026-02-10,False,True
U07414,2026-02-10,False,False
U07415,2026-02-10,True,False
U07416,2026-02-10,True,True
U07417,2026-02-10,,False
U07418,2026-02-10,False,True
U07419,2026-02-10,,True
U07420,2026-02-10,,True
U07421,2026-02-10,False,False
U07422,2026-02-10,False,True
U07423,2026-02-10,True,False
U07424,2026-02-10,False,False
U07425,2026-02-10,,False
U07426,2026-02-10,,True
U07427,2026-02-10,True,True
U07428,2026-02-10,True,True
U07429,2026-02-10,False,False
U07430,2026-02-10,True,True
U07431,2026-02-10,False,False
U07432,2026-02-10,False,False
U07433,2026-02-10,False,True
U07434,2026-02-10,False,True
U07435,2026-02-10,,True
U07436,2026-02-10,False,False
U07437,2026-02-10,,False
U07438,2026-02-10,False,False
U07439,2026-02-10,True,True
U07440,2026-02-10,True,False
U07441,2026-02-10,False,False
U07442,2026-02-10,True,True
U07443,2026-02-10,,True
U07444,2026-02-10,False,True
U07445,2026-02-10,False,False
U07446,2026-02-10,True,False
U07447,2026-02-10,,False
U07448,2026-02-10,,False
U07449,2026-02-10,True,True
U07450,2026-02-10,False,True
U07451,2026-02-10,False,False
U07452,2026-02-10,,True
U07453,2026-02-10,False,True
U07454,2026-02-10,False,False
U07455,2026-02-10,True,False
U07456,2026-02-10,,False
U07457,2026-02-10,True,True
U07458,2026-02-10,,False
U07459,2026-02-10,,True
U07460,2026-02-10,False,False
U07461,2026-02-10,,True
U07462,2026-02-10,False,True
U07463,2026-02-10,False,False
U07464,2026-02-10,True,False
U07465,2026-02-10,False,True
U07466,2026-02-10,,False
U07467,2026-02-10,False,True
U07468,2026-02-10,,True
U07469,2026-02-10,True,True
U07470,2026-02-10,True,True
U07471,2026-02-10,False,False
U07472,2026-02-10,False,True
U07473,2026-02-10,False,True
U07474,2026-02-10,False,True
U07475,2026-02-10,,True
U07476,2026-02-10,,False
U07477,2026-02-10,True,True
U07478,2026-02-10,False,False
U07479,2026-02-10,False,False
U07480,2026-02-10,True,False
U07481,2026-02-10,False,False
U07482,2026-02-10,False,True
U07483,2026-02-10,,True
U07484,2026-02-10,False,False
U07485,2026-02-10,False,True
U07486,2026-02-10,True,True
U07487,2026-02-10,,True
U07488,2026-02-10,False,True
U07489,2026-02-10,,False
U07490,2026-02-10,True,False
U07491,2026-02-10,False,True
U07492,2026-02-10,True,True
U07493,2026-02-10,,False
U07494,2026-02-10,False,True
U07495,2026-02-10,False,True
U07496,2026-02-10,,False
U07497,2026-02-10,,False
U07498,2026-02-10,False,True
U07499,2026-02-10,True,False
U07500,2026-02-10,,False
U07501,2026-02-10,False,False
U07502,2026-02-10,True,False
U07503,2026-02-10,False,True
U07504,2026-02-10,True,True
U07505,2026-02-10,True,False
U07506,2026-02-10,False,True
U07507,2026-02-10,,True
U07508,2026-02-10,,True
U07509,2026-02-10,True,False
U07510,2026-02-10,True,False
U07511,2026-02-10,False,False
U07512,2026-02-10,True,False
U07513,2026-02-10,True,True
U07514,2026-02-10,True,False
U07515,2026-02-10,False,True
U07516,2026-02-10,,True
U07517,2026-02-10,,False
U07518,2026-02-10,,False
U07519,2026-02-10,True,True
U07520,2026-02-10,True,False
U07521,2026-02-10,,True
U07522,2026-02-10,True,False
U07523,2026-02-10,,False
U07524,2026-02-10,True,True
U07525,2026-02-10,True,False
U07526,2026-02-10,True,False
U07527,2026-02-10,,False
U07528,2026-02-10,True,False
U07529,2026-02-10,True,True
U07530,2026-02-10,False,True
U07531,2026-02-10,True,True
U07532,2026-02-10,,False
U07533,2026-02-10,True,True
U07534,2026-02-10,False,True
U07535,2026-02-10,,True
U07536,2026-02-10,False,True
U07537,2026-02-10,False,True
U07538,2026-02-10,,True
U07539,2026-02-10,,False
U07540,2026-02-10,True,False
U07541,2026-02-10,True,True
U07542,2026-02-10,True,True
U07543,2026-02-10,True,False
U07544,2026-02-10,True,False
U07545,2026-02-10,,False
U07546,2026-02-10,,True
U07547,2026-02-10,True,False
U07548,2026-02-10,False,True
U07549,2026-02-10,,False
U07550,2026-02-10,,False
U07551,2026-02-10,,False
U07552,2026-02-10,True,True
U07553,2026-02-10,,False
U07554,2026-02-10,False,True
U07555,2026-02-10,False,False
U07556,2026-02-10,True,False
U07557,2026-02-10,False,False
U07558,2026-02-10,True,False
U07559,2026-02-10,,True
U07560,2026-02-10,,True
U07561,2026-02-10,False,True
U07562,2026-02-10,False,True
U07563,2026-02-10,True,True
U07564,2026-02-10,True,False
U07565,2026-02-10,False,True
U07566,2026-02-10,True,False
U07567,2026-02-10,,False
U07568,2026-02-10,True,True
U07569,2026-02-10,True,False
U07570,2026-02-10,False,True
U07571,2026-02-10,,False
U07572,2026-02-10,False,False
U07573,2026-02-10,,True
U07574,2026-02-10,False,True
U07575,2026-02-10,False,True
U07576,2026-02-10,False,False
U07577,2026-02-10,,False
U07578,2026-02-10,True,False
U07579,2026-02-10,False,True
U07580,2026-02-10,,True
U07581,2026-02-10,,False
U07582,2026-02-10,False,True
U07583,2026-02-10,,False
U07584,2026-02-10,True,False
U07585,2026-02-10,True,False
U07586,2026-02-10,,False
U07587,2026-02-10,False,True
U07588,2026-02-10,,True
U07589,2026-02-10,False,False
U07590,2026-02-10,True,False
U07591,2026-02-10,False,False
U07592,2026-02-10,,True
U07593,2026-02-10,False,False
U07594,2026-02-10,False,False
U07595,2026-02-10,False,True
U07596,2026-02-10,False,False
U07597,2026-02-10,True,True
U07598,2026-02-10,,True
U07599,2026-02-10,,True
U07600,2026-02-10,,True
U07601,2026-02-10,,False
U07602,2026-02-10,False,True
U07603,2026-02-10,True,False
U07604,2026-02-10,,False
U07605,2026-02-10,,True
U07606,2026-02-10,,True
U07607,2026-02-10,True,True
U07608,2026-02-10,True,True
U07609,2026-02-10,False,False
U07610,2026-02-10,True,True
U07611,2026-02-10,True,False
U07612,2026-02-10,False,False
U07613,2026-02-10,,False
U07614,2026-02-10,True,True
U07615,2026-02-10,True,True
U07616,2026-02-10,False,False
U07617,2026-02-10,True,False
U07618,2026-02-10,False,True
U07619,2026-02-10,,True
U07620,2026-02-10,True,True
U07621,2026-02-10,,True
U07622,2026-02-10,True,False
U07623,2026-02-10,False,False
U07624,2026-02-10,True,True
U07625,2026-02-10,True,False
U07626,2026-02-10,,True
U07627,2026-02-10,True,False
U07628,2026-02-10,True,False
U07629,2026-02-10,True,True
U07630,2026-02-10,False,False
U07631,2026-02-10,False,False
U07632,2026-02-10,True,False
U07633,2026-02-10,False,True
U07634,2026-02-10,False,True
U07635,2026-02-10,False,True
U07636,2026-02-10,True,False
U07637,2026-02-10,,True
U07638,2026-02-10,False,False
U07639,2026-02-10,,True
U07640,2026-02-10,True,True
U07641,2026-02-10,True,True
U07642,2026-02-10,False,False
U07643,2026-02-10,,True
U07644,2026-02-10,False,True
U07645,2026-02-10,True,True
U07646,2026-02-10,True,False
U07647,2026-02-10,False,True
U07648,2026-02-10,True,True
U07649,2026-02-10,False,True
U07650,2026-02-10,,False
U07651,2026-02-10,True,True
U07652,2026-02-10,,False
U07653,2026-02-10,,True
U07654,2026-02-10,True,False
U07655,2026-02-10,,True
U07656,2026-02-10,,False
U07657,2026-02-10,False,True
U07658,2026-02-10,False,False
U07659,2026-02-10,True,True
U07660,2026-02-10,False,False
U07661,2026-02-10,True,True
U07662,2026-02-10,True,False
U07663,2026-02-10,False,True
U07664,2026-02-10,,True
U07665,2026-02-10,False,False
U07666,2026-02-10,,True
U07667,2026-02-10,True,False
U07668,2026-02-10,,False
U07669,2026-02-10,False,False
U07670,2026-02-10,True,True
U07671,2026-02-10,False,False
U07672,2026-02-10,,True
U07673,2026-02-10,,True
U07674,2026-02-10,,True
U07675,2026-02-10,,False
U07676,2026-02-10,False,False
U07677,2026-02-10,True,True
U07678,2026-02-10,True,False
U07679,2026-02-10,False,False
U07680,2026-02-10,False,True
U07681,2026-02-10,False,False
U07682,2026-02-10,True,True
U07683,2026-02-10,True,False
U07684,2026-02-10,True,True
U07685,2026-02-10,False,True
U07686,2026-02-10,False,False
U07687,2026-02-10,False,True
U07688,2026-02-10,False,True
U07689,2026-02-10,False,True
U07690,2026-02-10,False,False
U07691,2026-02-10,True,True
U07692,2026-02-10,,True
U07693,2026-02-10,,True
U07694,2026-02-10,True,True
U07695,2026-02-10,False,False
U07696,2026-02-10,True,True
U07697,2026-02-10,True,True
U07698,2026-02-10,,True
U07699,2026-02-10,,False
U07700,2026-02-10,,True
U07701,2026-02-10,False,True
U07702,2026-02-10,True,False
U07703,2026-02-10,,False
U07704,2026-02-10,True,True
U07705,2026-02-10,True,True
U07706,2026-02-10,True,False
U07707,2026-02-10,False,False
U07708,2026-02-10,True,True
U07709,2026-02-10,,True
U07710,2026-02-10,False,False
U07711,2026-02-10,False,False
U07712,2026-02-10,,False
U07713,2026-02-10,False,True
U07714,2026-02-10,True,True
U07715,2026-02-10,,False
U07716,2026-02-10,False,True
U07717,2026-02-10,False,True
U07718,2026-02-10,True,True
U07719,2026-02-10,False,True
U07720,2026-02-10,True,True
U07721,2026-02-10,False,False
U07722,2026-02-10,False,True
U07723,2026-02-10,True,False
U07724,2026-02-10,False,False
U07725,2026-02-10,True,True
U07726,2026-02-10,True,False
U07727,2026-02-10,True,True
U07728,2026-02-10,False,True
U07729,2026-02-10,True,True
U07730,2026-02-10,True,True
U07731,2026-02-10,False,True
U07732,2026-02-10,True,True
U07733,2026-02-10,True,False
U07734,2026-02-10,,True
U07735,2026-02-10,,False
U07736,2026-02-10,,True
U07737,2026-02-10,,False
U07738,2026-02-10,,True
U07739,2026-02-10,False,True
U07740,2026-02-10,True,False
U07741,2026-02-10,True,False
U07742,2026-02-10,False,True
U07743,2026-02-10,,False
U07744,2026-02-10,,False
U07745,2026-02-10,,False
U07746,2026-02-10,True,True
U07747,2026-02-10,False,True
U07748,2026-02-10,,True
U07749,2026-02-10,False,True
U07750,2026-02-10,False,True
U07751,2026-02-10,True,False
U07752,2026-02-10,,True
U07753,2026-02-10,,False
U07754,2026-02-10,True,False
U07755,2026-02-10,False,False
U07756,2026-02-10,True,True
U07757,2026-02-10,,True
U07758,2026-02-10,True,False
U07759,2026-02-10,True,True
U07760,2026-02-10,True,True
U07761,2026-02-10,,True
U07762,2026-02-10,,False
U07763,2026-02-10,,True
U07764,2026-02-10,,True
U07765,2026-02-10,True,True
U07766,2026-02-10,True,False
U07767,2026-02-10,True,False
U07768,2026-02-10,False,False
U07769,2026-02-10,False,True
U07770,2026-02-10,,True
U07771,2026-02-10,,True
U07772,2026-02-10,True,False
U07773,2026-02-10,False,True
U07774,2026-02-10,,True
U07775,2026-02-10,,True
U07776,2026-02-10,,True
U07777,2026-02-10,True,True
U07778,2026-02-10,,True
U07779,2026-02-10,True,False
U07780,2026-02-10,,True
U07781,2026-02-10,True,True
U07782,2026-02-10,True,False
U07783,2026-02-10,False,False
U07784,2026-02-10,True,True
U07785,2026-02-10,True,False
U07786,2026-02-10,,True
U07787,2026-02-10,True,True
U07788,2026-02-10,,True
U07789,2026-02-10,False,False
U07790,2026-02-10,True,False
U07791,2026-02-10,False,False
U07792,2026-02-10,True,True
U07793,2026-02-10,,True
U07794,2026-02-10,False,True
U07795,2026-02-10,False,False
U07796,2026-02-10,False,False
U07797,2026-02-10,False,True
U07798,2026-02-10,,True
U07799,2026-02-10,True,True
U07800,2026-02-10,,True
U07801,2026-02-10,,True
U07802,2026-02-10,,True
U07803,2026-02-10,False,True
U07804,2026-02-10,False,False
U07805,2026-02-10,False,True
U07806,2026-02-10,True,True
U07807,2026-02-10,True,True
U07808,2026-02-10,False,True
U07809,2026-02-10,,False
U07810,2026-02-10,True,False
U07811,2026-02-10,False,True
U07812,2026-02-10,True,True
U07813,2026-02-10,True,True
U07814,2026-02-10,False,False
U07815,2026-02-10,True,True
U07816,2026-02-10,False,False
U07817,2026-02-10,,False
U07818,2026-02-10,False,False
U07819,2026-02-10,False,True
U07820,2026-02-10,False,True
U07821,2026-02-10,,False
U07822,2026-02-10,True,True
U07823,2026-02-10,,False
U07824,2026-02-10,False,False
U07825,2026-02-10,True,False
U07826,2026-02-10,,False
U07827,2026-02-10,False,False
U07828,2026-02-10,,True
U07829,2026-02-10,False,False
U07830,2026-02-10,False,True
U07831,2026-02-10,,False
U07832,2026-02-10,,True
U07833,2026-02-10,,True
U07834,2026-02-10,,False
U07835,2026-02-10,False,True
U07836,2026-02-10,False,False
U07837,2026-02-10,True,False
U07838,2026-02-10,True,True
U07839,2026-02-10,True,False
U07840,2026-02-10,True,False
U07841,2026-02-10,True,True
U07842,2026-02-10,False,True
U07843,2026-02-10,False,True
U07844,2026-02-10,False,True
U07845,2026-02-10,,False
U07846,2026-02-10,,False
U07847,2026-02-10,False,True
U07848,2026-02-10,True,True
U07849,2026-02-10,,False
U07850,2026-02-10,,True
U07851,2026-02-10,,False
U07852,2026-02-10,True,True
U07853,2026-02-10,,False
U07854,2026-02-10,,True
U07855,2026-02-10,,False
U07856,2026-02-10,False,True
U07857,2026-02-10,True,False
U07858,2026-02-10,True,True
U07859,2026-02-10,,False
U07860,2026-02-10,False,True
U07861,2026-02-10,False,True
U07862,2026-02-10,False,True
U07863,2026-02-10,True,True
U07864,2026-02-10,False,True
U07865,2026-02-10,True,True
U07866,2026-02-10,True,True
U07867,2026-02-10,,False
U07868,2026-02-10,,False
U07869,2026-02-10,False,True
U07870,2026-02-10,False,False
U07871,2026-02-10,False,False
U07872,2026-02-10,,False
U07873,2026-02-10,,False
U07874,2026-02-10,False,False
U07875,2026-02-10,False,False
U07876,2026-02-10,,False
U07877,2026-02-10,,False
U07878,2026-02-10,True,False
U07879,2026-02-10,True,False
U07880,2026-02-10,False,False
U07881,2026-02-10,False,False
U07882,2026-02-10,False,False
U07883,2026-02-10,True,False
U07884,2026-02-10,True,False
U07885,2026-02-10,True,True
U07886,2026-02-10,True,False
U07887,2026-02-10,False,False
U07888,2026-02-10,True,True
U07889,2026-02-10,,False
U07890,2026-02-10,,False
U07891,2026-02-10,,True
U07892,2026-02-10,False,True
U07893,2026-02-10,False,True
U07894,2026-02-10,False,False
U07895,2026-02-10,,False
U07896,2026-02-10,False,False
U07897,2026-02-10,False,True
U07898,2026-02-10,True,True
U07899,2026-02-10,True,False
U07900,2026-02-10,False,True
U07901,2026-02-10,True,False
U07902,2026-02-10,,True
U07903,2026-02-10,False,True
U07904,2026-02-10,False,True
U07905,2026-02-10,False,True
U07906,2026-02-10,,False
U07907,2026-02-10,,True
U07908,2026-02-10,True,True
U07909,2026-02-10,False,True
U07910,2026-02-10,False,False
U07911,2026-02-10,False,True
U07912,2026-02-10,,True
U07913,2026-02-10,False,False
U07914,2026-02-10,True,False
U07915,2026-02-10,True,True
U07916,2026-02-10,,True
U07917,2026-02-10,True,True
U07918,2026-02-10,False,False
U07919,2026-02-10,True,True
U07920,2026-02-10,True,True
U07921,2026-02-10,False,False
U07922,2026-02-10,True,False
U07923,2026-02-10,False,True
U07924,2026-02-10,True,False
U07925,2026-02-10,,False
U07926,2026-02-10,,True
U07927,2026-02-10,False,False
U07928,2026-02-10,False,False
U07929,2026-02-10,,False
U07930,2026-02-10,True,True
U07931,2026-02-10,False,True
U07932,2026-02-10,,True
U07933,2026-02-10,,True
U07934,2026-02-10,,False
U07935,2026-02-10,False,True
U07936,2026-02-10,True,False
U07937,2026-02-10,False,False
U07938,2026-02-10,True,False
U07939,2026-02-10,False,False
U07940,2026-02-10,False,True
U07941,2026-02-10,True,False
U07942,2026-02-10,True,True
U07943,2026-02-10,False,True
U07944,2026-02-10,,True
U07945,2026-02-10,,False
U07946,2026-02-10,True,False
U07947,2026-02-10,,True
U07948,2026-02-10,True,False
U07949,2026-02-10,False,True
U07950,2026-02-10,True,True
U07951,2026-02-10,True,False
U07952,2026-02-10,,True
U07953,2026-02-10,,True
U07954,2026-02-10,True,False
U07955,2026-02-10,True,False
U07956,2026-02-10,False,True
U07957,2026-02-10,True,False
U07958,2026-02-10,True,False
U07959,2026-02-10,True,True
U07960,2026-02-10,True,False
U07961,2026-02-10,,True
U07962,2026-02-10,False,True
U07963,2026-02-10,True,True
U07964,2026-02-10,True,True
U07965,2026-02-10,False,False
U07966,2026-02-10,False,True
U07967,2026-02-10,,False
U07968,2026-02-10,True,True
U07969,2026-02-10,,True
U07970,2026-02-10,,False
U07971,2026-02-10,True,False
U07972,2026-02-10,True,False
U07973,2026-02-10,,False
U07974,2026-02-10,,True
U07975,2026-02-10,True,True
U07976,2026-02-10,True,True
U07977,2026-02-10,,False
U07978,2026-02-10,True,True
U07979,2026-02-10,,True
U07980,2026-02-10,True,False
U07981,2026-02-10,False,False
U07982,2026-02-10,,True
U07983,2026-02-10,False,True
U07984,2026-02-10,True,True
U07985,2026-02-10,False,False
U07986,2026-02-10,True,False
U07987,2026-02-10,True,False
U07988,2026-02-10,False,True
U07989,2026-02-10,True,False
U07990,2026-02-10,True,True
U07991,2026-02-10,False,False
U07992,2026-02-10,True,True
U07993,2026-02-10,True,False
U07994,2026-02-10,True,True
U07995,2026-02-10,True,False
U07996,2026-02-10,True,True
U07997,2026-02-10,False,True
U07998,2026-02-10,False,True
U07999,2026-02-10,,True
U08000,2026-02-10,,True
U08001,2026-02-10,False,False
U08002,2026-02-10,,False
U08003,2026-02-10,,False
U08004,2026-02-10,False,False
U08005,2026-02-10,True,False
U08006,2026-02-10,False,False
U08007,2026-02-10,True,True
U08008,2026-02-10,True,True
U08009,2026-02-10,,True
U08010,2026-02-10,True,True
U08011,2026-02-10,,True
U08012,2026-02-10,,True
U08013,2026-02-10,,False
U08014,2026-02-10,False,True
U08015,2026-02-10,False,True
U08016,2026-02-10,,True
U08017,2026-02-10,True,False
U08018,2026-02-10,False,True
U08019,2026-02-10,False,True
U08020,2026-02-10,,False
U08021,2026-02-10,True,False
U08022,2026-02-10,,True
U08023,2026-02-10,False,True
U08024,2026-02-10,,False
U08025,2026-02-10,True,True
U08026,2026-02-10,,True
U08027,2026-02-10,,True
U08028,2026-02-10,False,False
U08029,2026-02-10,,False
U08030,2026-02-10,False,True
U08031,2026-02-10,True,True
U08032,2026-02-10,False,False
U08033,2026-02-10,True,False
U08034,2026-02-10,True,False
U08035,2026-02-10,True,True
U08036,2026-02-10,,True
U08037,2026-02-10,True,False
U08038,2026-02-10,True,False
U08039,2026-02-10,,True
U08040,2026-02-10,,False
U08041,2026-02-10,,False
U08042,2026-02-10,True,False
U08043,2026-02-10,,False
U08044,2026-02-10,False,True
U08045,2026-02-10,False,False
U08046,2026-02-10,False,True
U08047,2026-02-10,False,False
U08048,2026-02-10,False,True
U08049,2026-02-10,True,True
U08050,2026-02-10,False,True
U08051,2026-02-10,False,False
U08052,2026-02-10,True,True
U08053,2026-02-10,,False
U08054,2026-02-10,False,False
U08055,2026-02-10,False,True
U08056,2026-02-10,,True
U08057,2026-02-10,,False
U08058,2026-02-10,,True
U08059,2026-02-10,,False
U08060,2026-02-10,False,False
U08061,2026-02-10,False,True
U08062,2026-02-10,True,False
U08063,2026-02-10,True,True
U08064,2026-02-10,True,False
U08065,2026-02-10,True,False
U08066,2026-02-10,True,True
U08067,2026-02-10,True,False
U08068,2026-02-10,True,True
U08069,2026-02-10,,True
U08070,2026-02-10,True,False
U08071,2026-02-10,True,True
U08072,2026-02-10,,True
U08073,2026-02-10,,False
U08074,2026-02-10,,False
U08075,2026-02-10,False,False
U08076,2026-02-10,False,True
U08077,2026-02-10,,False
U08078,2026-02-10,True,True
U08079,2026-02-10,True,False
U08080,2026-02-10,False,False
U08081,2026-02-10,True,True
U08082,2026-02-10,,True
U08083,2026-02-10,True,False
U08084,2026-02-10,,False
U08085,2026-02-10,,True
U08086,2026-02-10,False,False
U08087,2026-02-10,,False
U08088,2026-02-10,,False
U08089,2026-02-10,False,True
U08090,2026-02-10,,True
U08091,2026-02-10,,False
U08092,2026-02-10,True,True
U08093,2026-02-10,,True
U08094,2026-02-10,,False
U08095,2026-02-10,False,False
U08096,2026-02-10,True,True
U08097,2026-02-10,,False
U08098,2026-02-10,True,True
U08099,2026-02-10,True,True
U08100,2026-02-10,True,True
U08101,2026-02-10,True,True
U08102,2026-02-10,False,True
U08103,2026-02-10,False,False
U08104,2026-02-10,False,False
U08105,2026-02-10,False,False
U08106,2026-02-10,False,False
U08107,2026-02-10,True,True
U08108,2026-02-10,True,True
U08109,2026-02-10,False,False
U08110,2026-02-10,False,False
U08111,2026-02-10,False,False
U08112,2026-02-10,False,False
U08113,2026-02-10,False,False
U08114,2026-02-10,,False
U08115,2026-02-10,False,True
U08116,2026-02-10,False,True
U08117,2026-02-10,False,False
U08118,2026-02-10,False,True
U08119,2026-02-10,False,False
U08120,2026-02-10,True,True
U08121,2026-02-10,False,True
U08122,2026-02-10,False,False
U08123,2026-02-10,,True
U08124,2026-02-10,False,True
U08125,2026-02-10,True,False
U08126,2026-02-10,False,False
U08127,2026-02-10,,True
U08128,2026-02-10,False,False
U08129,2026-02-10,True,True
U08130,2026-02-10,,False
U08131,2026-02-10,True,False
U08132,2026-02-10,True,False
U08133,2026-02-10,True,True
U08134,2026-02-10,,False
U08135,2026-02-10,,False
U08136,2026-02-10,,True
U08137,2026-02-10,True,False
U08138,2026-02-10,False,True
U08139,2026-02-10,True,True
U08140,2026-02-10,False,False
U08141,2026-02-10,,True
U08142,2026-02-10,False,False
U08143,2026-02-10,True,True
U08144,2026-02-10,False,False
U08145,2026-02-10,,False
U08146,2026-02-10,,False
U08147,2026-02-10,False,False
U08148,2026-02-10,False,False
U08149,2026-02-10,True,False
U08150,2026-02-10,False,False
U08151,2026-02-10,False,True
U08152,2026-02-10,False,False
U08153,2026-02-10,True,False
U08154,2026-02-10,,True
U08155,2026-02-10,False,True
U08156,2026-02-10,,True
U08157,2026-02-10,,False
U08158,2026-02-10,False,False
U08159,2026-02-10,False,True
U08160,2026-02-10,,False
U08161,2026-02-10,False,False
U08162,2026-02-10,True,True
U08163,2026-02-10,True,True
U08164,2026-02-10,True,False
U08165,2026-02-10,,False
U08166,2026-02-10,True,False
U08167,2026-02-10,,True
U08168,2026-02-10,,False
U08169,2026-02-10,True,True
U08170,2026-02-10,True,True
U08171,2026-02-10,True,False
U08172,2026-02-10,True,True
U08173,2026-02-10,,True
U08174,2026-02-10,True,False
U08175,2026-02-10,True,False
U08176,2026-02-10,False,False
U08177,2026-02-10,,False
U08178,2026-02-10,True,False
U08179,2026-02-10,,False
U08180,2026-02-10,False,False
U08181,2026-02-10,False,True
U08182,2026-02-10,True,True
U08183,2026-02-10,True,True
U08184,2026-02-10,True,False
U08185,2026-02-10,False,False
U08186,2026-02-10,False,False
U08187,2026-02-10,True,True
U08188,2026-02-10,,True
U08189,2026-02-10,,True
U08190,2026-02-10,True,True
U08191,2026-02-10,,False
U08192,2026-02-10,True,True
U08193,2026-02-10,True,True
U08194,2026-02-10,,False
U08195,2026-02-10,False,False
U08196,2026-02-10,False,False
U08197,2026-02-10,True,False
U08198,2026-02-10,,False
U08199,2026-02-10,,False
U08200,2026-02-10,True,False
U08201,2026-02-10,True,True
U08202,2026-02-10,True,False
U08203,2026-02-10,,False
U08204,2026-02-10,,False
U08205,2026-02-10,True,False
U08206,2026-02-10,,False
U08207,2026-02-10,False,False
U08208,2026-02-10,True,True
U08209,2026-02-10,True,True
U08210,2026-02-10,,False
U08211,2026-02-10,True,True
U08212,2026-02-10,False,True
U08213,2026-02-10,True,False
U08214,2026-02-10,True,True
U08215,2026-02-10,True,True
U08216,2026-02-10,True,False
U08217,2026-02-10,False,False
U08218,2026-02-10,True,False
U08219,2026-02-10,False,True
U08220,2026-02-10,,True
U08221,2026-02-10,True,False
U08222,2026-02-10,True,False
U08223,2026-02-10,,False
U08224,2026-02-10,,False
U08225,2026-02-10,,True
U08226,2026-02-10,True,False
U08227,2026-02-10,,True
U08228,2026-02-10,,False
U08229,2026-02-10,False,True
U08230,2026-02-10,True,True
U08231,2026-02-10,,False
U08232,2026-02-10,False,False
U08233,2026-02-10,True,False
U08234,2026-02-10,False,True
U08235,2026-02-10,True,False
U08236,2026-02-10,True,False
U08237,2026-02-10,True,True
U08238,2026-02-10,True,False
U08239,2026-02-10,True,True
U08240,2026-02-10,True,False
U08241,2026-02-10,False,False
U08242,2026-02-10,False,True
U08243,2026-02-10,False,False
U08244,2026-02-10,,True
U08245,2026-02-10,True,True
U08246,2026-02-10,True,True
U08247,2026-02-10,,True
U08248,2026-02-10,True,True
U08249,2026-02-10,True,True
U08250,2026-02-10,False,False
U08251,2026-02-10,,True
U08252,2026-02-10,True,True
U08253,2026-02-10,True,True
U08254,2026-02-10,True,True
U08255,2026-02-10,True,False
U08256,2026-02-10,False,False
U08257,2026-02-10,False,True
U08258,2026-02-10,,True
U08259,2026-02-10,,False
U08260,2026-02-10,False,False
U08261,2026-02-10,True,False
U08262,2026-02-10,False,True
U08263,2026-02-10,False,False
U08264,2026-02-10,False,True
U08265,2026-02-10,,True
U08266,2026-02-10,True,False
U08267,2026-02-10,,False
U08268,2026-02-10,True,True
U08269,2026-02-10,True,True
U08270,2026-02-10,True,False
U08271,2026-02-10,False,True
U08272,2026-02-10,True,True
U08273,2026-02-10,True,False
U08274,2026-02-10,,True
U08275,2026-02-10,True,True
U08276,2026-02-10,,False
U08277,2026-02-10,False,True
U08278,2026-02-10,,True
U08279,2026-02-10,True,False
U08280,2026-02-10,,True
U08281,2026-02-10,True,True
U08282,2026-02-10,False,True
U08283,2026-02-10,False,True
U08284,2026-02-10,False,False
U08285,2026-02-10,False,False
U08286,2026-02-10,,True
U08287,2026-02-10,False,False
U08288,2026-02-10,False,False
U08289,2026-02-10,False,True
U08290,2026-02-10,,True
U08291,2026-02-10,False,True
U08292,2026-02-10,False,False
U08293,2026-02-10,,True
U08294,2026-02-10,,False
U08295,2026-02-10,True,False
U08296,2026-02-10,,True
U08297,2026-02-10,False,True
U08298,2026-02-10,True,True
U08299,2026-02-10,False,True
U08300,2026-02-10,,False
U08301,2026-02-10,False,False
U08302,2026-02-10,,False
U08303,2026-02-10,,False
U08304,2026-02-10,,True
U08305,2026-02-10,True,False
U08306,2026-02-10,True,True
U08307,2026-02-10,False,True
U08308,2026-02-10,True,True
U08309,2026-02-10,True,True
U08310,2026-02-10,True,True
U08311,2026-02-10,True,False
U08312,2026-02-10,,True
U08313,2026-02-10,True,False
U08314,2026-02-10,,False
U08315,2026-02-10,,True
U08316,2026-02-10,,True
U08317,2026-02-10,False,True
U08318,2026-02-10,False,False
U08319,2026-02-10,,True
U08320,2026-02-10,,True
U08321,2026-02-10,,True
U08322,2026-02-10,False,True
U08323,2026-02-10,,False
U08324,2026-02-10,,False
U08325,2026-02-10,True,False
U08326,2026-02-10,,True
U08327,2026-02-10,False,True
U08328,2026-02-10,True,True
U08329,2026-02-10,True,False
U08330,2026-02-10,False,False
U08331,2026-02-10,True,True
U08332,2026-02-10,,False
U08333,2026-02-10,True,True
U08334,2026-02-10,True,False
U08335,2026-02-10,False,True
U08336,2026-02-10,True,True
U08337,2026-02-10,False,True
U08338,2026-02-10,False,False
U08339,2026-02-10,,False
U08340,2026-02-10,,False
U08341,2026-02-10,True,True
U08342,2026-02-10,,True
U08343,2026-02-10,,True
U08344,2026-02-10,True,False
U08345,2026-02-10,False,False
U08346,2026-02-10,False,True
U08347,2026-02-10,False,False
U08348,2026-02-10,,False
U08349,2026-02-10,True,False
U08350,2026-02-10,False,True
U08351,2026-02-10,True,True
U08352,2026-02-10,False,False
U08353,2026-02-10,,False
U08354,2026-02-10,True,False
U08355,2026-02-10,True,False
U08356,2026-02-10,False,False
U08357,2026-02-10,,True
U08358,2026-02-10,False,False
U08359,2026-02-10,,True
U08360,2026-02-10,True,False
U08361,2026-02-10,False,True
U08362,2026-02-10,False,True
U08363,2026-02-10,False,False
U08364,2026-02-10,False,False
U08365,2026-02-10,True,True
U08366,2026-02-10,False,True
U08367,2026-02-10,True,False
U08368,2026-02-10,True,False
U08369,2026-02-10,False,True
U08370,2026-02-10,True,True
U08371,2026-02-10,True,False
U08372,2026-02-10,,True
U08373,2026-02-10,True,False
U08374,2026-02-10,True,True
U08375,2026-02-10,False,False
U08376,2026-02-10,True,True
U08377,2026-02-10,True,False
U08378,2026-02-10,False,False
U08379,2026-02-10,True,False
U08380,2026-02-10,True,False
U08381,2026-02-10,,True
U08382,2026-02-10,,False
U08383,2026-02-10,True,False
U08384,2026-02-10,,True
U08385,2026-02-10,True,False
U08386,2026-02-10,False,True
U08387,2026-02-10,False,False
U08388,2026-02-10,,True
U08389,2026-02-10,,False
U08390,2026-02-10,True,True
U08391,2026-02-10,True,True
U08392,2026-02-10,True,True
U08393,2026-02-10,True,False
U08394,2026-02-10,,True
U08395,2026-02-10,,True
U08396,2026-02-10,True,True
U08397,2026-02-10,True,True
U08398,2026-02-10,True,True
U08399,2026-02-10,True,False
U08400,2026-02-10,,False
U08401,2026-02-10,,True
U08402,2026-02-10,,False
U08403,2026-02-10,,True
U08404,2026-02-10,False,False
U08405,2026-02-10,,False
U08406,2026-02-10,False,False
U08407,2026-02-10,True,True
U08408,2026-02-10,,True
U08409,2026-02-10,,False
U08410,2026-02-10,False,True
U08411,2026-02-10,False,False
U08412,2026-02-10,False,True
U08413,2026-02-10,,True
U08414,2026-02-10,True,False
U08415,2026-02-10,True,False
U08416,2026-02-10,False,False
U08417,2026-02-10,True,False
U08418,2026-02-10,,False
U08419,2026-02-10,,False
U08420,2026-02-10,,False
U08421,2026-02-10,False,False
U08422,2026-02-10,,False
U08423,2026-02-10,,True
U08424,2026-02-10,,False
U08425,2026-02-10,,True
U08426,2026-02-10,True,False
U08427,2026-02-10,,True
U08428,2026-02-10,True,True
U08429,2026-02-10,,False
U08430,2026-02-10,True,True
U08431,2026-02-10,True,True
U08432,2026-02-10,True,True
U08433,2026-02-10,False,True
U08434,2026-02-10,True,False
U08435,2026-02-10,True,False
U08436,2026-02-10,,True
U08437,2026-02-10,True,False
U08438,2026-02-10,,False
U08439,2026-02-10,,True
U08440,2026-02-10,True,False
U08441,2026-02-10,,False
U08442,2026-02-10,True,False
U08443,2026-02-10,,False
U08444,2026-02-10,,True
U08445,2026-02-10,,True
U08446,2026-02-10,,True
U08447,2026-02-10,True,True
U08448,2026-02-10,True,True
U08449,2026-02-10,False,False
U08450,2026-02-10,False,True
U08451,2026-02-10,,True
U08452,2026-02-10,,True
U08453,2026-02-10,True,True
U08454,2026-02-10,False,True
U08455,2026-02-10,,True
U08456,2026-02-10,,False
U08457,2026-02-10,True,False
U08458,2026-02-10,True,True
U08459,2026-02-10,True,False
U08460,2026-02-10,,True
U08461,2026-02-10,False,True
U08462,2026-02-10,False,True
U08463,2026-02-10,,True
U08464,2026-02-10,,True
U08465,2026-02-10,False,True
U08466,2026-02-10,False,True
U08467,2026-02-10,,True
U08468,2026-02-10,True,False
U08469,2026-02-10,False,False
U08470,2026-02-10,True,False
U08471,2026-02-10,False,True
U08472,2026-02-10,True,True
U08473,2026-02-10,,True
U08474,2026-02-10,,False
U08475,2026-02-10,,True
U08476,2026-02-10,True,False
U08477,2026-02-10,False,True
U08478,2026-02-10,,False
U08479,2026-02-10,,True
U08480,2026-02-10,,False
U08481,2026-02-10,True,False
U08482,2026-02-10,False,True
U08483,2026-02-10,True,False
U08484,2026-02-10,,False
U08485,2026-02-10,True,True
U08486,2026-02-10,True,True
U08487,2026-02-10,True,True
U08488,2026-02-10,True,True
U08489,2026-02-10,,True
U08490,2026-02-10,True,True
U08491,2026-02-10,False,True
U08492,2026-02-10,False,True
U08493,2026-02-10,,False
U08494,2026-02-10,False,True
U08495,2026-02-10,False,False
U08496,2026-02-10,False,False
U08497,2026-02-10,True,True
U08498,2026-02-10,False,False
U08499,2026-02-10,,True
U08500,2026-02-10,True,True
U08501,2026-02-10,,False
U08502,2026-02-10,True,True
U08503,2026-02-10,,True
U08504,2026-02-10,False,False
U08505,2026-02-10,False,True
U08506,2026-02-10,False,True
U08507,2026-02-10,False,False
U08508,2026-02-10,,True
U08509,2026-02-10,,False
U08510,2026-02-10,False,False
U08511,2026-02-10,True,True
U08512,2026-02-10,,True
U08513,2026-02-10,,False
U08514,2026-02-10,False,False
U08515,2026-02-10,,False
U08516,2026-02-10,,False
U08517,2026-02-10,True,False
U08518,2026-02-10,,True
U08519,2026-02-10,True,False
U08520,2026-02-10,False,True
U08521,2026-02-10,False,True
U08522,2026-02-10,False,False
U08523,2026-02-10,True,False
U08524,2026-02-10,,False
U08525,2026-02-10,,True
U08526,2026-02-10,False,False
U08527,2026-02-10,True,True
U08528,2026-02-10,False,False
U08529,2026-02-10,,False
U08530,2026-02-10,True,False
U08531,2026-02-10,False,False
U08532,2026-02-10,True,False
U08533,2026-02-10,,False
U08534,2026-02-10,False,True
U08535,2026-02-10,,True
U08536,2026-02-10,,False
U08537,2026-02-10,False,False
U08538,2026-02-10,False,False
U08539,2026-02-10,,False
U08540,2026-02-10,False,False
U08541,2026-02-10,True,True
U08542,2026-02-10,,False
U08543,2026-02-10,True,False
U08544,2026-02-10,False,True
U08545,2026-02-10,False,False
U08546,2026-02-10,,False
U08547,2026-02-10,True,False
U08548,2026-02-10,,True
U08549,2026-02-10,False,False
U08550,2026-02-10,,True
U08551,2026-02-10,False,False
U08552,2026-02-10,False,True
U08553,2026-02-10,,True
U08554,2026-02-10,,False
U08555,2026-02-10,True,False
U08556,2026-02-10,True,True
U08557,2026-02-10,True,True
U08558,2026-02-10,False,True
U08559,2026-02-10,False,True
U08560,2026-02-10,False,False
U08561,2026-02-10,False,True
U08562,2026-02-10,True,True
U08563,2026-02-10,False,False
U08564,2026-02-10,False,True
U08565,2026-02-10,True,True
U08566,2026-02-10,,True
U08567,2026-02-10,,True
U08568,2026-02-10,False,False
U08569,2026-02-10,False,True
U08570,2026-02-10,,False
U08571,2026-02-10,False,True
U08572,2026-02-10,,False
U08573,2026-02-10,False,True
U08574,2026-02-10,True,True
U08575,2026-02-10,False,False
U08576,2026-02-10,True,True
U08577,2026-02-10,True,True
U08578,2026-02-10,True,False
U08579,2026-02-10,,False
U08580,2026-02-10,,False
U08581,2026-02-10,True,False
U08582,2026-02-10,,True
U08583,2026-02-10,True,False
U08584,2026-02-10,False,False
U08585,2026-02-10,True,False
U08586,2026-02-10,,True
U08587,2026-02-10,False,False
U08588,2026-02-10,False,False
U08589,2026-02-10,,True
U08590,2026-02-10,,False
U08591,2026-02-10,,True
U08592,2026-02-10,,True
U08593,2026-02-10,,False
U08594,2026-02-10,True,False
U08595,2026-02-10,,True
U08596,2026-02-10,True,True
U08597,2026-02-10,,True
U08598,2026-02-10,False,False
U08599,2026-02-10,,True
U08600,2026-02-10,True,True
U08601,2026-02-10,False,False
U08602,2026-02-10,False,False
U08603,2026-02-10,True,True
U08604,2026-02-10,False,False
U08605,2026-02-10,False,False
U08606,2026-02-10,False,False
U08607,2026-02-10,False,True
U08608,2026-02-10,False,True
U08609,2026-02-10,False,True
U08610,2026-02-10,True,True
U08611,2026-02-10,False,False
U08612,2026-02-10,,False
U08613,2026-02-10,False,True
U08614,2026-02-10,False,False
U08615,2026-02-10,True,True
U08616,2026-02-10,True,True
U08617,2026-02-10,,True
U08618,2026-02-10,False,True
U08619,2026-02-10,True,False
U08620,2026-02-10,False,True
U08621,2026-02-10,False,False
U08622,2026-02-10,False,False
U08623,2026-02-10,False,False
U08624,2026-02-10,,False
U08625,2026-02-10,,False
U08626,2026-02-10,False,True
U08627,2026-02-10,,False
U08628,2026-02-10,False,True
U08629,2026-02-10,True,True
U08630,2026-02-10,,True
U08631,2026-02-10,False,True
U08632,2026-02-10,False,True
U08633,2026-02-10,True,False
U08634,2026-02-10,False,False
U08635,2026-02-10,True,True
U08636,2026-02-10,True,True
U08637,2026-02-10,True,True
U08638,2026-02-10,False,True
U08639,2026-02-10,,True
U08640,2026-02-10,True,True
U08641,2026-02-10,,False
U08642,2026-02-10,True,True
U08643,2026-02-10,,False
U08644,2026-02-10,False,True
U08645,2026-02-10,False,False
U08646,2026-02-10,,True
U08647,2026-02-10,,False
U08648,2026-02-10,,False
U08649,2026-02-10,,False
U08650,2026-02-10,,False
U08651,2026-02-10,True,True
U08652,2026-02-10,,False
U08653,2026-02-10,True,False
U08654,2026-02-10,True,False
U08655,2026-02-10,True,False
U08656,2026-02-10,True,False
U08657,2026-02-10,False,False
U08658,2026-02-10,,True
U08659,2026-02-10,False,True
U08660,2026-02-10,True,False
U08661,2026-02-10,True,True
U08662,2026-02-10,False,False
U08663,2026-02-10,,True
U08664,2026-02-10,False,False
U08665,2026-02-10,False,False
U08666,2026-02-10,False,False
U08667,2026-02-10,True,False
U08668,2026-02-10,,True
U08669,2026-02-10,False,True
U08670,2026-02-10,False,False
U08671,2026-02-10,,False
U08672,2026-02-10,True,False
U08673,2026-02-10,True,False
U08674,2026-02-10,,False
U08675,2026-02-10,,False
U08676,2026-02-10,True,False
U08677,2026-02-10,False,True
U08678,2026-02-10,True,False
U08679,2026-02-10,True,False
U08680,2026-02-10,,True
U08681,2026-02-10,True,True
U08682,2026-02-10,True,True
U08683,2026-02-10,False,True
U08684,2026-02-10,True,True
U08685,2026-02-10,True,True
U08686,2026-02-10,False,True
U08687,2026-02-10,,False
U08688,2026-02-10,,True
U08689,2026-02-10,,True
U08690,2026-02-10,False,True
U08691,2026-02-10,False,False
U08692,2026-02-10,True,True
U08693,2026-02-10,False,False
U08694,2026-02-10,True,False
U08695,2026-02-10,,True
U08696,2026-02-10,False,True
U08697,2026-02-10,True,False
U08698,2026-02-10,,False
U08699,2026-02-10,False,False
U08700,2026-02-10,,True
U08701,2026-02-10,False,True
U08702,2026-02-10,False,True
U08703,2026-02-10,True,True
U08704,2026-02-10,False,False
U08705,2026-02-10,,False
U08706,2026-02-10,True,False
U08707,2026-02-10,False,False
U08708,2026-02-10,False,True
U08709,2026-02-10,,False
U08710,2026-02-10,False,False
U08711,2026-02-10,True,False
U08712,2026-02-10,,True
U08713,2026-02-10,False,True
U08714,2026-02-10,True,False
U08715,2026-02-10,True,False
U08716,2026-02-10,False,False
U08717,2026-02-10,False,False
U08718,2026-02-10,True,True
U08719,2026-02-10,,True
U08720,2026-02-10,True,True
U08721,2026-02-10,,False
U08722,2026-02-10,False,True
U08723,2026-02-10,,True
U08724,2026-02-10,,True
U08725,2026-02-10,,False
U08726,2026-02-10,True,True
U08727,2026-02-10,,True
U08728,2026-02-10,,False
U08729,2026-02-10,,False
U08730,2026-02-10,False,True
U08731,2026-02-10,,False
U08732,2026-02-10,False,False
U08733,2026-02-10,,False
U08734,2026-02-10,,False
U08735,2026-02-10,,False
U08736,2026-02-10,False,True
U08737,2026-02-10,,False
U08738,2026-02-10,False,False
U08739,2026-02-10,,False
U08740,2026-02-10,,True
U08741,2026-02-10,,True
U08742,2026-02-10,,True
U08743,2026-02-10,True,True
U08744,2026-02-10,True,False
U08745,2026-02-10,,False
U08746,2026-02-10,,True
U08747,2026-02-10,True,False
U08748,2026-02-10,,True
U08749,2026-02-10,,False
U08750,2026-02-10,True,False
U08751,2026-02-10,True,False
U08752,2026-02-10,,False
U08753,2026-02-10,False,False
U08754,2026-02-10,True,False
U08755,2026-02-10,True,False
U08756,2026-02-10,False,True
U08757,2026-02-10,,False
U08758,2026-02-10,,True
U08759,2026-02-10,True,True
U08760,2026-02-10,,True
U08761,2026-02-10,,True
U08762,2026-02-10,True,False
U08763,2026-02-10,False,True
U08764,2026-02-10,True,True
U08765,2026-02-10,,False
U08766,2026-02-10,,True
U08767,2026-02-10,False,False
U08768,2026-02-10,,True
U08769,2026-02-10,True,True
U08770,2026-02-10,True,False
U08771,2026-02-10,False,True
U08772,2026-02-10,False,False
U08773,2026-02-10,True,False
U08774,2026-02-10,False,True
U08775,2026-02-10,True,False
U08776,2026-02-10,True,False
U08777,2026-02-10,,True
U08778,2026-02-10,,False
U08779,2026-02-10,,True
U08780,2026-02-10,,False
U08781,2026-02-10,True,True
U08782,2026-02-10,,False
U08783,2026-02-10,True,True
U08784,2026-02-10,True,True
U08785,2026-02-10,,True
U08786,2026-02-10,True,True
U08787,2026-02-10,,True
U08788,2026-02-10,,False
U08789,2026-02-10,False,True
U08790,2026-02-10,,False
U08791,2026-02-10,False,True
U08792,2026-02-10,True,False
U08793,2026-02-10,True,True
U08794,2026-02-10,,False
U08795,2026-02-10,,True
U08796,2026-02-10,,True
U08797,2026-02-10,True,False
U08798,2026-02-10,False,True
U08799,2026-02-10,True,False
U08800,2026-02-10,True,False
U08801,2026-02-10,True,False
U08802,2026-02-10,True,False
U08803,2026-02-10,,False
U08804,2026-02-10,True,False
U08805,2026-02-10,False,True
U08806,2026-02-10,False,True
U08807,2026-02-10,True,False
U08808,2026-02-10,,False
U08809,2026-02-10,,True
U08810,2026-02-10,True,False
U08811,2026-02-10,True,True
U08812,2026-02-10,,True
U08813,2026-02-10,,False
U08814,2026-02-10,,False
U08815,2026-02-10,False,True
U08816,2026-02-10,False,False
U08817,2026-02-10,False,True
U08818,2026-02-10,True,False
U08819,2026-02-10,False,False
U08820,2026-02-10,True,False
U08821,2026-02-10,,True
U08822,2026-02-10,False,False
U08823,2026-02-10,True,True
U08824,2026-02-10,False,False
U08825,2026-02-10,True,False
U08826,2026-02-10,,True
U08827,2026-02-10,,True
U08828,2026-02-10,,True
U08829,2026-02-10,False,False
U08830,2026-02-10,True,False
U08831,2026-02-10,True,True
U08832,2026-02-10,,False
U08833,2026-02-10,,False
U08834,2026-02-10,False,True
U08835,2026-02-10,False,True
U08836,2026-02-10,False,True
U08837,2026-02-10,,True
U08838,2026-02-10,False,False
U08839,2026-02-10,False,True
U08840,2026-02-10,,False
U08841,2026-02-10,True,True
U08842,2026-02-10,True,False
U08843,2026-02-10,False,True
U08844,2026-02-10,False,False
U08845,2026-02-10,False,False
U08846,2026-02-10,True,False
U08847,2026-02-10,True,True
U08848,2026-02-10,True,True
U08849,2026-02-10,True,False
U08850,2026-02-10,True,True
U08851,2026-02-10,False,True
U08852,2026-02-10,False,False
U08853,2026-02-10,True,False
U08854,2026-02-10,True,True
U08855,2026-02-10,False,False
U08856,2026-02-10,,False
U08857,2026-02-10,False,True
U08858,2026-02-10,,True
U08859,2026-02-10,,False
U08860,2026-02-10,True,True
U08861,2026-02-10,,False
U08862,2026-02-10,,True
U08863,2026-02-10,False,False
U08864,2026-02-10,False,False
U08865,2026-02-10,,True
U08866,2026-02-10,,True
U08867,2026-02-10,True,False
U08868,2026-02-10,,False
U08869,2026-02-10,False,False
U08870,2026-02-10,False,True
U08871,2026-02-10,,True
U08872,2026-02-10,False,False
U08873,2026-02-10,True,False
U08874,2026-02-10,True,False
U08875,2026-02-10,False,True
U08876,2026-02-10,True,False
U08877,2026-02-10,,True
U08878,2026-02-10,True,False
U08879,2026-02-10,False,True
U08880,2026-02-10,True,False
U08881,2026-02-10,True,True
U08882,2026-02-10,,False
U08883,2026-02-10,True,False
U08884,2026-02-10,False,False
U08885,2026-02-10,,True
U08886,2026-02-10,,True
U08887,2026-02-10,True,False
U08888,2026-02-10,False,False
U08889,2026-02-10,False,True
U08890,2026-02-10,False,True
U08891,2026-02-10,True,True
U08892,2026-02-10,,True
U08893,2026-02-10,,True
U08894,2026-02-10,False,True
U08895,2026-02-10,,False
U08896,2026-02-10,True,True
U08897,2026-02-10,,True
U08898,2026-02-10,False,True
U08899,2026-02-10,False,False
U08900,2026-02-10,True,True
U08901,2026-02-10,False,True
U08902,2026-02-10,,True
U08903,2026-02-10,True,True
U08904,2026-02-10,,True
U08905,2026-02-10,,False
U08906,2026-02-10,False,False
U08907,2026-02-10,True,True
U08908,2026-02-10,False,False
U08909,2026-02-10,True,True
U08910,2026-02-10,True,False
U08911,2026-02-10,,False
U08912,2026-02-10,True,True
U08913,2026-02-10,True,False
U08914,2026-02-10,False,True
U08915,2026-02-10,,True
U08916,2026-02-10,True,False
U08917,2026-02-10,,False
U08918,2026-02-10,True,True
U08919,2026-02-10,True,False
U08920,2026-02-10,,False
U08921,2026-02-10,True,False
U08922,2026-02-10,True,False
U08923,2026-02-10,False,False
U08924,2026-02-10,True,True
U08925,2026-02-10,True,False
U08926,2026-02-10,True,False
U08927,2026-02-10,False,True
U08928,2026-02-10,True,False
U08929,2026-02-10,True,False
U08930,2026-02-10,,True
U08931,2026-02-10,True,False
U08932,2026-02-10,True,True
U08933,2026-02-10,,True
U08934,2026-02-10,True,True
U08935,2026-02-10,False,False
U08936,2026-02-10,,False
U08937,2026-02-10,True,False
U08938,2026-02-10,True,True
U08939,2026-02-10,False,True
U08940,2026-02-10,True,False
U08941,2026-02-10,False,True
U08942,2026-02-10,True,True
U08943,2026-02-10,True,True
U08944,2026-02-10,,False
U08945,2026-02-10,True,False
U08946,2026-02-10,False,True
U08947,2026-02-10,True,False
U08948,2026-02-10,True,False
U08949,2026-02-10,,True
U08950,2026-02-10,True,False
U08951,2026-02-10,False,False
U08952,2026-02-10,,False
U08953,2026-02-10,True,True
U08954,2026-02-10,True,False
U08955,2026-02-10,True,True
U08956,2026-02-10,False,True
U08957,2026-02-10,True,False
U08958,2026-02-10,True,False
U08959,2026-02-10,True,True
U08960,2026-02-10,True,False
U08961,2026-02-10,True,True
U08962,2026-02-10,True,True
U08963,2026-02-10,True,False
U08964,2026-02-10,,True
U08965,2026-02-10,,False
U08966,2026-02-10,True,False
U08967,2026-02-10,False,True
U08968,2026-02-10,True,True
U08969,2026-02-10,True,False
U08970,2026-02-10,False,False
U08971,2026-02-10,,False
U08972,2026-02-10,True,False
U08973,2026-02-10,True,True
U08974,2026-02-10,,True
U08975,2026-02-10,False,True
U08976,2026-02-10,False,False
U08977,2026-02-10,False,True
U08978,2026-02-10,False,True
U08979,2026-02-10,True,True
U08980,2026-02-10,False,False
U08981,2026-02-10,True,True
U08982,2026-02-10,False,True
U08983,2026-02-10,True,False
U08984,2026-02-10,True,True
U08985,2026-02-10,False,True
U08986,2026-02-10,True,False
U08987,2026-02-10,True,True
U08988,2026-02-10,,True
U08989,2026-02-10,,False
U08990,2026-02-10,False,False
U08991,2026-02-10,False,True
U08992,2026-02-10,False,True
U08993,2026-02-10,True,True
U08994,2026-02-10,False,False
U08995,2026-02-10,False,True
U08996,2026-02-10,True,True
U08997,2026-02-10,False,False
U08998,2026-02-10,True,False
U08999,2026-02-10,,False
U09000,2026-02-10,,True
U09001,2026-02-10,,True
U09002,2026-02-10,False,False
U09003,2026-02-10,,False
U09004,2026-02-10,,False
U09005,2026-02-10,True,False
U09006,2026-02-10,True,True
U09007,2026-02-10,True,True
U09008,2026-02-10,,True
U09009,2026-02-10,False,True
U09010,2026-02-10,True,False
U09011,2026-02-10,,False
U09012,2026-02-10,,False
U09013,2026-02-10,,False
U09014,2026-02-10,False,False
U09015,2026-02-10,,False
U09016,2026-02-10,,False
U09017,2026-02-10,True,True
U09018,2026-02-10,False,False
U09019,2026-02-10,True,True
U09020,2026-02-10,,False
U09021,2026-02-10,False,False
U09022,2026-02-10,False,True
U09023,2026-02-10,,True
U09024,2026-02-10,False,True
U09025,2026-02-10,,True
U09026,2026-02-10,,True
U09027,2026-02-10,False,False
U09028,2026-02-10,,True
U09029,2026-02-10,True,False
U09030,2026-02-10,False,True
U09031,2026-02-10,True,False
U09032,2026-02-10,,True
U09033,2026-02-10,False,True
U09034,2026-02-10,True,False
U09035,2026-02-10,True,False
U09036,2026-02-10,,False
U09037,2026-02-10,,False
U09038,2026-02-10,False,False
U09039,2026-02-10,True,True
U09040,2026-02-10,True,True
U09041,2026-02-10,,False
U09042,2026-02-10,False,False
U09043,2026-02-10,False,True
U09044,2026-02-10,True,True
U09045,2026-02-10,True,True
U09046,2026-02-10,True,True
U09047,2026-02-10,,False
U09048,2026-02-10,,True
U09049,2026-02-10,True,False
U09050,2026-02-10,False,True
U09051,2026-02-10,True,True
U09052,2026-02-10,True,True
U09053,2026-02-10,True,True
U09054,2026-02-10,,False
U09055,2026-02-10,True,False
U09056,2026-02-10,,False
U09057,2026-02-10,False,True
U09058,2026-02-10,,True
U09059,2026-02-10,,True
U09060,2026-02-10,True,True
U09061,2026-02-10,True,False
U09062,2026-02-10,True,False
U09063,2026-02-10,True,True
U09064,2026-02-10,,True
U09065,2026-02-10,False,True
U09066,2026-02-10,True,True
U09067,2026-02-10,,False
U09068,2026-02-10,True,False
U09069,2026-02-10,,False
U09070,2026-02-10,,True
U09071,2026-02-10,False,True
U09072,2026-02-10,,False
U09073,2026-02-10,False,True
U09074,2026-02-10,,False
U09075,2026-02-10,False,False
U09076,2026-02-10,False,True
U09077,2026-02-10,True,True
U09078,2026-02-10,True,False
U09079,2026-02-10,,True
U09080,2026-02-10,True,False
U09081,2026-02-10,True,True
U09082,2026-02-10,,True
U09083,2026-02-10,False,True
U09084,2026-02-10,True,True
U09085,2026-02-10,False,True
U09086,2026-02-10,,False
U09087,2026-02-10,,False
U09088,2026-02-10,False,True
U09089,2026-02-10,,False
U09090,2026-02-10,True,True
U09091,2026-02-10,True,False
U09092,2026-02-10,,True
U09093,2026-02-10,True,False
U09094,2026-02-10,True,False
U09095,2026-02-10,True,False
U09096,2026-02-10,False,False
U09097,2026-02-10,True,False
U09098,2026-02-10,False,False
U09099,2026-02-10,,False
U09100,2026-02-10,False,False
U09101,2026-02-10,False,False
U09102,2026-02-10,False,True
U09103,2026-02-10,,True
U09104,2026-02-10,True,True
U09105,2026-02-10,,True
U09106,2026-02-10,False,True
U09107,2026-02-10,True,True
U09108,2026-02-10,,True
U09109,2026-02-10,True,True
U09110,2026-02-10,,False
U09111,2026-02-10,,False
U09112,2026-02-10,True,True
U09113,2026-02-10,False,True
U09114,2026-02-10,True,False
U09115,2026-02-10,,True
U09116,2026-02-10,False,False
U09117,2026-02-10,,False
U09118,2026-02-10,True,False
U09119,2026-02-10,True,False
U09120,2026-02-10,,True
U09121,2026-02-10,False,False
U09122,2026-02-10,True,True
U09123,2026-02-10,False,False
U09124,2026-02-10,True,True
U09125,2026-02-10,False,True
U09126,2026-02-10,True,True
U09127,2026-02-10,,True
U09128,2026-02-10,,False
U09129,2026-02-10,True,True
U09130,2026-02-10,,False
U09131,2026-02-10,True,True
U09132,2026-02-10,,False
U09133,2026-02-10,False,True
U09134,2026-02-10,False,False
U09135,2026-02-10,True,True
U09136,2026-02-10,True,False
U09137,2026-02-10,,True
U09138,2026-02-10,True,True
U09139,2026-02-10,False,False
U09140,2026-02-10,False,True
U09141,2026-02-10,True,True
U09142,2026-02-10,True,True
U09143,2026-02-10,,True
U09144,2026-02-10,False,True
U09145,2026-02-10,True,True
U09146,2026-02-10,,True
U09147,2026-02-10,True,True
U09148,2026-02-10,,False
U09149,2026-02-10,True,False
U09150,2026-02-10,True,True
U09151,2026-02-10,True,False
U09152,2026-02-10,,False
U09153,2026-02-10,True,False
U09154,2026-02-10,,False
U09155,2026-02-10,False,False
U09156,2026-02-10,True,False
U09157,2026-02-10,False,False
U09158,2026-02-10,,True
U09159,2026-02-10,False,True
U09160,2026-02-10,True,False
U09161,2026-02-10,False,True
U09162,2026-02-10,,False
U09163,2026-02-10,False,True
U09164,2026-02-10,True,True
U09165,2026-02-10,False,True
U09166,2026-02-10,True,False
U09167,2026-02-10,False,True
U09168,2026-02-10,,False
U09169,2026-02-10,False,True
U09170,2026-02-10,False,True
U09171,2026-02-10,False,False
U09172,2026-02-10,True,False
U09173,2026-02-10,False,True
U09174,2026-02-10,True,False
U09175,2026-02-10,True,True
U09176,2026-02-10,False,True
U09177,2026-02-10,False,False
U09178,2026-02-10,True,False
U09179,2026-02-10,False,False
U09180,2026-02-10,False,False
U09181,2026-02-10,True,True
U09182,2026-02-10,False,True
U09183,2026-02-10,,False
U09184,2026-02-10,False,False
U09185,2026-02-10,,False
U09186,2026-02-10,,False
U09187,2026-02-10,False,False
U09188,2026-02-10,True,True
U09189,2026-02-10,,True
U09190,2026-02-10,,True
U09191,2026-02-10,False,True
U09192,2026-02-10,True,False
U09193,2026-02-10,True,False
U09194,2026-02-10,,False
U09195,2026-02-10,False,True
U09196,2026-02-10,True,True
U09197,2026-02-10,False,False
U09198,2026-02-10,True,False
U09199,2026-02-10,True,False
U09200,2026-02-10,,False
U09201,2026-02-10,,False
U09202,2026-02-10,,True
U09203,2026-02-10,True,True
U09204,2026-02-10,True,False
U09205,2026-02-10,,False
U09206,2026-02-10,False,False
U09207,2026-02-10,True,False
U09208,2026-02-10,False,True
U09209,2026-02-10,True,False
U09210,2026-02-10,,False
U09211,2026-02-10,False,True
U09212,2026-02-10,True,True
U09213,2026-02-10,,False
U09214,2026-02-10,True,True
U09215,2026-02-10,,True
U09216,2026-02-10,False,True
U09217,2026-02-10,True,False
U09218,2026-02-10,True,False
U09219,2026-02-10,True,False
U09220,2026-02-10,,False
U09221,2026-02-10,,True
U09222,2026-02-10,,True
U09223,2026-02-10,,False
U09224,2026-02-10,,False
U09225,2026-02-10,,True
U09226,2026-02-10,False,False
U09227,2026-02-10,False,True
U09228,2026-02-10,False,True
U09229,2026-02-10,True,True
U09230,2026-02-10,True,True
U09231,2026-02-10,True,False
U09232,2026-02-10,False,True
U09233,2026-02-10,,False
U09234,2026-02-10,True,True
U09235,2026-02-10,True,True
U09236,2026-02-10,True,False
U09237,2026-02-10,True,False
U09238,2026-02-10,,False
U09239,2026-02-10,True,True
U09240,2026-02-10,False,True
U09241,2026-02-10,True,False
U09242,2026-02-10,True,True
U09243,2026-02-10,True,True
U09244,2026-02-10,True,True
U09245,2026-02-10,True,False
U09246,2026-02-10,,True
U09247,2026-02-10,True,True
U09248,2026-02-10,False,True
U09249,2026-02-10,True,True
U09250,2026-02-10,False,False
U09251,2026-02-10,True,True
U09252,2026-02-10,True,False
U09253,2026-02-10,,True
U09254,2026-02-10,,False
U09255,2026-02-10,,False
U09256,2026-02-10,True,True
U09257,2026-02-10,,False
U09258,2026-02-10,True,False
U09259,2026-02-10,,True
U09260,2026-02-10,,False
U09261,2026-02-10,True,False
U09262,2026-02-10,,False
U09263,2026-02-10,,False
U09264,2026-02-10,False,True
U09265,2026-02-10,,True
U09266,2026-02-10,True,True
U09267,2026-02-10,False,False
U09268,2026-02-10,True,False
U09269,2026-02-10,,True
U09270,2026-02-10,,True
U09271,2026-02-10,True,False
U09272,2026-02-10,True,False
U09273,2026-02-10,,True
U09274,2026-02-10,False,True
U09275,2026-02-10,False,True
U09276,2026-02-10,,True
U09277,2026-02-10,False,True
U09278,2026-02-10,False,True
U09279,2026-02-10,False,True
U09280,2026-02-10,,True
U09281,2026-02-10,,False
U09282,2026-02-10,True,True
U09283,2026-02-10,True,False
U09284,2026-02-10,False,False
U09285,2026-02-10,False,True
U09286,2026-02-10,,True
U09287,2026-02-10,False,False
U09288,2026-02-10,True,True
U09289,2026-02-10,False,False
U09290,2026-02-10,,True
U09291,2026-02-10,True,True
U09292,2026-02-10,False,True
U09293,2026-02-10,,False
U09294,2026-02-10,False,False
U09295,2026-02-10,,True
U09296,2026-02-10,True,True
U09297,2026-02-10,,False
U09298,2026-02-10,,False
U09299,2026-02-10,True,True
U09300,2026-02-10,True,False
U09301,2026-02-10,True,True
U09302,2026-02-10,True,False
U09303,2026-02-10,,True
U09304,2026-02-10,False,False
U09305,2026-02-10,,False
U09306,2026-02-10,False,False
U09307,2026-02-10,False,False
U09308,2026-02-10,True,False
U09309,2026-02-10,False,False
U09310,2026-02-10,True,False
U09311,2026-02-10,,True
U09312,2026-02-10,True,False
U09313,2026-02-10,,True
U09314,2026-02-10,True,False
U09315,2026-02-10,True,True
U09316,2026-02-10,False,False
U09317,2026-02-10,True,False
U09318,2026-02-10,True,True
U09319,2026-02-10,False,True
U09320,2026-02-10,True,True
U09321,2026-02-10,False,True
U09322,2026-02-10,,False
U09323,2026-02-10,True,False
U09324,2026-02-10,True,True
U09325,2026-02-10,,True
U09326,2026-02-10,,True
U09327,2026-02-10,False,False
U09328,2026-02-10,,True
U09329,2026-02-10,True,True
U09330,2026-02-10,True,False
U09331,2026-02-10,True,False
U09332,2026-02-10,,True
U09333,2026-02-10,True,False
U09334,2026-02-10,True,True
U09335,2026-02-10,True,True
U09336,2026-02-10,False,True
U09337,2026-02-10,False,False
U09338,2026-02-10,,False
U09339,2026-02-10,,False
U09340,2026-02-10,,False
U09341,2026-02-10,False,True
U09342,2026-02-10,True,False
U09343,2026-02-10,True,False
U09344,2026-02-10,,True
U09345,2026-02-10,True,True
U09346,2026-02-10,False,True
U09347,2026-02-10,True,False
U09348,2026-02-10,False,False
U09349,2026-02-10,False,True
U09350,2026-02-10,False,False
U09351,2026-02-10,True,False
U09352,2026-02-10,False,True
U09353,2026-02-10,,False
U09354,2026-02-10,False,True
U09355,2026-02-10,True,True
U09356,2026-02-10,False,False
U09357,2026-02-10,False,True
U09358,2026-02-10,True,True
U09359,2026-02-10,,False
U09360,2026-02-10,,False
U09361,2026-02-10,,True
U09362,2026-02-10,False,False
U09363,2026-02-10,False,True
U09364,2026-02-10,False,True
U09365,2026-02-10,,False
U09366,2026-02-10,True,True
U09367,2026-02-10,,False
U09368,2026-02-10,True,True
U09369,2026-02-10,False,False
U09370,2026-02-10,False,False
U09371,2026-02-10,False,False
U09372,2026-02-10,False,False
U09373,2026-02-10,True,True
U09374,2026-02-10,False,True
U09375,2026-02-10,False,True
U09376,2026-02-10,True,False
U09377,2026-02-10,True,True
U09378,2026-02-10,,False
U09379,2026-02-10,True,False
U09380,2026-02-10,False,False
U09381,2026-02-10,,False
U09382,2026-02-10,,True
U09383,2026-02-10,False,True
U09384,2026-02-10,True,True
U09385,2026-02-10,False,False
U09386,2026-02-10,False,True
U09387,2026-02-10,,True
U09388,2026-02-10,True,False
U09389,2026-02-10,False,True
U09390,2026-02-10,False,False
U09391,2026-02-10,,False
U09392,2026-02-10,,True
U09393,2026-02-10,False,True
U09394,2026-02-10,True,True
U09395,2026-02-10,False,False
U09396,2026-02-10,False,False
U09397,2026-02-10,True,False
U09398,2026-02-10,True,False
U09399,2026-02-10,True,False
U09400,2026-02-10,False,False
U09401,2026-02-10,False,True
U09402,2026-02-10,True,False
U09403,2026-02-10,,False
U09404,2026-02-10,,True
U09405,2026-02-10,True,False
U09406,2026-02-10,True,True
U09407,2026-02-10,False,True
U09408,2026-02-10,,False
U09409,2026-02-10,False,False
U09410,2026-02-10,,True
U09411,2026-02-10,False,True
U09412,2026-02-10,True,False
U09413,2026-02-10,,False
U09414,2026-02-10,,True
U09415,2026-02-10,False,True
U09416,2026-02-10,False,False
U09417,2026-02-10,,True
U09418,2026-02-10,True,True
U09419,2026-02-10,,False
U09420,2026-02-10,False,True
U09421,2026-02-10,False,True
U09422,2026-02-10,False,True
U09423,2026-02-10,,True
U09424,2026-02-10,False,True
U09425,2026-02-10,,False
U09426,2026-02-10,,True
U09427,2026-02-10,False,False
U09428,2026-02-10,False,False
U09429,2026-02-10,True,False
U09430,2026-02-10,True,False
U09431,2026-02-10,False,False
U09432,2026-02-10,True,False
U09433,2026-02-10,,False
U09434,2026-02-10,False,False
U09435,2026-02-10,False,False
U09436,2026-02-10,True,False
U09437,2026-02-10,True,True
U09438,2026-02-10,True,False
U09439,2026-02-10,True,True
U09440,2026-02-10,False,True
U09441,2026-02-10,False,True
U09442,2026-02-10,False,True
U09443,2026-02-10,True,True
U09444,2026-02-10,,True
U09445,2026-02-10,True,True
U09446,2026-02-10,False,True
U09447,2026-02-10,True,True
U09448,2026-02-10,False,False
U09449,2026-02-10,,False
U09450,2026-02-10,False,True
U09451,2026-02-10,False,True
U09452,2026-02-10,False,True
U09453,2026-02-10,True,False
U09454,2026-02-10,True,False
U09455,2026-02-10,True,False
U09456,2026-02-10,False,False
U09457,2026-02-10,,True
U09458,2026-02-10,True,False
U09459,2026-02-10,True,True
U09460,2026-02-10,False,True
U09461,2026-02-10,True,True
U09462,2026-02-10,True,True
U09463,2026-02-10,True,False
U09464,2026-02-10,,True
U09465,2026-02-10,True,False
U09466,2026-02-10,True,False
U09467,2026-02-10,False,False
U09468,2026-02-10,True,True
U09469,2026-02-10,False,True
U09470,2026-02-10,True,False
U09471,2026-02-10,False,True
U09472,2026-02-10,True,True
U09473,2026-02-10,False,True
U09474,2026-02-10,False,True
U09475,2026-02-10,False,True
U09476,2026-02-10,True,False
U09477,2026-02-10,,True
U09478,2026-02-10,True,True
U09479,2026-02-10,False,False
U09480,2026-02-10,True,False
U09481,2026-02-10,False,False
U09482,2026-02-10,,True
U09483,2026-02-10,True,False
U09484,2026-02-10,True,False
U09485,2026-02-10,False,False
U09486,2026-02-10,True,True
U09487,2026-02-10,,True
U09488,2026-02-10,,True
U09489,2026-02-10,,False
U09490,2026-02-10,False,False
U09491,2026-02-10,True,True
U09492,2026-02-10,False,False
U09493,2026-02-10,True,True
U09494,2026-02-10,,True
U09495,2026-02-10,True,False
U09496,2026-02-10,,True
U09497,2026-02-10,False,True
U09498,2026-02-10,,True
U09499,2026-02-10,True,True
U09500,2026-02-10,False,True
U09501,2026-02-10,False,True
U09502,2026-02-10,False,False
U09503,2026-02-10,True,True
U09504,2026-02-10,False,False
U09505,2026-02-10,False,False
U09506,2026-02-10,,False
U09507,2026-02-10,True,False
U09508,2026-02-10,True,False
U09509,2026-02-10,False,True
U09510,2026-02-10,,False
U09511,2026-02-10,False,False
U09512,2026-02-10,True,False
U09513,2026-02-10,,True
U09514,2026-02-10,,False
U09515,2026-02-10,False,True
U09516,2026-02-10,False,False
U09517,2026-02-10,False,False
U09518,2026-02-10,True,True
U09519,2026-02-10,True,True
U09520,2026-02-10,,True
U09521,2026-02-10,,True
U09522,2026-02-10,,True
U09523,2026-02-10,True,True
U09524,2026-02-10,True,False
U09525,2026-02-10,False,True
U09526,2026-02-10,,True
U09527,2026-02-10,False,False
U09528,2026-02-10,,True
U09529,2026-02-10,,True
U09530,2026-02-10,True,True
U09531,2026-02-10,False,True
U09532,2026-02-10,True,True
U09533,2026-02-10,True,True
U09534,2026-02-10,True,True
U09535,2026-02-10,False,True
U09536,2026-02-10,True,True
U09537,2026-02-10,False,False
U09538,2026-02-10,False,True
U09539,2026-02-10,True,True
U09540,2026-02-10,False,False
U09541,2026-02-10,False,True
U09542,2026-02-10,True,False
U09543,2026-02-10,,False
U09544,2026-02-10,,True
U09545,2026-02-10,,True
U09546,2026-02-10,True,True
U09547,2026-02-10,True,False
U09548,2026-02-10,True,False
U09549,2026-02-10,True,False
U09550,2026-02-10,True,True
U09551,2026-02-10,,True
U09552,2026-02-10,False,True
U09553,2026-02-10,True,True
U09554,2026-02-10,False,False
U09555,2026-02-10,True,True
U09556,2026-02-10,,True
U09557,2026-02-10,False,False
U09558,2026-02-10,,False
U09559,2026-02-10,False,True
U09560,2026-02-10,True,True
U09561,2026-02-10,True,True
U09562,2026-02-10,False,False
U09563,2026-02-10,True,True
U09564,2026-02-10,False,False
U09565,2026-02-10,False,False
U09566,2026-02-10,False,True
U09567,2026-02-10,True,True
U09568,2026-02-10,False,True
U09569,2026-02-10,,False
U09570,2026-02-10,,True
U09571,2026-02-10,,True
U09572,2026-02-10,False,False
U09573,2026-02-10,,True
U09574,2026-02-10,,True
U09575,2026-02-10,True,False
U09576,2026-02-10,False,True
U09577,2026-02-10,,True
U09578,2026-02-10,True,False
U09579,2026-02-10,False,True
U09580,2026-02-10,,False
U09581,2026-02-10,True,False
U09582,2026-02-10,False,False
U09583,2026-02-10,False,True
U09584,2026-02-10,,False
U09585,2026-02-10,False,False
U09586,2026-02-10,True,True
U09587,2026-02-10,,True
U09588,2026-02-10,,False
U09589,2026-02-10,True,False
U09590,2026-02-10,True,True
U09591,2026-02-10,True,True
U09592,2026-02-10,,False
U09593,2026-02-10,False,True
U09594,2026-02-10,False,True
U09595,2026-02-10,True,True
U09596,2026-02-10,,True
U09597,2026-02-10,True,False
U09598,2026-02-10,,True
U09599,2026-02-10,False,False
U09600,2026-02-10,True,False
U09601,2026-02-10,True,False
U09602,2026-02-10,True,True
U09603,2026-02-10,True,True
U09604,2026-02-10,False,True
U09605,2026-02-10,,True
U09606,2026-02-10,,False
U09607,2026-02-10,False,False
U09608,2026-02-10,,True
U09609,2026-02-10,False,False
U09610,2026-02-10,,True
U09611,2026-02-10,False,False
U09612,2026-02-10,True,True
U09613,2026-02-10,True,True
U09614,2026-02-10,,False
U09615,2026-02-10,,False
U09616,2026-02-10,,True
U09617,2026-02-10,,True
U09618,2026-02-10,,True
U09619,2026-02-10,False,False
U09620,2026-02-10,False,True
U09621,2026-02-10,False,False
U09622,2026-02-10,,False
U09623,2026-02-10,,True
U09624,2026-02-10,True,True
U09625,2026-02-10,True,False
U09626,2026-02-10,False,True
U09627,2026-02-10,False,True
U09628,2026-02-10,True,False
U09629,2026-02-10,False,False
U09630,2026-02-10,False,False
U09631,2026-02-10,True,False
U09632,2026-02-10,,False
U09633,2026-02-10,,True
U09634,2026-02-10,,True
U09635,2026-02-10,False,False
U09636,2026-02-10,,False
U09637,2026-02-10,True,False
U09638,2026-02-10,True,True
U09639,2026-02-10,,False
U09640,2026-02-10,False,False
U09641,2026-02-10,True,True
U09642,2026-02-10,False,False
U09643,2026-02-10,True,False
U09644,2026-02-10,,False
U09645,2026-02-10,True,False
U09646,2026-02-10,True,True
U09647,2026-02-10,True,True
U09648,2026-02-10,False,True
U09649,2026-02-10,True,True
U09650,2026-02-10,False,False
U09651,2026-02-10,True,False
U09652,2026-02-10,False,True
U09653,2026-02-10,,False
U09654,2026-02-10,True,False
U09655,2026-02-10,True,True
U09656,2026-02-10,True,True
U09657,2026-02-10,True,True
U09658,2026-02-10,False,True
U09659,2026-02-10,False,True
U09660,2026-02-10,,True
U09661,2026-02-10,True,False
U09662,2026-02-10,False,True
U09663,2026-02-10,,False
U09664,2026-02-10,True,True
U09665,2026-02-10,False,False
U09666,2026-02-10,True,False
U09667,2026-02-10,False,True
U09668,2026-02-10,,False
U09669,2026-02-10,False,True
U09670,2026-02-10,True,True
U09671,2026-02-10,False,False
U09672,2026-02-10,,True
U09673,2026-02-10,True,True
U09674,2026-02-10,,True
U09675,2026-02-10,True,True
U09676,2026-02-10,,True
U09677,2026-02-10,True,False
U09678,2026-02-10,True,True
U09679,2026-02-10,True,True
U09680,2026-02-10,False,False
U09681,2026-02-10,True,True
U09682,2026-02-10,,True
U09683,2026-02-10,False,True
U09684,2026-02-10,,True
U09685,2026-02-10,False,True
U09686,2026-02-10,,True
U09687,2026-02-10,False,False
U09688,2026-02-10,,True
U09689,2026-02-10,False,False
U09690,2026-02-10,False,False
U09691,2026-02-10,True,False
U09692,2026-02-10,True,False
U09693,2026-02-10,False,True
U09694,2026-02-10,False,False
U09695,2026-02-10,True,False
U09696,2026-02-10,True,True
U09697,2026-02-10,,False
U09698,2026-02-10,True,False
U09699,2026-02-10,True,True
U09700,2026-02-10,False,False
U09701,2026-02-10,True,False
U09702,2026-02-10,False,True
U09703,2026-02-10,True,True
U09704,2026-02-10,True,True
U09705,2026-02-10,False,True
U09706,2026-02-10,True,False
U09707,2026-02-10,False,True
U09708,2026-02-10,False,False
U09709,2026-02-10,True,True
U09710,2026-02-10,,True
U09711,2026-02-10,False,False
U09712,2026-02-10,False,False
U09713,2026-02-10,True,True
U09714,2026-02-10,False,True
U09715,2026-02-10,False,False
U09716,2026-02-10,,False
U09717,2026-02-10,,False
U09718,2026-02-10,False,False
U09719,2026-02-10,True,False
U09720,2026-02-10,,True
U09721,2026-02-10,False,False
U09722,2026-02-10,True,True
U09723,2026-02-10,False,False
U09724,2026-02-10,True,False
U09725,2026-02-10,False,False
U09726,2026-02-10,True,False
U09727,2026-02-10,True,True
U09728,2026-02-10,False,True
U09729,2026-02-10,True,False
U09730,2026-02-10,,True
U09731,2026-02-10,True,True
U09732,2026-02-10,False,True
U09733,2026-02-10,False,False
U09734,2026-02-10,False,False
U09735,2026-02-10,True,False
U09736,2026-02-10,True,True
U09737,2026-02-10,False,False
U09738,2026-02-10,False,False
U09739,2026-02-10,True,False
U09740,2026-02-10,,False
U09741,2026-02-10,False,True
U09742,2026-02-10,True,False
U09743,2026-02-10,False,False
U09744,2026-02-10,,True
U09745,2026-02-10,False,True
U09746,2026-02-10,False,True
U09747,2026-02-10,False,False
U09748,2026-02-10,True,True
U09749,2026-02-10,,False
U09750,2026-02-10,,False
U09751,2026-02-10,True,True
U09752,2026-02-10,True,False
U09753,2026-02-10,True,False
U09754,2026-02-10,,False
U09755,2026-02-10,False,False
U09756,2026-02-10,True,True
U09757,2026-02-10,False,False
U09758,2026-02-10,True,False
U09759,2026-02-10,,True
U09760,2026-02-10,True,True
U09761,2026-02-10,False,True
U09762,2026-02-10,False,False
U09763,2026-02-10,True,False
U09764,2026-02-10,False,False
U09765,2026-02-10,,True
U09766,2026-02-10,False,True
U09767,2026-02-10,False,False
U09768,2026-02-10,False,True
U09769,2026-02-10,False,True
U09770,2026-02-10,False,False
U09771,2026-02-10,True,False
U09772,2026-02-10,,False
U09773,2026-02-10,False,False
U09774,2026-02-10,False,False
U09775,2026-02-10,True,False
U09776,2026-02-10,True,False
U09777,2026-02-10,,True
U09778,2026-02-10,False,False
U09779,2026-02-10,,True
U09780,2026-02-10,,False
U09781,2026-02-10,,True
U09782,2026-02-10,True,True
U09783,2026-02-10,False,False
U09784,2026-02-10,,True
U09785,2026-02-10,,True
U09786,2026-02-10,True,False
U09787,2026-02-10,False,True
U09788,2026-02-10,,False
U09789,2026-02-10,,False
U09790,2026-02-10,True,False
U09791,2026-02-10,True,False
U09792,2026-02-10,False,False
U09793,2026-02-10,True,False
U09794,2026-02-10,True,True
U09795,2026-02-10,,True
U09796,2026-02-10,False,False
U09797,2026-02-10,False,True
U09798,2026-02-10,True,True
U09799,2026-02-10,False,False
U09800,2026-02-10,,False
U09801,2026-02-10,,True
U09802,2026-02-10,True,False
U09803,2026-02-10,False,True
U09804,2026-02-10,,True
U09805,2026-02-10,True,True
U09806,2026-02-10,False,False
U09807,2026-02-10,False,False
U09808,2026-02-10,True,True
U09809,2026-02-10,,False
U09810,2026-02-10,,False
U09811,2026-02-10,False,True
U09812,2026-02-10,,False
U09813,2026-02-10,,True
U09814,2026-02-10,False,False
U09815,2026-02-10,True,False
U09816,2026-02-10,True,False
U09817,2026-02-10,,True
U09818,2026-02-10,,False
U09819,2026-02-10,False,True
U09820,2026-02-10,,False
U09821,2026-02-10,,False
U09822,2026-02-10,True,False
U09823,2026-02-10,,True
U09824,2026-02-10,True,True
U09825,2026-02-10,,False
U09826,2026-02-10,True,False
U09827,2026-02-10,,False
U09828,2026-02-10,,True
U09829,2026-02-10,,False
U09830,2026-02-10,,False
U09831,2026-02-10,True,False
U09832,2026-02-10,False,True
U09833,2026-02-10,True,True
U09834,2026-02-10,True,False
U09835,2026-02-10,True,True
U09836,2026-02-10,False,True
U09837,2026-02-10,,True
U09838,2026-02-10,,True
U09839,2026-02-10,,True
U09840,2026-02-10,False,True
U09841,2026-02-10,,True
U09842,2026-02-10,False,False
U09843,2026-02-10,True,True
U09844,2026-02-10,False,True
U09845,2026-02-10,False,True
U09846,2026-02-10,,False
U09847,2026-02-10,False,False
U09848,2026-02-10,True,False
U09849,2026-02-10,,False
U09850,2026-02-10,True,True
U09851,2026-02-10,True,True
U09852,2026-02-10,True,True
U09853,2026-02-10,False,False
U09854,2026-02-10,,True
U09855,2026-02-10,True,False
U09856,2026-02-10,False,False
U09857,2026-02-10,False,True
U09858,2026-02-10,False,True
U09859,2026-02-10,True,False
U09860,2026-02-10,,False
U09861,2026-02-10,True,True
U09862,2026-02-10,False,False
U09863,2026-02-10,,True
U09864,2026-02-10,False,True
U09865,2026-02-10,,False
U09866,2026-02-10,,True
U09867,2026-02-10,True,True
U09868,2026-02-10,,True
U09869,2026-02-10,False,True
U09870,2026-02-10,False,False
U09871,2026-02-10,,True
U09872,2026-02-10,False,False
U09873,2026-02-10,,False
U09874,2026-02-10,,True
U09875,2026-02-10,,True
U09876,2026-02-10,False,True
U09877,2026-02-10,True,False
U09878,2026-02-10,,False
U09879,2026-02-10,,True
U09880,2026-02-10,,True
U09881,2026-02-10,False,True
U09882,2026-02-10,True,False
U09883,2026-02-10,True,True
U09884,2026-02-10,False,True
U09885,2026-02-10,,True
U09886,2026-02-10,False,False
U09887,2026-02-10,True,False
U09888,2026-02-10,True,True
U09889,2026-02-10,True,True
U09890,2026-02-10,,True
U09891,2026-02-10,False,True
U09892,2026-02-10,False,True
U09893,2026-02-10,,True
U09894,2026-02-10,,False
U09895,2026-02-10,,True
U09896,2026-02-10,,False
U09897,2026-02-10,False,False
U09898,2026-02-10,True,True
U09899,2026-02-10,False,True
U09900,2026-02-10,,False
U09901,2026-02-10,,True
U09902,2026-02-10,,False
U09903,2026-02-10,,False
U09904,2026-02-10,True,True
U09905,2026-02-10,False,True
U09906,2026-02-10,False,True
U09907,2026-02-10,,False
U09908,2026-02-10,True,True
U09909,2026-02-10,False,False
U09910,2026-02-10,False,True
U09911,2026-02-10,True,True
U09912,2026-02-10,,True
U09913,2026-02-10,True,True
U09914,2026-02-10,,True
U09915,2026-02-10,False,True
U09916,2026-02-10,,True
U09917,2026-02-10,False,True
U09918,2026-02-10,,False
U09919,2026-02-10,False,False
U09920,2026-02-10,True,False
U09921,2026-02-10,,False
U09922,2026-02-10,,True
U09923,2026-02-10,,False
U09924,2026-02-10,False,False
U09925,2026-02-10,True,True
U09926,2026-02-10,True,True
U09927,2026-02-10,,False
U09928,2026-02-10,,True
U09929,2026-02-10,False,True
U09930,2026-02-10,,False
U09931,2026-02-10,True,False
U09932,2026-02-10,,True
U09933,2026-02-10,,True
U09934,2026-02-10,True,True
U09935,2026-02-10,False,False
U09936,2026-02-10,True,True
U09937,2026-02-10,True,False
U09938,2026-02-10,,False
U09939,2026-02-10,False,True
U09940,2026-02-10,True,False
U09941,2026-02-10,,False
U09942,2026-02-10,True,True
U09943,2026-02-10,False,True
U09944,2026-02-10,False,False
U09945,2026-02-10,True,False
U09946,2026-02-10,True,False
U09947,2026-02-10,False,True
U09948,2026-02-10,,False
U09949,2026-02-10,False,True
U09950,2026-02-10,,False
U09951,2026-02-10,False,False
U09952,2026-02-10,,True
U09953,2026-02-10,True,False
U09954,2026-02-10,,False
U09955,2026-02-10,,True
U09956,2026-02-10,True,False
U09957,2026-02-10,,False
U09958,2026-02-10,False,True
U09959,2026-02-10,,False
U09960,2026-02-10,False,False
U09961,2026-02-10,False,True
U09962,2026-02-10,True,True
U09963,2026-02-10,True,False
U09964,2026-02-10,True,False
U09965,2026-02-10,False,False
U09966,2026-02-10,,False
U09967,2026-02-10,False,True
U09968,2026-02-10,True,False
U09969,2026-02-10,,False
U09970,2026-02-10,,False
U09971,2026-02-10,,True
U09972,2026-02-10,True,True
U09973,2026-02-10,False,True
U09974,2026-02-10,,False
U09975,2026-02-10,True,True
U09976,2026-02-10,False,True
U09977,2026-02-10,True,False
U09978,2026-02-10,False,False
U09979,2026-02-10,True,False
U09980,2026-02-10,,False
U09981,2026-02-10,True,True
U09982,2026-02-10,False,False
U09983,2026-02-10,,True
U09984,2026-02-10,,True
U09985,2026-02-10,True,False
U09986,2026-02-10,,False
U09987,2026-02-10,False,False
U09988,2026-02-10,,False
U09989,2026-02-10,False,True
U09990,2026-02-10,False,False
U09991,2026-02-10,True,False
U09992,2026-02-10,True,True
U09993,2026-02-10,False,True
U09994,2026-02-10,True,False
U09995,2026-02-10,,True
U09996,2026-02-10,True,False
U09997,2026-02-10,True,True
U09998,2026-02-10,,True
U09999,2026-02-10,True,True
U10000,2026-02-10,False,True
U10001,2026-02-10,True,True
U10002,2026-02-10,True,False
U10003,2026-02-10,False,True
U10004,2026-02-10,,False
U10005,2026-02-10,False,True
U10006,2026-02-10,,True
U10007,2026-02-10,False,True
U10008,2026-02-10,True,False
U10009,2026-02-10,,True
U10010,2026-02-10,True,False
U10011,2026-02-10,True,True
U10012,2026-02-10,True,False
U10013,2026-02-10,False,True
U10014,2026-02-10,,False
U10015,2026-02-10,True,True
U10016,2026-02-10,,False
U10017,2026-02-10,,False
U10018,2026-02-10,,False
U10019,2026-02-10,False,True
U10020,2026-02-10,,True
U10021,2026-02-10,False,True
U10022,2026-02-10,False,True
U10023,2026-02-10,True,True
U10024,2026-02-10,True,False
U10025,2026-02-10,True,True
U10026,2026-02-10,,False
U10027,2026-02-10,False,False
U10028,2026-02-10,,True
U10029,2026-02-10,,False
U10030,2026-02-10,,False
U10031,2026-02-10,True,True
U10032,2026-02-10,,False
U10033,2026-02-10,False,True
U10034,2026-02-10,True,True
U10035,2026-02-10,False,False
U10036,2026-02-10,True,True
U10037,2026-02-10,False,False
U10038,2026-02-10,False,True
U10039,2026-02-10,,False
U10040,2026-02-10,,False
U10041,2026-02-10,False,True
U10042,2026-02-10,,False
U10043,2026-02-10,True,False
U10044,2026-02-10,True,False
U10045,2026-02-10,False,False
U10046,2026-02-10,True,True
U10047,2026-02-10,False,True
U10048,2026-02-10,True,True
U10049,2026-02-10,False,False
U10050,2026-02-10,False,True
U10051,2026-02-10,True,True
U10052,2026-02-10,False,False
U10053,2026-02-10,False,True
U10054,2026-02-10,,True
U10055,2026-02-10,True,False
U10056,2026-02-10,False,True
U10057,2026-02-10,True,False
U10058,2026-02-10,True,True
U10059,2026-02-10,True,True
U10060,2026-02-10,,False
U10061,2026-02-10,,True
U10062,2026-02-10,,True
U10063,2026-02-10,,False
U10064,2026-02-10,True,True
U10065,2026-02-10,False,True
U10066,2026-02-10,True,False
U10067,2026-02-10,,True
U10068,2026-02-10,False,False
U10069,2026-02-10,False,False
U10070,2026-02-10,False,True
U10071,2026-02-10,False,False
U10072,2026-02-10,False,True
U10073,2026-02-10,False,False
U10074,2026-02-10,True,True
U10075,2026-02-10,False,True
U10076,2026-02-10,True,False
U10077,2026-02-10,False,False
U10078,2026-02-10,True,True
U10079,2026-02-10,False,True
U10080,2026-02-10,,False
U10081,2026-02-10,True,False
U10082,2026-02-10,,True
U10083,2026-02-10,,True
U10084,2026-02-10,,False
U10085,2026-02-10,True,False
U10086,2026-02-10,False,False
U10087,2026-02-10,True,False
U10088,2026-02-10,True,True
U10089,2026-02-10,,False
U10090,2026-02-10,,True
U10091,2026-02-10,False,False
U10092,2026-02-10,,True
U10093,2026-02-10,,True
U10094,2026-02-10,False,False
U10095,2026-02-10,False,False
U10096,2026-02-10,,False
U10097,2026-02-10,,False
U10098,2026-02-10,True,True
U10099,2026-02-10,False,True
U10100,2026-02-10,,False
U10101,2026-02-10,False,True
U10102,2026-02-10,True,False
U10103,2026-02-10,True,True
U10104,2026-02-10,True,False
U10105,2026-02-10,False,False
U10106,2026-02-10,True,False
U10107,2026-02-10,True,True
U10108,2026-02-10,,True
U10109,2026-02-10,True,True
U10110,2026-02-10,,True
U10111,2026-02-10,,True
U10112,2026-02-10,,False
U10113,2026-02-10,False,True
U10114,2026-02-10,,True
U10115,2026-02-10,True,False
U10116,2026-02-10,,False
U10117,2026-02-10,,False
U10118,2026-02-10,,True
U10119,2026-02-10,,False
U10120,2026-02-10,,True
U10121,2026-02-10,True,False
U10122,2026-02-10,False,True
U10123,2026-02-10,,False
U10124,2026-02-10,True,False
U10125,2026-02-10,False,False
U10126,2026-02-10,,True
U10127,2026-02-10,True,True
U10128,2026-02-10,False,False
U10129,2026-02-10,True,True
U10130,2026-02-10,True,True
U10131,2026-02-10,,False
U10132,2026-02-10,False,False
U10133,2026-02-10,True,True
U10134,2026-02-10,False,False
U10135,2026-02-10,True,False
U10136,2026-02-10,True,True
U10137,2026-02-10,True,True
U10138,2026-02-10,,True
U10139,2026-02-10,,False
U10140,2026-02-10,True,True
U10141,2026-02-10,True,True
U10142,2026-02-10,,True
U10143,2026-02-10,False,False
U10144,2026-02-10,True,True
U10145,2026-02-10,False,False
U10146,2026-02-10,,False
U10147,2026-02-10,,True
U10148,2026-02-10,False,True
U10149,2026-02-10,False,True
U10150,2026-02-10,True,True
U10151,2026-02-10,True,False
U10152,2026-02-10,True,False
U10153,2026-02-10,False,True
U10154,2026-02-10,True,True
U10155,2026-02-10,False,True
U10156,2026-02-10,,False
U10157,2026-02-10,,True
U10158,2026-02-10,False,False
U10159,2026-02-10,False,False
U10160,2026-02-10,,False
U10161,2026-02-10,False,False
U10162,2026-02-10,,True
U10163,2026-02-10,,True
U10164,2026-02-10,,True
U10165,2026-02-10,True,False
U10166,2026-02-10,True,False
U10167,2026-02-10,False,True
U10168,2026-02-10,,False
U10169,2026-02-10,,True
U10170,2026-02-10,,False
U10171,2026-02-10,False,False
U10172,2026-02-10,False,False
U10173,2026-02-10,True,False
U10174,2026-02-10,True,True
U10175,2026-02-10,False,False
U10176,2026-02-10,True,False
U10177,2026-02-10,True,True
U10178,2026-02-10,True,False
U10179,2026-02-10,True,False
U10180,2026-02-10,True,True
U10181,2026-02-10,False,False
U10182,2026-02-10,,False
U10183,2026-02-10,True,True
U10184,2026-02-10,False,False
U10185,2026-02-10,True,False
U10186,2026-02-10,True,False
U10187,2026-02-10,True,True
U10188,2026-02-10,False,False
U10189,2026-02-10,True,False
U10190,2026-02-10,True,False
U10191,2026-02-10,True,True
U10192,2026-02-10,,True
U10193,2026-02-10,,False
U10194,2026-02-10,False,True
U10195,2026-02-10,,True
U10196,2026-02-10,True,True
U10197,2026-02-10,,True
U10198,2026-02-10,,True
U10199,2026-02-10,True,True
U10200,2026-02-10,,True
U10201,2026-02-10,,True
U10202,2026-02-10,True,False
U10203,2026-02-10,True,True
U10204,2026-02-10,,False
U10205,2026-02-10,False,True
U10206,2026-02-10,,True
U10207,2026-02-10,False,False
U10208,2026-02-10,,False
U10209,2026-02-10,,False
U10210,2026-02-10,True,True
U10211,2026-02-10,,True
U10212,2026-02-10,False,True
U10213,2026-02-10,True,False
U10214,2026-02-10,True,True
U10215,2026-02-10,False,False
U10216,2026-02-10,False,False
U10217,2026-02-10,,False
U10218,2026-02-10,False,False
U10219,2026-02-10,,True
U10220,2026-02-10,True,False
U10221,2026-02-10,False,False
U10222,2026-02-10,,False
U10223,2026-02-10,False,True
U10224,2026-02-10,,True
U10225,2026-02-10,True,True
U10226,2026-02-10,,True
U10227,2026-02-10,,False
U10228,2026-02-10,False,False
U10229,2026-02-10,,True
U10230,2026-02-10,False,False
U10231,2026-02-10,False,False
U10232,2026-02-10,False,True
U10233,2026-02-10,True,False
U10234,2026-02-10,True,True
U10235,2026-02-10,False,False
U10236,2026-02-10,True,False
U10237,2026-02-10,,False
U10238,2026-02-10,False,True
U10239,2026-02-10,True,False
U10240,2026-02-10,True,False
U10241,2026-02-10,True,False
U10242,2026-02-10,,False
U10243,2026-02-10,True,False
U10244,2026-02-10,True,False
U10245,2026-02-10,False,True
U10246,2026-02-10,False,False
U10247,2026-02-10,True,True
U10248,2026-02-10,True,False
U10249,2026-02-10,True,False
U10250,2026-02-10,,False
U10251,2026-02-10,True,True
U10252,2026-02-10,False,True
U10253,2026-02-10,,True
U10254,2026-02-10,True,False
U10255,2026-02-10,True,True
U10256,2026-02-10,False,False
U10257,2026-02-10,True,False
U10258,2026-02-10,False,True
U10259,2026-02-10,False,False
U10260,2026-02-10,,True
U10261,2026-02-10,False,True
U10262,2026-02-10,True,False
U10263,2026-02-10,False,True
U10264,2026-02-10,True,True
U10265,2026-02-10,,False
U10266,2026-02-10,False,False
U10267,2026-02-10,,False
U10268,2026-02-10,True,False
U10269,2026-02-10,False,False
U10270,2026-02-10,True,True
U10271,2026-02-10,,False
U10272,2026-02-10,,False
U10273,2026-02-10,,True
U10274,2026-02-10,False,False
U10275,2026-02-10,True,True
U10276,2026-02-10,,False
U10277,2026-02-10,False,False
U10278,2026-02-10,,False
U10279,2026-02-10,,True
U10280,2026-02-10,False,False
U10281,2026-02-10,False,True
U10282,2026-02-10,,True
U10283,2026-02-10,True,False
U10284,2026-02-10,,False
U10285,2026-02-10,False,False
U10286,2026-02-10,False,True
U10287,2026-02-10,False,False
U10288,2026-02-10,True,True
U10289,2026-02-10,True,False
U10290,2026-02-10,False,True
U10291,2026-02-10,,False
U10292,2026-02-10,True,True
U10293,2026-02-10,,True
U10294,2026-02-10,,True
U10295,2026-02-10,True,True
U10296,2026-02-10,,False
U10297,2026-02-10,False,False
U10298,2026-02-10,True,True
U10299,2026-02-10,True,True
U10300,2026-02-10,,False
U10301,2026-02-10,True,True
U10302,2026-02-10,True,False
U10303,2026-02-10,False,False
U10304,2026-02-10,True,True
U10305,2026-02-10,,True
U10306,2026-02-10,False,True
U10307,2026-02-10,True,False
U10308,2026-02-10,False,False
U10309,2026-02-10,,True
U10310,2026-02-10,False,True
U10311,2026-02-10,False,False
U10312,2026-02-10,True,True
U10313,2026-02-10,True,False
U10314,2026-02-10,,True
U10315,2026-02-10,True,True
U10316,2026-02-10,True,True
U10317,2026-02-10,True,True
U10318,2026-02-10,False,True
U10319,2026-02-10,True,False
U10320,2026-02-10,,True
U10321,2026-02-10,True,True
U10322,2026-02-10,,False
U10323,2026-02-10,False,True
U10324,2026-02-10,True,False
U10325,2026-02-10,False,True
U10326,2026-02-10,,True
U10327,2026-02-10,,True
U10328,2026-02-10,,False
U10329,2026-02-10,False,False
U10330,2026-02-10,True,False
U10331,2026-02-10,False,False
U10332,2026-02-10,True,False
U10333,2026-02-10,True,False
U10334,2026-02-10,False,False
U10335,2026-02-10,,True
U10336,2026-02-10,True,True
U10337,2026-02-10,True,True
U10338,2026-02-10,True,False
U10339,2026-02-10,False,True
U10340,2026-02-10,True,True
U10341,2026-02-10,True,False
U10342,2026-02-10,,True
U10343,2026-02-10,True,False
U10344,2026-02-10,False,False
U10345,2026-02-10,False,True
U10346,2026-02-10,True,True
U10347,2026-02-10,False,True
U10348,2026-02-10,False,False
U10349,2026-02-10,False,False
U10350,2026-02-10,True,False
U10351,2026-02-10,True,True
U10352,2026-02-10,,False
U10353,2026-02-10,True,True
U10354,2026-02-10,False,True
U10355,2026-02-10,False,False
U10356,2026-02-10,True,False
U10357,2026-02-10,True,False
U10358,2026-02-10,True,True
U10359,2026-02-10,,False
U10360,2026-02-10,,False
U10361,2026-02-10,,True
U10362,2026-02-10,True,False
U10363,2026-02-10,False,True
U10364,2026-02-10,,False
U10365,2026-02-10,False,False
U10366,2026-02-10,,True
U10367,2026-02-10,False,False
U10368,2026-02-10,False,True
U10369,2026-02-10,False,True
U10370,2026-02-10,False,True
U10371,2026-02-10,True,True
U10372,2026-02-10,True,False
U10373,2026-02-10,True,False
U10374,2026-02-10,,False
U10375,2026-02-10,False,False
U10376,2026-02-10,,True
U10377,2026-02-10,False,False
U10378,2026-02-10,False,False
U10379,2026-02-10,,False
U10380,2026-02-10,,True
U10381,2026-02-10,True,True
U10382,2026-02-10,,False
U10383,2026-02-10,,False
U10384,2026-02-10,,True
U10385,2026-02-10,False,False
U10386,2026-02-10,True,False
U10387,2026-02-10,False,True
U10388,2026-02-10,False,True
U10389,2026-02-10,True,False
U10390,2026-02-10,False,False
U10391,2026-02-10,True,True
U10392,2026-02-10,True,True
U10393,2026-02-10,,False
U10394,2026-02-10,False,True
U10395,2026-02-10,True,True
U10396,2026-02-10,True,True
U10397,2026-02-10,,True
U10398,2026-02-10,False,False
U10399,2026-02-10,,False
U10400,2026-02-10,True,False
U10401,2026-02-10,True,True
U10402,2026-02-10,,True
U10403,2026-02-10,True,False
U10404,2026-02-10,False,True
U10405,2026-02-10,True,True
U10406,2026-02-10,,False
U10407,2026-02-10,False,False
U10408,2026-02-10,True,True
U10409,2026-02-10,False,False
U10410,2026-02-10,,False
U10411,2026-02-10,,False
U10412,2026-02-10,True,True
U10413,2026-02-10,True,True
U10414,2026-02-10,False,False
U10415,2026-02-10,True,False
U10416,2026-02-10,,False
U10417,2026-02-10,True,False
U10418,2026-02-10,,True
U10419,2026-02-10,False,True
U10420,2026-02-10,,True
U10421,2026-02-10,,False
U10422,2026-02-10,,False
U10423,2026-02-10,False,False
U10424,2026-02-10,False,False
U10425,2026-02-10,False,True
U10426,2026-02-10,,False
U10427,2026-02-10,,False
U10428,2026-02-10,,False
U10429,2026-02-10,,False
U10430,2026-02-10,,False
U10431,2026-02-10,True,True
U10432,2026-02-10,True,False
U10433,2026-02-10,True,True
U10434,2026-02-10,False,True
U10435,2026-02-10,True,True
U10436,2026-02-10,,True
U10437,2026-02-10,False,True
U10438,2026-02-10,False,False
U10439,2026-02-10,True,True
U10440,2026-02-10,True,False
U10441,2026-02-10,False,False
U10442,2026-02-10,False,False
U10443,2026-02-10,,False
U10444,2026-02-10,False,False
U10445,2026-02-10,False,False
U10446,2026-02-10,False,False
U10447,2026-02-10,False,False
U10448,2026-02-10,False,True
U10449,2026-02-10,True,False
U10450,2026-02-10,False,False
U10451,2026-02-10,False,True
U10452,2026-02-10,True,True
U10453,2026-02-10,False,False
U10454,2026-02-10,False,False
U10455,2026-02-10,,True
U10456,2026-02-10,False,True
U10457,2026-02-10,False,True
U10458,2026-02-10,False,False
U10459,2026-02-10,False,False
U10460,2026-02-10,False,True
U10461,2026-02-10,True,True
U10462,2026-02-10,False,False
U10463,2026-02-10,False,True
U10464,2026-02-10,,False
U10465,2026-02-10,False,True
U10466,2026-02-10,True,True
U10467,2026-02-10,True,False
U10468,2026-02-10,,False
U10469,2026-02-10,True,True
U10470,2026-02-10,False,False
U10471,2026-02-10,True,True
U10472,2026-02-10,False,True
U10473,2026-02-10,True,False
U10474,2026-02-10,True,True
U10475,2026-02-10,,False
U10476,2026-02-10,False,True
U10477,2026-02-10,True,False
U10478,2026-02-10,True,True
U10479,2026-02-10,True,False
U10480,2026-02-10,,True
U10481,2026-02-10,,True
U10482,2026-02-10,True,False
U10483,2026-02-10,,True
U10484,2026-02-10,True,False
U10485,2026-02-10,,True
U10486,2026-02-10,,False
U10487,2026-02-10,,True
U10488,2026-02-10,,False
U10489,2026-02-10,,False
U10490,2026-02-10,,False
U10491,2026-02-10,True,False
U10492,2026-02-10,False,True
U10493,2026-02-10,,False
U10494,2026-02-10,True,True
U10495,2026-02-10,False,False
U10496,2026-02-10,,False
U10497,2026-02-10,,True
U10498,2026-02-10,False,False
U10499,2026-02-10,True,False
U10500,2026-02-10,True,False
U10501,2026-02-10,False,False
U10502,2026-02-10,False,True
U10503,2026-02-10,,False
U10504,2026-02-10,False,True
U10505,2026-02-10,,False
U10506,2026-02-10,,True
U10507,2026-02-10,False,True
U10508,2026-02-10,True,False
U10509,2026-02-10,True,True
U10510,2026-02-10,,False
U10511,2026-02-10,False,True
U10512,2026-02-10,,True
U10513,2026-02-10,True,True
U10514,2026-02-10,False,True
U10515,2026-02-10,False,False
U10516,2026-02-10,,True
U10517,2026-02-10,False,True
U10518,2026-02-10,False,True
U10519,2026-02-10,True,True
U10520,2026-02-10,True,False
U10521,2026-02-10,,False
U10522,2026-02-10,False,False
U10523,2026-02-10,,False
U10524,2026-02-10,False,False
U10525,2026-02-10,,False
U10526,2026-02-10,True,False
U10527,2026-02-10,True,False
U10528,2026-02-10,,False
U10529,2026-02-10,,True
U10530,2026-02-10,True,True
U10531,2026-02-10,,True
U10532,2026-02-10,,False
U10533,2026-02-10,,False
U10534,2026-02-10,,False
U10535,2026-02-10,True,False
U10536,2026-02-10,True,True
U10537,2026-02-10,,True
U10538,2026-02-10,True,False
U10539,2026-02-10,True,False
U10540,2026-02-10,,False
U10541,2026-02-10,,False
U10542,2026-02-10,True,False
U10543,2026-02-10,False,False
U10544,2026-02-10,False,True
U10545,2026-02-10,True,False
U10546,2026-02-10,True,True
U10547,2026-02-10,False,False
U10548,2026-02-10,True,True
U10549,2026-02-10,,True
U10550,2026-02-10,False,True
U10551,2026-02-10,,True
U10552,2026-02-10,False,True
U10553,2026-02-10,False,True
U10554,2026-02-10,False,False
U10555,2026-02-10,False,False
U10556,2026-02-10,False,True
U10557,2026-02-10,False,True
U10558,2026-02-10,True,True
U10559,2026-02-10,False,True
U10560,2026-02-10,True,False
U10561,2026-02-10,True,False
U10562,2026-02-10,,True
U10563,2026-02-10,True,True
U10564,2026-02-10,True,False
U10565,2026-02-10,,True
U10566,2026-02-10,True,False
U10567,2026-02-10,False,False
U10568,2026-02-10,,False
U10569,2026-02-10,True,False
U10570,2026-02-10,False,False
U10571,2026-02-10,,False
U10572,2026-02-10,,False
U10573,2026-02-10,True,False
U10574,2026-02-10,False,False
U10575,2026-02-10,False,False
U10576,2026-02-10,True,True
U10577,2026-02-10,,True
U10578,2026-02-10,False,True
U10579,2026-02-10,False,True
U10580,2026-02-10,False,True
U10581,2026-02-10,False,False
U10582,2026-02-10,,True
U10583,2026-02-10,,False
U10584,2026-02-10,False,False
U10585,2026-02-10,True,False
U10586,2026-02-10,,True
U10587,2026-02-10,,False
U10588,2026-02-10,,False
U10589,2026-02-10,False,True
U10590,2026-02-10,,True
U10591,2026-02-10,True,True
U10592,2026-02-10,,False
U10593,2026-02-10,False,True
U10594,2026-02-10,True,True
U10595,2026-02-10,,False
U10596,2026-02-10,,True
U10597,2026-02-10,True,True
U10598,2026-02-10,,True
U10599,2026-02-10,,False
U10600,2026-02-10,,True
U10601,2026-02-10,,True
U10602,2026-02-10,True,False
U10603,2026-02-10,,True
U10604,2026-02-10,,True
U10605,2026-02-10,True,False
U10606,2026-02-10,True,False
U10607,2026-02-10,False,True
U10608,2026-02-10,True,True
U10609,2026-02-10,False,True
U10610,2026-02-10,True,False
U10611,2026-02-10,True,True
U10612,2026-02-10,False,True
U10613,2026-02-10,True,False
U10614,2026-02-10,,False
U10615,2026-02-10,,False
U10616,2026-02-10,,False
U10617,2026-02-10,True,True
U10618,2026-02-10,,False
U10619,2026-02-10,True,False
U10620,2026-02-10,False,False
U10621,2026-02-10,False,False
U10622,2026-02-10,,True
U10623,2026-02-10,True,False
U10624,2026-02-10,False,False
U10625,2026-02-10,True,False
U10626,2026-02-10,False,True
U10627,2026-02-10,,True
U10628,2026-02-10,True,True
U10629,2026-02-10,True,False
U10630,2026-02-10,False,False
U10631,2026-02-10,,True
U10632,2026-02-10,,False
U10633,2026-02-10,False,True
U10634,2026-02-10,False,True
U10635,2026-02-10,,True
U10636,2026-02-10,,False
U10637,2026-02-10,,True
U10638,2026-02-10,,False
U10639,2026-02-10,,False
U10640,2026-02-10,False,True
U10641,2026-02-10,False,False
U10642,2026-02-10,,True
U10643,2026-02-10,True,True
U10644,2026-02-10,False,True
U10645,2026-02-10,False,False
U10646,2026-02-10,True,True
U10647,2026-02-10,True,True
U10648,2026-02-10,,False
U10649,2026-02-10,True,True
U10650,2026-02-10,False,False
U10651,2026-02-10,True,False
U10652,2026-02-10,,False
U10653,2026-02-10,,True
U10654,2026-02-10,,True
U10655,2026-02-10,,False
U10656,2026-02-10,False,False
U10657,2026-02-10,,True
U10658,2026-02-10,True,True
U10659,2026-02-10,,False
U10660,2026-02-10,,False
U10661,2026-02-10,False,False
U10662,2026-02-10,,False
U10663,2026-02-10,False,False
U10664,2026-02-10,False,False
U10665,2026-02-10,True,True
U10666,2026-02-10,False,False
U10667,2026-02-10,False,True
U10668,2026-02-10,True,False
U10669,2026-02-10,True,True
U10670,2026-02-10,,False
U10671,2026-02-10,False,True
U10672,2026-02-10,False,True
U10673,2026-02-10,True,False
U10674,2026-02-10,,False
U10675,2026-02-10,False,False
U10676,2026-02-10,,True
U10677,2026-02-10,,True
U10678,2026-02-10,,False
U10679,2026-02-10,True,True
U10680,2026-02-10,,False
U10681,2026-02-10,,True
U10682,2026-02-10,,True
U10683,2026-02-10,True,True
U10684,2026-02-10,False,False
U10685,2026-02-10,,False
U10686,2026-02-10,,True
U10687,2026-02-10,True,True
U10688,2026-02-10,True,False
U10689,2026-02-10,True,False
U10690,2026-02-10,,False
U10691,2026-02-10,True,False
U10692,2026-02-10,,False
U10693,2026-02-10,,True
U10694,2026-02-10,,False
U10695,2026-02-10,False,True
U10696,2026-02-10,False,True
U10697,2026-02-10,False,False
U10698,2026-02-10,False,False
U10699,2026-02-10,,False
U10700,2026-02-10,False,True
U10701,2026-02-10,,True
U10702,2026-02-10,False,False
U10703,2026-02-10,,False
U10704,2026-02-10,,True
U10705,2026-02-10,,False
U10706,2026-02-10,False,True
U10707,2026-02-10,False,True
U10708,2026-02-10,False,True
U10709,2026-02-10,False,True
U10710,2026-02-10,True,True
U10711,2026-02-10,True,True
U10712,2026-02-10,False,True
U10713,2026-02-10,,False
U10714,2026-02-10,True,True
U10715,2026-02-10,False,False
U10716,2026-02-10,,False
U10717,2026-02-10,False,True
U10718,2026-02-10,,False
U10719,2026-02-10,,True
U10720,2026-02-10,,False
U10721,2026-02-10,False,False
U10722,2026-02-10,True,True
U10723,2026-02-10,,True
U10724,2026-02-10,,False
U10725,2026-02-10,False,True
U10726,2026-02-10,True,True
U10727,2026-02-10,True,False
U10728,2026-02-10,,False
U10729,2026-02-10,,True
U10730,2026-02-10,,False
U10731,2026-02-10,,True
U10732,2026-02-10,True,True
U10733,2026-02-10,False,False
U10734,2026-02-10,False,False
U10735,2026-02-10,True,False
U10736,2026-02-10,False,False
U10737,2026-02-10,False,True
U10738,2026-02-10,True,True
U10739,2026-02-10,False,False
U10740,2026-02-10,True,False
U10741,2026-02-10,True,True
U10742,2026-02-10,True,True
U10743,2026-02-10,True,True
U10744,2026-02-10,False,True
U10745,2026-02-10,True,True
U10746,2026-02-10,,False
U10747,2026-02-10,False,True
U10748,2026-02-10,False,False
U10749,2026-02-10,False,True
U10750,2026-02-10,True,False
U10751,2026-02-10,False,True
U10752,2026-02-10,False,True
U10753,2026-02-10,,False
U10754,2026-02-10,False,False
U10755,2026-02-10,True,False
U10756,2026-02-10,False,True
U10757,2026-02-10,,True
U10758,2026-02-10,True,True
U10759,2026-02-10,False,True
U10760,2026-02-10,False,False
U10761,2026-02-10,False,False
U10762,2026-02-10,False,False
U10763,2026-02-10,True,False
U10764,2026-02-10,True,True
U10765,2026-02-10,,False
U10766,2026-02-10,True,False
U10767,2026-02-10,True,False
U10768,2026-02-10,True,True
U10769,2026-02-10,,False
U10770,2026-02-10,,False
U10771,2026-02-10,,False
U10772,2026-02-10,False,True
U10773,2026-02-10,,True
U10774,2026-02-10,False,False
U10775,2026-02-10,False,False
U10776,2026-02-10,True,False
U10777,2026-02-10,,True
U10778,2026-02-10,True,True
U10779,2026-02-10,,False
U10780,2026-02-10,True,True
U10781,2026-02-10,,False
U10782,2026-02-10,False,True
U10783,2026-02-10,,True
U10784,2026-02-10,False,False
U10785,2026-02-10,,False
U10786,2026-02-10,,False
U10787,2026-02-10,False,True
U10788,2026-02-10,True,True
U10789,2026-02-10,,True
U10790,2026-02-10,False,False
U10791,2026-02-10,True,True
U10792,2026-02-10,True,False
U10793,2026-02-10,False,False
U10794,2026-02-10,False,True
U10795,2026-02-10,False,False
U10796,2026-02-10,False,True
U10797,2026-02-10,True,False
U10798,2026-02-10,True,True
U10799,2026-02-10,False,False
U10800,2026-02-10,,False
U10801,2026-02-10,,False
U10802,2026-02-10,True,True
U10803,2026-02-10,True,True
U10804,2026-02-10,False,True
U10805,2026-02-10,,False
U10806,2026-02-10,False,True
U10807,2026-02-10,False,False
U10808,2026-02-10,,False
U10809,2026-02-10,False,True
U10810,2026-02-10,,True
U10811,2026-02-10,True,False
U10812,2026-02-10,,True
U10813,2026-02-10,True,True
U10814,2026-02-10,,False
U10815,2026-02-10,True,True
U10816,2026-02-10,False,True
U10817,2026-02-10,,True
U10818,2026-02-10,False,True
U10819,2026-02-10,True,False
U10820,2026-02-10,True,False
U10821,2026-02-10,False,False
U10822,2026-02-10,True,True
U10823,2026-02-10,True,False
U10824,2026-02-10,,True
U10825,2026-02-10,,False
U10826,2026-02-10,True,True
U10827,2026-02-10,,False
U10828,2026-02-10,,False
U10829,2026-02-10,False,False
U10830,2026-02-10,True,False
U10831,2026-02-10,False,True
U10832,2026-02-10,False,True
U10833,2026-02-10,True,False
U10834,2026-02-10,,True
U10835,2026-02-10,True,True
U10836,2026-02-10,False,False
U10837,2026-02-10,True,True
U10838,2026-02-10,True,False
U10839,2026-02-10,True,True
U10840,2026-02-10,True,True
U10841,2026-02-10,True,True
U10842,2026-02-10,,False
U10843,2026-02-10,False,False
U10844,2026-02-10,,True
U10845,2026-02-10,,False
U10846,2026-02-10,True,True
U10847,2026-02-10,False,True
U10848,2026-02-10,True,False
U10849,2026-02-10,True,True
U10850,2026-02-10,False,False
U10851,2026-02-10,False,True
U10852,2026-02-10,True,False
U10853,2026-02-10,True,False
U10854,2026-02-10,False,True
U10855,2026-02-10,True,True
U10856,2026-02-10,False,False
U10857,2026-02-10,True,True
U10858,2026-02-10,,True
U10859,2026-02-10,True,True
U10860,2026-02-10,True,False
U10861,2026-02-10,True,True
U10862,2026-02-10,False,True
U10863,2026-02-10,,True
U10864,2026-02-10,True,True
U10865,2026-02-10,True,False
U10866,2026-02-10,False,True
U10867,2026-02-10,,True
U10868,2026-02-10,True,True
U10869,2026-02-10,True,True
U10870,2026-02-10,True,False
U10871,2026-02-10,,False
U10872,2026-02-10,True,True
U10873,2026-02-10,,True
U10874,2026-02-10,True,True
U10875,2026-02-10,,True
U10876,2026-02-10,False,True
U10877,2026-02-10,,False
U10878,2026-02-10,True,True
U10879,2026-02-10,True,True
U10880,2026-02-10,,False
U10881,2026-02-10,False,False
U10882,2026-02-10,,False
U10883,2026-02-10,False,True
U10884,2026-02-10,True,False
U10885,2026-02-10,True,False
U10886,2026-02-10,False,False
U10887,2026-02-10,,False
U10888,2026-02-10,False,True
U10889,2026-02-10,True,False
U10890,2026-02-10,,False
U10891,2026-02-10,False,True
U10892,2026-02-10,False,True
U10893,2026-02-10,,True
U10894,2026-02-10,,False
U10895,2026-02-10,True,False
U10896,2026-02-10,False,False
U10897,2026-02-10,,True
U10898,2026-02-10,False,False
U10899,2026-02-10,True,False
U10900,2026-02-10,True,False
U10901,2026-02-10,False,True
U10902,2026-02-10,False,True
U10903,2026-02-10,False,False
U10904,2026-02-10,False,False
U10905,2026-02-10,,True
U10906,2026-02-10,False,False
U10907,2026-02-10,False,True
U10908,2026-02-10,False,True
U10909,2026-02-10,,True
U10910,2026-02-10,,False
U10911,2026-02-10,False,False
U10912,2026-02-10,True,False
U10913,2026-02-10,False,False
U10914,2026-02-10,True,True
U10915,2026-02-10,False,False
U10916,2026-02-10,True,False
U10917,2026-02-10,False,False
U10918,2026-02-10,False,False
U10919,2026-02-10,,False
U10920,2026-02-10,,True
U10921,2026-02-10,False,True
U10922,2026-02-10,,False
U10923,2026-02-10,True,False
U10924,2026-02-10,,True
U10925,2026-02-10,True,False
U10926,2026-02-10,True,False
U10927,2026-02-10,False,True
U10928,2026-02-10,False,True
U10929,2026-02-10,False,False
U10930,2026-02-10,True,True
U10931,2026-02-10,,False
U10932,2026-02-10,,False
U10933,2026-02-10,True,True
U10934,2026-02-10,False,False
U10935,2026-02-10,True,False
U10936,2026-02-10,False,False
U10937,2026-02-10,,False
U10938,2026-02-10,True,True
U10939,2026-02-10,False,True
U10940,2026-02-10,False,True
U10941,2026-02-10,False,False
U10942,2026-02-10,,True
U10943,2026-02-10,,True
U10944,2026-02-10,False,True
U10945,2026-02-10,False,True
U10946,2026-02-10,,True
U10947,2026-02-10,True,False
U10948,2026-02-10,,True
U10949,2026-02-10,,False
U10950,2026-02-10,True,True
U10951,2026-02-10,True,True
U10952,2026-02-10,False,True
U10953,2026-02-10,False,True
U10954,2026-02-10,False,True
U10955,2026-02-10,False,True
U10956,2026-02-10,True,True
U10957,2026-02-10,False,False
U10958,2026-02-10,False,True
U10959,2026-02-10,,True
U10960,2026-02-10,False,False
U10961,2026-02-10,,True
U10962,2026-02-10,True,True
U10963,2026-02-10,True,False
U10964,2026-02-10,False,True
U10965,2026-02-10,,False
U10966,2026-02-10,False,False
U10967,2026-02-10,True,False
U10968,2026-02-10,,False
U10969,2026-02-10,True,True
U10970,2026-02-10,False,False
U10971,2026-02-10,False,False
U10972,2026-02-10,True,True
U10973,2026-02-10,,True
U10974,2026-02-10,False,True
U10975,2026-02-10,,False
U10976,2026-02-10,True,True
U10977,2026-02-10,False,False
U10978,2026-02-10,,True
U10979,2026-02-10,,True
U10980,2026-02-10,True,False
U10981,2026-02-10,,False
U10982,2026-02-10,,False
U10983,2026-02-10,,False
U10984,2026-02-10,True,False
U10985,2026-02-10,False,True
U10986,2026-02-10,False,True
U10987,2026-02-10,True,False
U10988,2026-02-10,True,True
U10989,2026-02-10,True,True
U10990,2026-02-10,False,True
U10991,2026-02-10,True,False
U10992,2026-02-10,,True
U10993,2026-02-10,True,False
U10994,2026-02-10,,True
U10995,2026-02-10,,False
U10996,2026-02-10,,True
U10997,2026-02-10,True,True
U10998,2026-02-10,True,True
U10999,2026-02-10,False,False
U11000,2026-02-10,True,False
U11001,2026-02-10,,False
U11002,2026-02-10,False,True
U11003,2026-02-10,,False
U11004,2026-02-10,,True
U11005,2026-02-10,False,True
U11006,2026-02-10,,False
U11007,2026-02-10,True,True
U11008,2026-02-10,True,False
U11009,2026-02-10,False,True
U11010,2026-02-10,True,True
U11011,2026-02-10,False,True
U11012,2026-02-10,True,False
U11013,2026-02-10,True,False
U11014,2026-02-10,,True
U11015,2026-02-10,True,True
U11016,2026-02-10,False,True
U11017,2026-02-10,True,True
U11018,2026-02-10,,False
U11019,2026-02-10,False,True
U11020,2026-02-10,False,True
U11021,2026-02-10,,True
U11022,2026-02-10,,True
U11023,2026-02-10,True,False
U11024,2026-02-10,True,True
U11025,2026-02-10,True,False
U11026,2026-02-10,,False
U11027,2026-02-10,False,False
U11028,2026-02-10,True,True
U11029,2026-02-10,True,False
U11030,2026-02-10,True,True
U11031,2026-02-10,False,True
U11032,2026-02-10,,False
U11033,2026-02-10,,True
U11034,2026-02-10,False,True
U11035,2026-02-10,True,False
U11036,2026-02-10,True,True
U11037,2026-02-10,False,False
U11038,2026-02-10,True,True
U11039,2026-02-10,False,True
U11040,2026-02-10,True,True
U11041,2026-02-10,,True
U11042,2026-02-10,,False
U11043,2026-02-10,True,True
U11044,2026-02-10,False,False
U11045,2026-02-10,,True
U11046,2026-02-10,True,True
U11047,2026-02-10,False,True
U11048,2026-02-10,True,True
U11049,2026-02-10,,False
U11050,2026-02-10,,False
U11051,2026-02-10,False,True
U11052,2026-02-10,False,True
U11053,2026-02-10,,True
U11054,2026-02-10,False,False
U11055,2026-02-10,,False
U11056,2026-02-10,False,False
U11057,2026-02-10,False,False
U11058,2026-02-10,True,True
U11059,2026-02-10,True,True
U11060,2026-02-10,True,False
U11061,2026-02-10,False,True
U11062,2026-02-10,,False
U11063,2026-02-10,True,False
U11064,2026-02-10,True,True
U11065,2026-02-10,,True
U11066,2026-02-10,True,False
U11067,2026-02-10,False,True
U11068,2026-02-10,True,True
U11069,2026-02-10,True,False
U11070,2026-02-10,True,False
U11071,2026-02-10,True,False
U11072,2026-02-10,,False
U11073,2026-02-10,,True
U11074,2026-02-10,False,True
U11075,2026-02-10,False,False
U11076,2026-02-10,False,False
U11077,2026-02-10,True,False
U11078,2026-02-10,True,False
U11079,2026-02-10,,False
U11080,2026-02-10,True,True
U11081,2026-02-10,True,False
U11082,2026-02-10,False,False
U11083,2026-02-10,,True
U11084,2026-02-10,,False
U11085,2026-02-10,,False
U11086,2026-02-10,,False
U11087,2026-02-10,False,False
U11088,2026-02-10,,False
U11089,2026-02-10,,True
U11090,2026-02-10,True,True
U11091,2026-02-10,False,True
U11092,2026-02-10,,False
U11093,2026-02-10,False,False
U11094,2026-02-10,False,False
U11095,2026-02-10,True,False
U11096,2026-02-10,False,False
U11097,2026-02-10,True,True
U11098,2026-02-10,False,True
U11099,2026-02-10,False,True
U11100,2026-02-10,False,False
U11101,2026-02-10,True,False
U11102,2026-02-10,False,False
U11103,2026-02-10,True,False
U11104,2026-02-10,False,True
U11105,2026-02-10,False,True
U11106,2026-02-10,,True
U11107,2026-02-10,True,False
U11108,2026-02-10,,False
U11109,2026-02-10,True,True
U11110,2026-02-10,True,False
U11111,2026-02-10,,False
U11112,2026-02-10,True,False
U11113,2026-02-10,True,False
U11114,2026-02-10,True,True
U11115,2026-02-10,True,False
U11116,2026-02-10,False,True
U11117,2026-02-10,,False
U11118,2026-02-10,True,False
U11119,2026-02-10,True,True
U11120,2026-02-10,True,False
U11121,2026-02-10,False,True
U11122,2026-02-10,True,True
U11123,2026-02-10,True,False
U11124,2026-02-10,,True
U11125,2026-02-10,True,True
U11126,2026-02-10,True,True
U11127,2026-02-10,True,True
U11128,2026-02-10,,True
U11129,2026-02-10,False,True
U11130,2026-02-10,,False
U11131,2026-02-10,False,False
U11132,2026-02-10,True,True
U11133,2026-02-10,False,False
U11134,2026-02-10,True,True
U11135,2026-02-10,False,True
U11136,2026-02-10,True,False
U11137,2026-02-10,False,True
U11138,2026-02-10,True,False
U11139,2026-02-10,True,True
U11140,2026-02-10,True,False
U11141,2026-02-10,,True
U11142,2026-02-10,False,True
U11143,2026-02-10,False,False
U11144,2026-02-10,True,True
U11145,2026-02-10,,True
U11146,2026-02-10,True,False
U11147,2026-02-10,False,True
U11148,2026-02-10,,False
U11149,2026-02-10,False,True
U11150,2026-02-10,,False
U11151,2026-02-10,,True
U11152,2026-02-10,True,True
U11153,2026-02-10,,True
U11154,2026-02-10,True,True
U11155,2026-02-10,False,True
U11156,2026-02-10,,False
U11157,2026-02-10,,False
U11158,2026-02-10,True,False
U11159,2026-02-10,True,False
U11160,2026-02-10,True,True
U11161,2026-02-10,,False
U11162,2026-02-10,False,False
U11163,2026-02-10,,False
U11164,2026-02-10,False,False
U11165,2026-02-10,,True
U11166,2026-02-10,,True
U11167,2026-02-10,True,True
U11168,2026-02-10,,True
U11169,2026-02-10,True,False
U11170,2026-02-10,True,False
U11171,2026-02-10,False,True
U11172,2026-02-10,,True
U11173,2026-02-10,False,True
U11174,2026-02-10,,True
U11175,2026-02-10,True,True
U11176,2026-02-10,,False
U11177,2026-02-10,False,True
U11178,2026-02-10,,False
U11179,2026-02-10,,True
U11180,2026-02-10,False,False
U11181,2026-02-10,,False
U11182,2026-02-10,False,False
U11183,2026-02-10,False,False
U11184,2026-02-10,,True
U11185,2026-02-10,,False
U11186,2026-02-10,True,True
U11187,2026-02-10,False,False
U11188,2026-02-10,,True
U11189,2026-02-10,,False
U11190,2026-02-10,False,True
U11191,2026-02-10,,False
U11192,2026-02-10,True,False
U11193,2026-02-10,True,True
U11194,2026-02-10,False,False
U11195,2026-02-10,False,False
U11196,2026-02-10,True,True
U11197,2026-02-10,False,False
U11198,2026-02-10,False,False
U11199,2026-02-10,True,True
U11200,2026-02-10,False,False
U11201,2026-02-10,True,False
U11202,2026-02-10,False,True
U11203,2026-02-10,True,False
U11204,2026-02-10,,True
U11205,2026-02-10,False,True
U11206,2026-02-10,True,False
U11207,2026-02-10,True,True
U11208,2026-02-10,,False
U11209,2026-02-10,True,False
U11210,2026-02-10,,False
U11211,2026-02-10,,True
U11212,2026-02-10,,False
U11213,2026-02-10,False,False
U11214,2026-02-10,False,False
U11215,2026-02-10,False,True
U11216,2026-02-10,False,True
U11217,2026-02-10,,False
U11218,2026-02-10,,True
U11219,2026-02-10,True,True
U11220,2026-02-10,False,True
U11221,2026-02-10,True,False
U11222,2026-02-10,,True
U11223,2026-02-10,True,False
U11224,2026-02-10,True,False
U11225,2026-02-10,,True
U11226,2026-02-10,False,True
U11227,2026-02-10,,False
U11228,2026-02-10,False,True
U11229,2026-02-10,False,True
U11230,2026-02-10,False,False
U11231,2026-02-10,False,False
U11232,2026-02-10,False,True
U11233,2026-02-10,False,True
U11234,2026-02-10,False,False
U11235,2026-02-10,True,True
U11236,2026-02-10,False,True
U11237,2026-02-10,False,False
U11238,2026-02-10,True,True
U11239,2026-02-10,True,True
U11240,2026-02-10,,True
U11241,2026-02-10,,False
U11242,2026-02-10,,False
U11243,2026-02-10,False,True
U11244,2026-02-10,True,True
U11245,2026-02-10,False,True
U11246,2026-02-10,,False
U11247,2026-02-10,True,True
U11248,2026-02-10,False,True
U11249,2026-02-10,True,False
U11250,2026-02-10,False,True
U11251,2026-02-10,,True
U11252,2026-02-10,False,True
U11253,2026-02-10,True,False
U11254,2026-02-10,False,True
U11255,2026-02-10,,True
U11256,2026-02-10,True,True
U11257,2026-02-10,False,True
U11258,2026-02-10,False,False
U11259,2026-02-10,,True
U11260,2026-02-10,True,False
U11261,2026-02-10,,True
U11262,2026-02-10,,True
U11263,2026-02-10,False,False
U11264,2026-02-10,,True
U11265,2026-02-10,False,True
U11266,2026-02-10,False,True
U11267,2026-02-10,True,False
U11268,2026-02-10,True,True
U11269,2026-02-10,True,True
U11270,2026-02-10,,True
U11271,2026-02-10,,True
U11272,2026-02-10,False,False
U11273,2026-02-10,True,True
U11274,2026-02-10,True,True
U11275,2026-02-10,False,True
U11276,2026-02-10,,True
U11277,2026-02-10,True,True
U11278,2026-02-10,,True
U11279,2026-02-10,True,False
U11280,2026-02-10,,True
U11281,2026-02-10,False,False
U11282,2026-02-10,True,True
U11283,2026-02-10,True,True
U11284,2026-02-10,,True
U11285,2026-02-10,True,False
U11286,2026-02-10,False,True
U11287,2026-02-10,False,True
U11288,2026-02-10,True,False
U11289,2026-02-10,False,False
U11290,2026-02-10,,False
U11291,2026-02-10,True,False
U11292,2026-02-10,False,False
U11293,2026-02-10,True,False
U11294,2026-02-10,,True
U11295,2026-02-10,True,True
U11296,2026-02-10,False,False
U11297,2026-02-10,,True
U11298,2026-02-10,True,True
U11299,2026-02-10,True,False
U11300,2026-02-10,,False
U11301,2026-02-10,False,True
U11302,2026-02-10,False,False
U11303,2026-02-10,False,False
U11304,2026-02-10,False,False
U11305,2026-02-10,True,False
U11306,2026-02-10,True,True
U11307,2026-02-10,,False
U11308,2026-02-10,False,True
U11309,2026-02-10,,True
U11310,2026-02-10,True,False
U11311,2026-02-10,False,False
U11312,2026-02-10,False,False
U11313,2026-02-10,False,True
U11314,2026-02-10,False,True
U11315,2026-02-10,,False
U11316,2026-02-10,,False
U11317,2026-02-10,True,True
U11318,2026-02-10,True,True
U11319,2026-02-10,,True
U11320,2026-02-10,,False
U11321,2026-02-10,False,True
U11322,2026-02-10,False,True
U11323,2026-02-10,,True
U11324,2026-02-10,True,True
U11325,2026-02-10,True,True
U11326,2026-02-10,,True
U11327,2026-02-10,False,False
U11328,2026-02-10,,False
U11329,2026-02-10,True,False
U11330,2026-02-10,,False
U11331,2026-02-10,,False
U11332,2026-02-10,True,False
U11333,2026-02-10,True,True
U11334,2026-02-10,True,True
U11335,2026-02-10,,False
U11336,2026-02-10,True,False
U11337,2026-02-10,,True
U11338,2026-02-10,True,True
U11339,2026-02-10,False,False
U11340,2026-02-10,,False
U11341,2026-02-10,False,True
U11342,2026-02-10,False,True
U11343,2026-02-10,True,False
U11344,2026-02-10,True,False
U11345,2026-02-10,True,True
U11346,2026-02-10,True,True
U11347,2026-02-10,,True
U11348,2026-02-10,False,False
U11349,2026-02-10,True,True
U11350,2026-02-10,True,True
U11351,2026-02-10,True,True
U11352,2026-02-10,False,False
U11353,2026-02-10,False,False
U11354,2026-02-10,False,True
U11355,2026-02-10,True,False
U11356,2026-02-10,,False
U11357,2026-02-10,True,False
U11358,2026-02-10,,True
U11359,2026-02-10,,False
U11360,2026-02-10,False,False
U11361,2026-02-10,,True
U11362,2026-02-10,False,True
U11363,2026-02-10,,True
U11364,2026-02-10,True,True
U11365,2026-02-10,True,False
U11366,2026-02-10,,True
U11367,2026-02-10,False,False
U11368,2026-02-10,True,False
U11369,2026-02-10,False,False
U11370,2026-02-10,True,False
U11371,2026-02-10,False,True
U11372,2026-02-10,False,True
U11373,2026-02-10,True,False
U11374,2026-02-10,True,False
U11375,2026-02-10,False,False
U11376,2026-02-10,True,True
U11377,2026-02-10,False,False
U11378,2026-02-10,,False
U11379,2026-02-10,False,False
U11380,2026-02-10,,False
U11381,2026-02-10,False,False
U11382,2026-02-10,,False
U11383,2026-02-10,,False
U11384,2026-02-10,,False
U11385,2026-02-10,True,True
U11386,2026-02-10,False,False
U11387,2026-02-10,,False
U11388,2026-02-10,True,True
U11389,2026-02-10,False,False
U11390,2026-02-10,,True
U11391,2026-02-10,False,True
U11392,2026-02-10,False,True
U11393,2026-02-10,,False
U11394,2026-02-10,False,False
U11395,2026-02-10,,False
U11396,2026-02-10,True,True
U11397,2026-02-10,,True
U11398,2026-02-10,False,True
U11399,2026-02-10,False,False
U11400,2026-02-10,,False
U11401,2026-02-10,True,True
U11402,2026-02-10,,False
U11403,2026-02-10,,True
U11404,2026-02-10,,False
U11405,2026-02-10,,True
U11406,2026-02-10,False,False
U11407,2026-02-10,True,True
U11408,2026-02-10,True,True
U11409,2026-02-10,False,False
U11410,2026-02-10,,False
U11411,2026-02-10,True,True
U11412,2026-02-10,True,True
U11413,2026-02-10,False,False
U11414,2026-02-10,False,True
U11415,2026-02-10,False,False
U11416,2026-02-10,False,False
U11417,2026-02-10,True,False
U11418,2026-02-10,True,False
U11419,2026-02-10,,True
U11420,2026-02-10,False,True
U11421,2026-02-10,True,True
U11422,2026-02-10,,True
U11423,2026-02-10,True,False
U11424,2026-02-10,False,True
U11425,2026-02-10,True,True
U11426,2026-02-10,False,True
U11427,2026-02-10,,True
U11428,2026-02-10,,False
U11429,2026-02-10,False,True
U11430,2026-02-10,,False
U11431,2026-02-10,False,False
U11432,2026-02-10,,False
U11433,2026-02-10,True,False
U11434,2026-02-10,True,False
U11435,2026-02-10,,True
U11436,2026-02-10,,True
U11437,2026-02-10,,False
U11438,2026-02-10,True,True
U11439,2026-02-10,True,True
U11440,2026-02-10,True,True
U11441,2026-02-10,True,True
U11442,2026-02-10,,False
U11443,2026-02-10,,False
U11444,2026-02-10,True,False
U11445,2026-02-10,False,True
U11446,2026-02-10,True,True
U11447,2026-02-10,False,False
U11448,2026-02-10,,False
U11449,2026-02-10,True,True
U11450,2026-02-10,,False
U11451,2026-02-10,False,True
U11452,2026-02-10,,True
U11453,2026-02-10,False,True
U11454,2026-02-10,False,False
U11455,2026-02-10,,False
U11456,2026-02-10,False,True
U11457,2026-02-10,True,False
U11458,2026-02-10,False,False
U11459,2026-02-10,,True
U11460,2026-02-10,True,True
U11461,2026-02-10,True,False
U11462,2026-02-10,,False
U11463,2026-02-10,True,True
U11464,2026-02-10,False,True
U11465,2026-02-10,,True
U11466,2026-02-10,True,True
U11467,2026-02-10,False,False
U11468,2026-02-10,False,True
U11469,2026-02-10,False,False
U11470,2026-02-10,,True
U11471,2026-02-10,,True
U11472,2026-02-10,True,True
U11473,2026-02-10,False,False
U11474,2026-02-10,,True
U11475,2026-02-10,True,False
U11476,2026-02-10,True,False
U11477,2026-02-10,True,True
U11478,2026-02-10,False,False
U11479,2026-02-10,False,False
U11480,2026-02-10,True,True
U11481,2026-02-10,False,True
U11482,2026-02-10,,True
U11483,2026-02-10,False,True
U11484,2026-02-10,False,False
U11485,2026-02-10,False,False
U11486,2026-02-10,False,True
U11487,2026-02-10,True,True
U11488,2026-02-10,,True
U11489,2026-02-10,True,False
U11490,2026-02-10,,False
U11491,2026-02-10,False,False
U11492,2026-02-10,False,True
U11493,2026-02-10,False,False
U11494,2026-02-10,,False
U11495,2026-02-10,True,True
U11496,2026-02-10,,True
U11497,2026-02-10,True,False
U11498,2026-02-10,,True
U11499,2026-02-10,False,True
U11500,2026-02-10,False,True
U11501,2026-02-10,False,True
U11502,2026-02-10,True,False
U11503,2026-02-10,,False
U11504,2026-02-10,False,False
U11505,2026-02-10,True,True
U11506,2026-02-10,,False
U11507,2026-02-10,False,False
U11508,2026-02-10,False,True
U11509,2026-02-10,,True
U11510,2026-02-10,True,False
U11511,2026-02-10,True,False
U11512,2026-02-10,True,False
U11513,2026-02-10,True,False
U11514,2026-02-10,,True
U11515,2026-02-10,False,True
U11516,2026-02-10,False,False
U11517,2026-02-10,,True
U11518,2026-02-10,,False
U11519,2026-02-10,False,False
U11520,2026-02-10,False,True
U11521,2026-02-10,,False
U11522,2026-02-10,True,False
U11523,2026-02-10,True,True
U11524,2026-02-10,,True
U11525,2026-02-10,False,True
U11526,2026-02-10,False,False
U11527,2026-02-10,,True
U11528,2026-02-10,True,False
U11529,2026-02-10,,False
U11530,2026-02-10,False,True
U11531,2026-02-10,True,False
U11532,2026-02-10,,False
U11533,2026-02-10,False,False
U11534,2026-02-10,,False
U11535,2026-02-10,,True
U11536,2026-02-10,True,True
U11537,2026-02-10,True,True
U11538,2026-02-10,,False
U11539,2026-02-10,True,True
U11540,2026-02-10,False,True
U11541,2026-02-10,False,False
U11542,2026-02-10,False,True
U11543,2026-02-10,False,False
U11544,2026-02-10,True,False
U11545,2026-02-10,,True
U11546,2026-02-10,True,False
U11547,2026-02-10,True,False
U11548,2026-02-10,False,False
U11549,2026-02-10,True,True
U11550,2026-02-10,True,False
U11551,2026-02-10,True,True
U11552,2026-02-10,,False
U11553,2026-02-10,True,True
U11554,2026-02-10,,False
U11555,2026-02-10,True,True
U11556,2026-02-10,False,False
U11557,2026-02-10,False,False
U11558,2026-02-10,,True
U11559,2026-02-10,True,False
U11560,2026-02-10,True,False
U11561,2026-02-10,True,False
U11562,2026-02-10,,False
U11563,2026-02-10,True,True
U11564,2026-02-10,,True
U11565,2026-02-10,True,False
U11566,2026-02-10,True,True
U11567,2026-02-10,True,True
U11568,2026-02-10,True,False
U11569,2026-02-10,True,True
U11570,2026-02-10,False,False
U11571,2026-02-10,False,True
U11572,2026-02-10,,True
U11573,2026-02-10,False,False
U11574,2026-02-10,,False
U11575,2026-02-10,False,True
U11576,2026-02-10,,False
U11577,2026-02-10,True,False
U11578,2026-02-10,True,False
U11579,2026-02-10,False,False
U11580,2026-02-10,False,False
U11581,2026-02-10,False,False
U11582,2026-02-10,False,False
U11583,2026-02-10,True,False
U11584,2026-02-10,,True
U11585,2026-02-10,True,False
U11586,2026-02-10,False,True
U11587,2026-02-10,True,False
U11588,2026-02-10,True,True
U11589,2026-02-10,False,True
U11590,2026-02-10,,False
U11591,2026-02-10,,False
U11592,2026-02-10,True,False
U11593,2026-02-10,,True
U11594,2026-02-10,,True
U11595,2026-02-10,True,True
U11596,2026-02-10,,True
U11597,2026-02-10,False,True
U11598,2026-02-10,,True
U11599,2026-02-10,False,True
U11600,2026-02-10,False,False
U11601,2026-02-10,False,True
U11602,2026-02-10,False,True
U11603,2026-02-10,True,False
U11604,2026-02-10,False,True
U11605,2026-02-10,True,False
U11606,2026-02-10,True,True
U11607,2026-02-10,True,True
U11608,2026-02-10,False,True
U11609,2026-02-10,False,True
U11610,2026-02-10,True,True
U11611,2026-02-10,True,False
U11612,2026-02-10,False,True
U11613,2026-02-10,,False
U11614,2026-02-10,False,False
U11615,2026-02-10,,False
U11616,2026-02-10,,True
U11617,2026-02-10,True,False
U11618,2026-02-10,False,True
U11619,2026-02-10,False,False
U11620,2026-02-10,True,True
U11621,2026-02-10,True,False
U11622,2026-02-10,,False
U11623,2026-02-10,False,True
U11624,2026-02-10,False,False
U11625,2026-02-10,True,False
U11626,2026-02-10,,False
U11627,2026-02-10,False,True
U11628,2026-02-10,True,True
U11629,2026-02-10,True,True
U11630,2026-02-10,False,True
U11631,2026-02-10,,False
U11632,2026-02-10,False,False
U11633,2026-02-10,True,True
U11634,2026-02-10,False,False
U11635,2026-02-10,,False
U11636,2026-02-10,False,True
U11637,2026-02-10,,False
U11638,2026-02-10,,True
U11639,2026-02-10,False,True
U11640,2026-02-10,True,True
U11641,2026-02-10,,True
U11642,2026-02-10,True,False
U11643,2026-02-10,,True
U11644,2026-02-10,True,False
U11645,2026-02-10,,False
U11646,2026-02-10,True,False
U11647,2026-02-10,True,True
U11648,2026-02-10,,False
U11649,2026-02-10,False,True
U11650,2026-02-10,True,False
U11651,2026-02-10,True,False
U11652,2026-02-10,,True
U11653,2026-02-10,,True
U11654,2026-02-10,,True
U11655,2026-02-10,True,False
U11656,2026-02-10,False,True
U11657,2026-02-10,False,True
U11658,2026-02-10,True,True
U11659,2026-02-10,True,True
U11660,2026-02-10,,True
U11661,2026-02-10,,True
U11662,2026-02-10,,True
U11663,2026-02-10,True,False
U11664,2026-02-10,,True
U11665,2026-02-10,,True
U11666,2026-02-10,False,True
U11667,2026-02-10,True,True
U11668,2026-02-10,False,False
U11669,2026-02-10,True,False
U11670,2026-02-10,,True
U11671,2026-02-10,,True
U11672,2026-02-10,,True
U11673,2026-02-10,True,False
U11674,2026-02-10,,True
U11675,2026-02-10,,False
U11676,2026-02-10,False,False
U11677,2026-02-10,True,True
U11678,2026-02-10,False,False
U11679,2026-02-10,True,True
U11680,2026-02-10,,True
U11681,2026-02-10,True,True
U11682,2026-02-10,,False
U11683,2026-02-10,,True
U11684,2026-02-10,False,False
U11685,2026-02-10,False,False
U11686,2026-02-10,False,True
U11687,2026-02-10,False,True
U11688,2026-02-10,True,True
U11689,2026-02-10,True,False
U11690,2026-02-10,,True
U11691,2026-02-10,,True
U11692,2026-02-10,True,False
U11693,2026-02-10,False,True
U11694,2026-02-10,,False
U11695,2026-02-10,,False
U11696,2026-02-10,True,True
U11697,2026-02-10,,True
U11698,2026-02-10,,False
U11699,2026-02-10,True,False
U11700,2026-02-10,,True
U11701,2026-02-10,False,False
U11702,2026-02-10,,False
U11703,2026-02-10,,True
U11704,2026-02-10,,True
U11705,2026-02-10,False,False
U11706,2026-02-10,False,False
U11707,2026-02-10,,True
U11708,2026-02-10,,False
U11709,2026-02-10,False,False
U11710,2026-02-10,True,True
U11711,2026-02-10,False,True
U11712,2026-02-10,False,False
U11713,2026-02-10,True,True
U11714,2026-02-10,,False
U11715,2026-02-10,,True
U11716,2026-02-10,False,False
U11717,2026-02-10,True,True
U11718,2026-02-10,True,False
U11719,2026-02-10,False,False
U11720,2026-02-10,False,True
U11721,2026-02-10,,True
U11722,2026-02-10,False,False
U11723,2026-02-10,True,False
U11724,2026-02-10,False,True
U11725,2026-02-10,True,True
U11726,2026-02-10,False,False
U11727,2026-02-10,,True
U11728,2026-02-10,False,True
U11729,2026-02-10,True,False
U11730,2026-02-10,False,False
U11731,2026-02-10,False,False
U11732,2026-02-10,True,False
U11733,2026-02-10,False,False
U11734,2026-02-10,False,False
U11735,2026-02-10,True,True
U11736,2026-02-10,,False
U11737,2026-02-10,,True
U11738,2026-02-10,False,True
U11739,2026-02-10,True,False
U11740,2026-02-10,True,False
U11741,2026-02-10,True,False
U11742,2026-02-10,False,False
U11743,2026-02-10,,True
U11744,2026-02-10,,True
U11745,2026-02-10,True,False
U11746,2026-02-10,False,False
U11747,2026-02-10,True,False
U11748,2026-02-10,True,True
U11749,2026-02-10,False,False
U11750,2026-02-10,True,True
U11751,2026-02-10,,False
U11752,2026-02-10,True,True
U11753,2026-02-10,,True
U11754,2026-02-10,False,False
U11755,2026-02-10,,True
U11756,2026-02-10,,False
U11757,2026-02-10,,False
U11758,2026-02-10,False,False
U11759,2026-02-10,True,True
U11760,2026-02-10,,True
U11761,2026-02-10,True,True
U11762,2026-02-10,True,True
U11763,2026-02-10,True,True
U11764,2026-02-10,False,True
U11765,2026-02-10,True,False
U11766,2026-02-10,,True
U11767,2026-02-10,False,False
U11768,2026-02-10,True,True
U11769,2026-02-10,False,False
U11770,2026-02-10,True,True
U11771,2026-02-10,True,True
U11772,2026-02-10,True,False
U11773,2026-02-10,,True
U11774,2026-02-10,True,True
U11775,2026-02-10,False,True
U11776,2026-02-10,True,True
U11777,2026-02-10,False,True
U11778,2026-02-10,True,True
U11779,2026-02-10,False,True
U11780,2026-02-10,False,False
U11781,2026-02-10,True,False
U11782,2026-02-10,,False
U11783,2026-02-10,False,True
U11784,2026-02-10,False,False
U11785,2026-02-10,True,False
U11786,2026-02-10,False,True
U11787,2026-02-10,,False
U11788,2026-02-10,False,False
U11789,2026-02-10,,False
U11790,2026-02-10,False,False
U11791,2026-02-10,False,True
U11792,2026-02-10,,False
U11793,2026-02-10,,False
U11794,2026-02-10,True,False
U11795,2026-02-10,,False
U11796,2026-02-10,False,False
U11797,2026-02-10,True,False
U11798,2026-02-10,False,True
U11799,2026-02-10,False,False
U11800,2026-02-10,,False
U11801,2026-02-10,,False
U11802,2026-02-10,False,True
U11803,2026-02-10,,False
U11804,2026-02-10,,True
U11805,2026-02-10,False,True
U11806,2026-02-10,,False
U11807,2026-02-10,,False
U11808,2026-02-10,,True
U11809,2026-02-10,False,False
U11810,2026-02-10,True,False
U11811,2026-02-10,False,False
U11812,2026-02-10,,False
U11813,2026-02-10,True,True
U11814,2026-02-10,True,False
U11815,2026-02-10,False,False
U11816,2026-02-10,,False
U11817,2026-02-10,True,False
U11818,2026-02-10,True,True
U11819,2026-02-10,,False
U11820,2026-02-10,,True
U11821,2026-02-10,,False
U11822,2026-02-10,False,True
U11823,2026-02-10,,False
U11824,2026-02-10,,False
U11825,2026-02-10,,True
U11826,2026-02-10,False,True
U11827,2026-02-10,,False
U11828,2026-02-10,False,True
U11829,2026-02-10,False,True
U11830,2026-02-10,,True
U11831,2026-02-10,,False
U11832,2026-02-10,False,False
U11833,2026-02-10,True,True
U11834,2026-02-10,True,False
U11835,2026-02-10,True,False
U11836,2026-02-10,True,True
U11837,2026-02-10,,True
U11838,2026-02-10,,False
U11839,2026-02-10,False,True
U11840,2026-02-10,,False
U11841,2026-02-10,True,False
U11842,2026-02-10,False,False
U11843,2026-02-10,,True
U11844,2026-02-10,True,True
U11845,2026-02-10,True,False
U11846,2026-02-10,True,False
U11847,2026-02-10,,False
U11848,2026-02-10,True,False
U11849,2026-02-10,True,True
U11850,2026-02-10,,True
U11851,2026-02-10,False,False
U11852,2026-02-10,True,True
U11853,2026-02-10,,True
U11854,2026-02-10,False,True
U11855,2026-02-10,False,True
U11856,2026-02-10,True,True
U11857,2026-02-10,False,False
U11858,2026-02-10,,True
U11859,2026-02-10,True,False
U11860,2026-02-10,,False
U11861,2026-02-10,True,True
U11862,2026-02-10,,True
U11863,2026-02-10,True,True
U11864,2026-02-10,True,False
U11865,2026-02-10,,True
U11866,2026-02-10,False,True
U11867,2026-02-10,False,False
U11868,2026-02-10,True,False
U11869,2026-02-10,False,True
U11870,2026-02-10,,False
U11871,2026-02-10,,False
U11872,2026-02-10,True,False
U11873,2026-02-10,True,True
U11874,2026-02-10,,False
U11875,2026-02-10,False,True
U11876,2026-02-10,,True
U11877,2026-02-10,,False
U11878,2026-02-10,False,False
U11879,2026-02-10,False,True
U11880,2026-02-10,False,False
U11881,2026-02-10,True,True
U11882,2026-02-10,,True
U11883,2026-02-10,False,True
U11884,2026-02-10,True,False
U11885,2026-02-10,,False
U11886,2026-02-10,False,False
U11887,2026-02-10,False,True
U11888,2026-02-10,,False
U11889,2026-02-10,,True
U11890,2026-02-10,False,True
U11891,2026-02-10,False,True
U11892,2026-02-10,,True
U11893,2026-02-10,False,False
U11894,2026-02-10,True,True
U11895,2026-02-10,False,False
U11896,2026-02-10,False,True
U11897,2026-02-10,True,True
U11898,2026-02-10,,False
U11899,2026-02-10,False,False
U11900,2026-02-10,False,True
U11901,2026-02-10,False,False
U11902,2026-02-10,True,True
U11903,2026-02-10,False,True
U11904,2026-02-10,,False
U11905,2026-02-10,,True
U11906,2026-02-10,,False
U11907,2026-02-10,False,True
U11908,2026-02-10,True,True
U11909,2026-02-10,False,True
U11910,2026-02-10,True,False
U11911,2026-02-10,True,True
U11912,2026-02-10,True,False
U11913,2026-02-10,True,False
U11914,2026-02-10,,False
U11915,2026-02-10,True,False
U11916,2026-02-10,False,True
U11917,2026-02-10,,False
U11918,2026-02-10,,True
U11919,2026-02-10,True,False
U11920,2026-02-10,False,True
U11921,2026-02-10,,True
U11922,2026-02-10,True,True
U11923,2026-02-10,False,True
U11924,2026-02-10,,True
U11925,2026-02-10,False,False
U11926,2026-02-10,True,False
U11927,2026-02-10,,True
U11928,2026-02-10,True,True
U11929,2026-02-10,False,True
U11930,2026-02-10,False,False
U11931,2026-02-10,False,True
U11932,2026-02-10,,True
U11933,2026-02-10,,True
U11934,2026-02-10,,True
U11935,2026-02-10,True,True
U11936,2026-02-10,False,True
U11937,2026-02-10,False,False
U11938,2026-02-10,False,False
U11939,2026-02-10,False,False
U11940,2026-02-10,True,True
U11941,2026-02-10,True,False
U11942,2026-02-10,False,True
U11943,2026-02-10,,False
U11944,2026-02-10,,False
U11945,2026-02-10,True,True
U11946,2026-02-10,,True
U11947,2026-02-10,,False
U11948,2026-02-10,True,False
U11949,2026-02-10,,False
U11950,2026-02-10,True,True
U11951,2026-02-10,True,True
U11952,2026-02-10,,False
U11953,2026-02-10,False,True
U11954,2026-02-10,,True
U11955,2026-02-10,False,True
U11956,2026-02-10,False,True
U11957,2026-02-10,,True
U11958,2026-02-10,,False
U11959,2026-02-10,,True
U11960,2026-02-10,False,False
U11961,2026-02-10,True,False
U11962,2026-02-10,True,True
U11963,2026-02-10,,True
U11964,2026-02-10,False,True
U11965,2026-02-10,,True
U11966,2026-02-10,,True
U11967,2026-02-10,,False
U11968,2026-02-10,True,True
U11969,2026-02-10,True,True
U11970,2026-02-10,,True
U11971,2026-02-10,False,True
U11972,2026-02-10,False,False
U11973,2026-02-10,True,False
U11974,2026-02-10,False,False
U11975,2026-02-10,True,True
U11976,2026-02-10,False,True
U11977,2026-02-10,,False
U11978,2026-02-10,False,True
U11979,2026-02-10,False,False
U11980,2026-02-10,False,True
U11981,2026-02-10,False,True
U11982,2026-02-10,True,False
U11983,2026-02-10,False,False
U11984,2026-02-10,True,True
U11985,2026-02-10,True,True
U11986,2026-02-10,True,False
U11987,2026-02-10,,True
U11988,2026-02-10,,False
U11989,2026-02-10,,True
U11990,2026-02-10,True,False
U11991,2026-02-10,,False
U11992,2026-02-10,True,True
U11993,2026-02-10,,False
U11994,2026-02-10,,False
U11995,2026-02-10,False,False
U11996,2026-02-10,True,True
U11997,2026-02-10,,True
U11998,2026-02-10,False,True
U11999,2026-02-10,,True
U12000,2026-02-10,False,False
U12001,2026-02-10,,False
U12002,2026-02-10,,False
U12003,2026-02-10,False,True
U12004,2026-02-10,,True
U12005,2026-02-10,True,False
U12006,2026-02-10,,True
U12007,2026-02-10,True,True
U12008,2026-02-10,True,True
U12009,2026-02-10,False,True
U12010,2026-02-10,True,True
U12011,2026-02-10,False,True
U12012,2026-02-10,True,True
U12013,2026-02-10,False,False
U12014,2026-02-10,True,True
U12015,2026-02-10,,False
U12016,2026-02-10,True,True
U12017,2026-02-10,True,True
U12018,2026-02-10,True,True
U12019,2026-02-10,False,True
U12020,2026-02-10,True,True
U12021,2026-02-10,,True
U12022,2026-02-10,,True
U12023,2026-02-10,,False
U12024,2026-02-10,,True
U12025,2026-02-10,,False
U12026,2026-02-10,True,False
U12027,2026-02-10,True,True
U12028,2026-02-10,,True
U12029,2026-02-10,,False
U12030,2026-02-10,True,False
U12031,2026-02-10,,True
U12032,2026-02-10,False,False
U12033,2026-02-10,,False
U12034,2026-02-10,False,False
U12035,2026-02-10,True,True
U12036,2026-02-10,True,True
U12037,2026-02-10,False,True
U12038,2026-02-10,True,False
U12039,2026-02-10,,True
U12040,2026-02-10,True,False
U12041,2026-02-10,True,False
U12042,2026-02-10,True,False
U12043,2026-02-10,True,False
U12044,2026-02-10,,False
U12045,2026-02-10,True,False
U12046,2026-02-10,True,True
U12047,2026-02-10,True,False
U12048,2026-02-10,True,False
U12049,2026-02-10,True,True
U12050,2026-02-10,,True
U12051,2026-02-10,,False
U12052,2026-02-10,,False
U12053,2026-02-10,False,False
U12054,2026-02-10,False,False
U12055,2026-02-10,,False
U12056,2026-02-10,True,False
U12057,2026-02-10,False,False
U12058,2026-02-10,False,True
U12059,2026-02-10,,True
U12060,2026-02-10,False,False
U12061,2026-02-10,False,True
U12062,2026-02-10,True,False
U12063,2026-02-10,False,True
U12064,2026-02-10,,False
U12065,2026-02-10,True,False
U12066,2026-02-10,True,False
U12067,2026-02-10,False,True
U12068,2026-02-10,True,False
U12069,2026-02-10,False,False
U12070,2026-02-10,,True
U12071,2026-02-10,True,False
U12072,2026-02-10,False,False
U12073,2026-02-10,True,False
U12074,2026-02-10,True,True
U12075,2026-02-10,,False
U12076,2026-02-10,,False
U12077,2026-02-10,True,True
U12078,2026-02-10,,True
U12079,2026-02-10,True,False
U12080,2026-02-10,,False
U12081,2026-02-10,True,False
U12082,2026-02-10,False,False
U12083,2026-02-10,False,True
U12084,2026-02-10,False,False
U12085,2026-02-10,True,True
U12086,2026-02-10,True,False
U12087,2026-02-10,,True
U12088,2026-02-10,True,False
U12089,2026-02-10,False,True
U12090,2026-02-10,,False
U12091,2026-02-10,True,True
U12092,2026-02-10,False,True
U12093,2026-02-10,False,True
U12094,2026-02-10,True,False
U12095,2026-02-10,,False
U12096,2026-02-10,True,False
U12097,2026-02-10,False,False
U12098,2026-02-10,True,False
U12099,2026-02-10,False,False
U12100,2026-02-10,False,False
U12101,2026-02-10,,False
U12102,2026-02-10,True,True
U12103,2026-02-10,False,True
U12104,2026-02-10,True,True
U12105,2026-02-10,False,True
U12106,2026-02-10,False,True
U12107,2026-02-10,False,True
U12108,2026-02-10,,True
U12109,2026-02-10,False,True
U12110,2026-02-10,,True
U12111,2026-02-10,,True
U12112,2026-02-10,,True
U12113,2026-02-10,False,True
U12114,2026-02-10,False,False
U12115,2026-02-10,,True
U12116,2026-02-10,False,True
U12117,2026-02-10,True,False
U12118,2026-02-10,True,False
U12119,2026-02-10,,True
U12120,2026-02-10,,True
U12121,2026-02-10,True,False
U12122,2026-02-10,True,True
U12123,2026-02-10,,True
U12124,2026-02-10,False,False
U12125,2026-02-10,True,True
U12126,2026-02-10,True,True
U12127,2026-02-10,,True
U12128,2026-02-10,False,False
U12129,2026-02-10,,True
U12130,2026-02-10,False,False
U12131,2026-02-10,,False
U12132,2026-02-10,,False
U12133,2026-02-10,,False
U12134,2026-02-10,False,False
U12135,2026-02-10,,True
U12136,2026-02-10,False,True
U12137,2026-02-10,True,True
U12138,2026-02-10,False,True
U12139,2026-02-10,True,False
U12140,2026-02-10,,False
U12141,2026-02-10,False,False
U12142,2026-02-10,False,True
U12143,2026-02-10,,True
U12144,2026-02-10,True,False
U12145,2026-02-10,True,False
U12146,2026-02-10,True,False
U12147,2026-02-10,False,True
U12148,2026-02-10,True,False
U12149,2026-02-10,True,True
U12150,2026-02-10,True,False
U12151,2026-02-10,False,False
U12152,2026-02-10,False,True
U12153,2026-02-10,,False
U12154,2026-02-10,True,False
U12155,2026-02-10,,False
U12156,2026-02-10,,False
U12157,2026-02-10,True,False
U12158,2026-02-10,,True
U12159,2026-02-10,True,True
U12160,2026-02-10,,True
U12161,2026-02-10,False,True
U12162,2026-02-10,,True
U12163,2026-02-10,True,True
U12164,2026-02-10,,True
U12165,2026-02-10,False,True
U12166,2026-02-10,False,False
U12167,2026-02-10,False,True
U12168,2026-02-10,,True
U12169,2026-02-10,True,False
U12170,2026-02-10,True,True
U12171,2026-02-10,False,True
U12172,2026-02-10,True,True
U12173,2026-02-10,False,False
U12174,2026-02-10,False,True
U12175,2026-02-10,True,False
U12176,2026-02-10,,True
U12177,2026-02-10,True,False
U12178,2026-02-10,,True
U12179,2026-02-10,,False
U12180,2026-02-10,,False
U12181,2026-02-10,False,False
U12182,2026-02-10,,True
U12183,2026-02-10,False,False
U12184,2026-02-10,True,True
U12185,2026-02-10,True,False
U12186,2026-02-10,False,True
U12187,2026-02-10,,True
U12188,2026-02-10,True,False
U12189,2026-02-10,False,True
U12190,2026-02-10,False,False
U12191,2026-02-10,True,True
U12192,2026-02-10,False,True
U12193,2026-02-10,,False
U12194,2026-02-10,False,False
U12195,2026-02-10,True,True
U12196,2026-02-10,,True
U12197,2026-02-10,,True
U12198,2026-02-10,False,True
U12199,2026-02-10,True,False
U12200,2026-02-10,True,False
U12201,2026-02-10,False,False
U12202,2026-02-10,True,True
U12203,2026-02-10,,False
U12204,2026-02-10,False,True
U12205,2026-02-10,True,False
U12206,2026-02-10,False,True
U12207,2026-02-10,True,True
U12208,2026-02-10,True,False
U12209,2026-02-10,,False
U12210,2026-02-10,,False
U12211,2026-02-10,,True
U12212,2026-02-10,,False
U12213,2026-02-10,,False
U12214,2026-02-10,False,False
U12215,2026-02-10,True,False
U12216,2026-02-10,,True
U12217,2026-02-10,,True
U12218,2026-02-10,,True
U12219,2026-02-10,False,False
U12220,2026-02-10,,True
U12221,2026-02-10,False,True
U12222,2026-02-10,False,False
U12223,2026-02-10,,True
U12224,2026-02-10,True,True
U12225,2026-02-10,True,False
U12226,2026-02-10,True,False
U12227,2026-02-10,False,True
U12228,2026-02-10,False,True
U12229,2026-02-10,True,False
U12230,2026-02-10,,True
U12231,2026-02-10,,False
U12232,2026-02-10,True,True
U12233,2026-02-10,False,True
U12234,2026-02-10,,True
U12235,2026-02-10,,True
U12236,2026-02-10,,False
U12237,2026-02-10,True,True
U12238,2026-02-10,True,False
U12239,2026-02-10,,True
U12240,2026-02-10,True,True
U12241,2026-02-10,False,False
U12242,2026-02-10,False,True
U12243,2026-02-10,True,True
U12244,2026-02-10,,False
U12245,2026-02-10,False,False
U12246,2026-02-10,True,False
U12247,2026-02-10,,False
U12248,2026-02-10,True,True
U12249,2026-02-10,True,False
U12250,2026-02-10,True,False
U12251,2026-02-10,True,False
U12252,2026-02-10,False,False
U12253,2026-02-10,False,True
U12254,2026-02-10,True,False
U12255,2026-02-10,,True
U12256,2026-02-10,False,False
U12257,2026-02-10,False,True
U12258,2026-02-10,,False
U12259,2026-02-10,True,False
U12260,2026-02-10,False,False
U12261,2026-02-10,True,True
U12262,2026-02-10,True,False
U12263,2026-02-10,True,False
U12264,2026-02-10,False,True
U12265,2026-02-10,False,False
U12266,2026-02-10,True,True
U12267,2026-02-10,,True
U12268,2026-02-10,False,True
U12269,2026-02-10,,True
U12270,2026-02-10,True,True
U12271,2026-02-10,False,False
U12272,2026-02-10,False,False
U12273,2026-02-10,True,True
U12274,2026-02-10,True,True
U12275,2026-02-10,True,False
U12276,2026-02-10,False,False
U12277,2026-02-10,False,False
U12278,2026-02-10,,True
U12279,2026-02-10,True,False
U12280,2026-02-10,True,True
U12281,2026-02-10,,False
U12282,2026-02-10,True,False
U12283,2026-02-10,True,True
U12284,2026-02-10,,True
U12285,2026-02-10,,True
U12286,2026-02-10,,True
U12287,2026-02-10,False,True
U12288,2026-02-10,False,True
U12289,2026-02-10,False,True
U12290,2026-02-10,False,False
U12291,2026-02-10,,True
U12292,2026-02-10,,True
U12293,2026-02-10,False,False
U12294,2026-02-10,True,True
U12295,2026-02-10,False,True
U12296,2026-02-10,True,False
U12297,2026-02-10,True,False
U12298,2026-02-10,False,True
U12299,2026-02-10,,False
U12300,2026-02-10,False,False
U12301,2026-02-10,,True
U12302,2026-02-10,,False
U12303,2026-02-10,False,False
U12304,2026-02-10,True,False
U12305,2026-02-10,True,True
U12306,2026-02-10,False,True
U12307,2026-02-10,,False
U12308,2026-02-10,False,True
U12309,2026-02-10,False,False
U12310,2026-02-10,True,False
U12311,2026-02-10,True,False
U12312,2026-02-10,True,False
U12313,2026-02-10,,False
U12314,2026-02-10,False,True
U12315,2026-02-10,True,False
U12316,2026-02-10,,False
U12317,2026-02-10,False,False
U12318,2026-02-10,True,False
U12319,2026-02-10,,True
U12320,2026-02-10,False,False
U12321,2026-02-10,False,True
U12322,2026-02-10,False,False
U12323,2026-02-10,True,True
U12324,2026-02-10,True,True
U12325,2026-02-10,,False
U12326,2026-02-10,False,True
U12327,2026-02-10,,False
U12328,2026-02-10,True,False
U12329,2026-02-10,False,False
U12330,2026-02-10,,False
U12331,2026-02-10,,False
U12332,2026-02-10,False,False
U12333,2026-02-10,,False
U12334,2026-02-10,False,True
U12335,2026-02-10,False,True
U12336,2026-02-10,False,True
U12337,2026-02-10,False,True
U12338,2026-02-10,True,False
U12339,2026-02-10,,False
U12340,2026-02-10,True,True
U12341,2026-02-10,True,True
U12342,2026-02-10,,False
U12343,2026-02-10,,False
U12344,2026-02-10,True,False
U12345,2026-02-10,False,False
U12346,2026-02-10,False,False
U12347,2026-02-10,False,False
U12348,2026-02-10,True,False
U12349,2026-02-10,True,False
U12350,2026-02-10,True,True
U12351,2026-02-10,False,False
U12352,2026-02-10,,False
U12353,2026-02-10,False,True
U12354,2026-02-10,True,False
U12355,2026-02-10,,True
U12356,2026-02-10,False,False
U12357,2026-02-10,,False
U12358,2026-02-10,True,False
U12359,2026-02-10,False,True
U12360,2026-02-10,,False
U12361,2026-02-10,False,False
U12362,2026-02-10,,True
U12363,2026-02-10,False,False
U12364,2026-02-10,False,True
U12365,2026-02-10,True,False
U12366,2026-02-10,True,False
U12367,2026-02-10,True,False
U12368,2026-02-10,,True
U12369,2026-02-10,False,False
U12370,2026-02-10,True,False
U12371,2026-02-10,True,True
U12372,2026-02-10,False,True
U12373,2026-02-10,,True
U12374,2026-02-10,,False
U12375,2026-02-10,,False
U12376,2026-02-10,False,True
U12377,2026-02-10,False,False
U12378,2026-02-10,,True
U12379,2026-02-10,,False
U12380,2026-02-10,True,False
U12381,2026-02-10,,True
U12382,2026-02-10,,False
U12383,2026-02-10,,True
U12384,2026-02-10,,False
U12385,2026-02-10,True,False
U12386,2026-02-10,,False
U12387,2026-02-10,True,True
U12388,2026-02-10,,True
U12389,2026-02-10,True,True
U12390,2026-02-10,True,False
U12391,2026-02-10,,False
U12392,2026-02-10,,False
U12393,2026-02-10,True,True
U12394,2026-02-10,True,False
U12395,2026-02-10,,False
U12396,2026-02-10,True,False
U12397,2026-02-10,False,False
U12398,2026-02-10,,False
U12399,2026-02-10,False,True
U12400,2026-02-10,True,False
U12401,2026-02-10,False,False
U12402,2026-02-10,True,True
U12403,2026-02-10,True,False
U12404,2026-02-10,True,False
U12405,2026-02-10,False,False
U12406,2026-02-10,True,False
U12407,2026-02-10,False,False
U12408,2026-02-10,,True
U12409,2026-02-10,True,True
U12410,2026-02-10,,True
U12411,2026-02-10,,True
U12412,2026-02-10,True,True
U12413,2026-02-10,False,False
U12414,2026-02-10,,False
U12415,2026-02-10,True,False
U12416,2026-02-10,,True
U12417,2026-02-10,False,True
U12418,2026-02-10,True,False
U12419,2026-02-10,False,False
U12420,2026-02-10,False,False
U12421,2026-02-10,False,False
U12422,2026-02-10,True,False
U12423,2026-02-10,True,False
U12424,2026-02-10,True,False
U12425,2026-02-10,False,False
U12426,2026-02-10,,True
U12427,2026-02-10,,False
U12428,2026-02-10,False,False
U12429,2026-02-10,False,False
U12430,2026-02-10,,False
U12431,2026-02-10,,False
U12432,2026-02-10,,True
U12433,2026-02-10,False,False
U12434,2026-02-10,True,False
U12435,2026-02-10,True,False
U12436,2026-02-10,,False
U12437,2026-02-10,False,True
U12438,2026-02-10,True,False
U12439,2026-02-10,False,False
U12440,2026-02-10,False,False
U12441,2026-02-10,False,True
U12442,2026-02-10,False,True
U12443,2026-02-10,True,False
U12444,2026-02-10,False,False
U12445,2026-02-10,False,True
U12446,2026-02-10,False,False
U12447,2026-02-10,False,True
U12448,2026-02-10,False,True
U12449,2026-02-10,True,False
U12450,2026-02-10,False,True
U12451,2026-02-10,,True
U12452,2026-02-10,True,True
U12453,2026-02-10,True,True
U12454,2026-02-10,,False
U12455,2026-02-10,,True
U12456,2026-02-10,False,False
U12457,2026-02-10,False,False
U12458,2026-02-10,,True
U12459,2026-02-10,True,False
U12460,2026-02-10,,False
U12461,2026-02-10,False,True
U12462,2026-02-10,,False
U12463,2026-02-10,,False
U12464,2026-02-10,False,True
U12465,2026-02-10,False,True
U12466,2026-02-10,True,True
U12467,2026-02-10,False,False
U12468,2026-02-10,True,True
U12469,2026-02-10,True,False
U12470,2026-02-10,False,True
U12471,2026-02-10,,True
U12472,2026-02-10,True,True
U12473,2026-02-10,,True
U12474,2026-02-10,False,False
U12475,2026-02-10,False,True
U12476,2026-02-10,True,False
U12477,2026-02-10,False,True
U12478,2026-02-10,True,True
U12479,2026-02-10,,False
U12480,2026-02-10,,True
U12481,2026-02-10,,False
U12482,2026-02-10,False,False
U12483,2026-02-10,False,True
U12484,2026-02-10,False,False
U12485,2026-02-10,False,False
U12486,2026-02-10,False,True
U12487,2026-02-10,,False
U12488,2026-02-10,,False
U12489,2026-02-10,,True
U12490,2026-02-10,False,False
U12491,2026-02-10,,False
U12492,2026-02-10,False,False
U12493,2026-02-10,,True
U12494,2026-02-10,,True
U12495,2026-02-10,,False
U12496,2026-02-10,,True
U12497,2026-02-10,False,False
U12498,2026-02-10,False,False
U12499,2026-02-10,True,True
U12500,2026-02-10,False,True
U12501,2026-02-10,,True
U12502,2026-02-10,,True
U12503,2026-02-10,True,True
U12504,2026-02-10,,True
U12505,2026-02-10,False,False
U12506,2026-02-10,False,True
U12507,2026-02-10,False,False
U12508,2026-02-10,False,True
U12509,2026-02-10,,False
U12510,2026-02-10,True,True
U12511,2026-02-10,True,False
U12512,2026-02-10,True,False
U12513,2026-02-10,True,True
U12514,2026-02-10,True,False
U12515,2026-02-10,False,True
U12516,2026-02-10,False,False
U12517,2026-02-10,False,False
U12518,2026-02-10,True,True
U12519,2026-02-10,,True
U12520,2026-02-10,False,False
U12521,2026-02-10,,False
U12522,2026-02-10,True,False
U12523,2026-02-10,False,False
U12524,2026-02-10,False,True
U12525,2026-02-10,True,True
U12526,2026-02-10,False,False
U12527,2026-02-10,False,True
U12528,2026-02-10,True,True
U12529,2026-02-10,,True
U12530,2026-02-10,,False
U12531,2026-02-10,,True
U12532,2026-02-10,False,True
U12533,2026-02-10,,False
U12534,2026-02-10,False,False
U12535,2026-02-10,False,False
U12536,2026-02-10,False,True
U12537,2026-02-10,True,True
U12538,2026-02-10,True,False
U12539,2026-02-10,True,True
U12540,2026-02-10,True,True
U12541,2026-02-10,False,False
U12542,2026-02-10,True,False
U12543,2026-02-10,False,False
U12544,2026-02-10,,True
U12545,2026-02-10,False,True
U12546,2026-02-10,,False
U12547,2026-02-10,,True
U12548,2026-02-10,,True
U12549,2026-02-10,False,False
U12550,2026-02-10,False,True
U12551,2026-02-10,,False
U12552,2026-02-10,,True
U12553,2026-02-10,True,False
U12554,2026-02-10,False,False
U12555,2026-02-10,,True
U12556,2026-02-10,False,False
U12557,2026-02-10,False,True
U12558,2026-02-10,True,True
U12559,2026-02-10,True,True
U12560,2026-02-10,False,True
U12561,2026-02-10,,True
U12562,2026-02-10,,True
U12563,2026-02-10,True,True
U12564,2026-02-10,False,False
U12565,2026-02-10,True,False
U12566,2026-02-10,True,True
U12567,2026-02-10,False,True
U12568,2026-02-10,True,False
U12569,2026-02-10,,False
U12570,2026-02-10,,True
U12571,2026-02-10,True,True
U12572,2026-02-10,True,True
U12573,2026-02-10,,False
U12574,2026-02-10,True,False
U12575,2026-02-10,True,False
U12576,2026-02-10,True,True
U12577,2026-02-10,False,False
U12578,2026-02-10,True,True
U12579,2026-02-10,True,True
U12580,2026-02-10,False,False
U12581,2026-02-10,False,True
U12582,2026-02-10,True,True
U12583,2026-02-10,False,True
U12584,2026-02-10,True,True
U12585,2026-02-10,True,False
U12586,2026-02-10,False,True
U12587,2026-02-10,False,False
U12588,2026-02-10,,True
U12589,2026-02-10,,True
U12590,2026-02-10,True,False
U12591,2026-02-10,False,False
U12592,2026-02-10,,False
U12593,2026-02-10,False,False
U12594,2026-02-10,False,False
U12595,2026-02-10,True,False
U12596,2026-02-10,False,False
U12597,2026-02-10,True,True
U12598,2026-02-10,,True
U12599,2026-02-10,True,False
U12600,2026-02-10,,False
U12601,2026-02-10,False,True
U12602,2026-02-10,True,False
U12603,2026-02-10,False,True
U12604,2026-02-10,,True
U12605,2026-02-10,True,False
U12606,2026-02-10,True,False
U12607,2026-02-10,,False
U12608,2026-02-10,,True
U12609,2026-02-10,True,True
U12610,2026-02-10,,True
U12611,2026-02-10,True,False
U12612,2026-02-10,True,True
U12613,2026-02-10,False,True
U12614,2026-02-10,False,True
U12615,2026-02-10,True,True
U12616,2026-02-10,,False
U12617,2026-02-10,False,False
U12618,2026-02-10,True,False
U12619,2026-02-10,,False
U12620,2026-02-10,True,True
U12621,2026-02-10,,True
U12622,2026-02-10,,False
U12623,2026-02-10,False,True
U12624,2026-02-10,,True
U12625,2026-02-10,True,False
U12626,2026-02-10,,True
U12627,2026-02-10,True,False
U12628,2026-02-10,False,True
U12629,2026-02-10,True,False
U12630,2026-02-10,True,True
U12631,2026-02-10,True,True
U12632,2026-02-10,True,True
U12633,2026-02-10,,False
U12634,2026-02-10,False,False
U12635,2026-02-10,,False
U12636,2026-02-10,,True
U12637,2026-02-10,False,True
U12638,2026-02-10,,False
U12639,2026-02-10,True,True
U12640,2026-02-10,,False
U12641,2026-02-10,True,False
U12642,2026-02-10,False,True
U12643,2026-02-10,,True
U12644,2026-02-10,False,True
U12645,2026-02-10,,True
U12646,2026-02-10,,False
U12647,2026-02-10,True,False
U12648,2026-02-10,True,False
U12649,2026-02-10,,True
U12650,2026-02-10,True,True
U12651,2026-02-10,False,True
U12652,2026-02-10,False,False
U12653,2026-02-10,False,False
U12654,2026-02-10,False,False
U12655,2026-02-10,False,False
U12656,2026-02-10,True,True
U12657,2026-02-10,False,True
U12658,2026-02-10,,False
U12659,2026-02-10,False,False
U12660,2026-02-10,,False
U12661,2026-02-10,True,True
U12662,2026-02-10,True,False
U12663,2026-02-10,False,False
U12664,2026-02-10,False,True
U12665,2026-02-10,True,False
U12666,2026-02-10,,False
U12667,2026-02-10,,False
U12668,2026-02-10,False,False
U12669,2026-02-10,,True
U12670,2026-02-10,True,True
U12671,2026-02-10,False,True
U12672,2026-02-10,False,True
U12673,2026-02-10,True,True
U12674,2026-02-10,True,True
U12675,2026-02-10,,True
U12676,2026-02-10,,False
U12677,2026-02-10,True,False
U12678,2026-02-10,False,False
U12679,2026-02-10,,False
U12680,2026-02-10,True,True
U12681,2026-02-10,True,True
U12682,2026-02-10,True,False
U12683,2026-02-10,True,False
U12684,2026-02-10,,False
U12685,2026-02-10,,True
U12686,2026-02-10,,True
U12687,2026-02-10,,False
U12688,2026-02-10,False,True
U12689,2026-02-10,,True
U12690,2026-02-10,False,False
U12691,2026-02-10,,True
U12692,2026-02-10,False,True
U12693,2026-02-10,False,False
U12694,2026-02-10,True,True
U12695,2026-02-10,,False
U12696,2026-02-10,True,False
U12697,2026-02-10,False,True
U12698,2026-02-10,,True
U12699,2026-02-10,,False
U12700,2026-02-10,,True
U12701,2026-02-10,True,False
U12702,2026-02-10,False,True
U12703,2026-02-10,,False
U12704,2026-02-10,,False
U12705,2026-02-10,,False
U12706,2026-02-10,False,False
U12707,2026-02-10,,True
U12708,2026-02-10,,True
U12709,2026-02-10,False,True
U12710,2026-02-10,True,True
U12711,2026-02-10,,True
U12712,2026-02-10,True,True
U12713,2026-02-10,True,True
U12714,2026-02-10,False,True
U12715,2026-02-10,True,False
U12716,2026-02-10,,False
U12717,2026-02-10,False,False
U12718,2026-02-10,,False
U12719,2026-02-10,False,False
U12720,2026-02-10,,False
U12721,2026-02-10,,True
U12722,2026-02-10,,False
U12723,2026-02-10,False,False
U12724,2026-02-10,,True
U12725,2026-02-10,False,False
U12726,2026-02-10,,False
U12727,2026-02-10,,False
U12728,2026-02-10,,False
U12729,2026-02-10,False,True
U12730,2026-02-10,True,True
U12731,2026-02-10,False,True
U12732,2026-02-10,True,False
U12733,2026-02-10,False,False
U12734,2026-02-10,,False
U12735,2026-02-10,,True
U12736,2026-02-10,,False
U12737,2026-02-10,False,False
U12738,2026-02-10,False,True
U12739,2026-02-10,,True
U12740,2026-02-10,,False
U12741,2026-02-10,,False
U12742,2026-02-10,,True
U12743,2026-02-10,False,False
U12744,2026-02-10,False,True
U12745,2026-02-10,,True
U12746,2026-02-10,,False
U12747,2026-02-10,False,False
U12748,2026-02-10,False,True
U12749,2026-02-10,False,False
U12750,2026-02-10,False,False
U12751,2026-02-10,True,False
U12752,2026-02-10,,False
U12753,2026-02-10,False,True
U12754,2026-02-10,,False
U12755,2026-02-10,False,False
U12756,2026-02-10,True,True
U12757,2026-02-10,True,True
U12758,2026-02-10,False,True
U12759,2026-02-10,True,True
U12760,2026-02-10,False,True
U12761,2026-02-10,True,True
U12762,2026-02-10,,False
U12763,2026-02-10,,False
U12764,2026-02-10,,True
U12765,2026-02-10,True,False
U12766,2026-02-10,True,True
U12767,2026-02-10,,False
U12768,2026-02-10,,True
U12769,2026-02-10,False,True
U12770,2026-02-10,False,False
U12771,2026-02-10,False,True
U12772,2026-02-10,,False
U12773,2026-02-10,False,True
U12774,2026-02-10,True,True
U12775,2026-02-10,False,True
U12776,2026-02-10,True,True
U12777,2026-02-10,False,True
U12778,2026-02-10,True,False
U12779,2026-02-10,True,False
U12780,2026-02-10,,True
U12781,2026-02-10,False,False
U12782,2026-02-10,False,False
U12783,2026-02-10,True,False
U12784,2026-02-10,False,False
U12785,2026-02-10,False,False
U12786,2026-02-10,True,False
U12787,2026-02-10,True,True
U12788,2026-02-10,False,True
U12789,2026-02-10,,False
U12790,2026-02-10,False,False
U12791,2026-02-10,,False
U12792,2026-02-10,,True
U12793,2026-02-10,False,True
U12794,2026-02-10,True,False
U12795,2026-02-10,,True
U12796,2026-02-10,False,False
U12797,2026-02-10,,True
U12798,2026-02-10,True,True
U12799,2026-02-10,,False
U12800,2026-02-10,False,False
U12801,2026-02-10,,True
U12802,2026-02-10,,False
U12803,2026-02-10,,True
U12804,2026-02-10,True,True
U12805,2026-02-10,False,False
U12806,2026-02-10,,True
U12807,2026-02-10,,True
U12808,2026-02-10,True,False
U12809,2026-02-10,False,False
U12810,2026-02-10,False,True
U12811,2026-02-10,True,True
U12812,2026-02-10,False,True
U12813,2026-02-10,False,False
U12814,2026-02-10,True,False
U12815,2026-02-10,False,False
U12816,2026-02-10,,False
U12817,2026-02-10,False,False
U12818,2026-02-10,True,False
U12819,2026-02-10,,True
U12820,2026-02-10,False,False
U12821,2026-02-10,True,True
U12822,2026-02-10,,True
U12823,2026-02-10,False,False
U12824,2026-02-10,False,False
U12825,2026-02-10,True,True
U12826,2026-02-10,,False
U12827,2026-02-10,False,True
U12828,2026-02-10,False,True
U12829,2026-02-10,False,True
U12830,2026-02-10,,True
U12831,2026-02-10,False,False
U12832,2026-02-10,,True
U12833,2026-02-10,,True
U12834,2026-02-10,,False
U12835,2026-02-10,,False
U12836,2026-02-10,False,False
U12837,2026-02-10,False,False
U12838,2026-02-10,False,False
U12839,2026-02-10,False,True
U12840,2026-02-10,False,True
U12841,2026-02-10,False,False
U12842,2026-02-10,False,False
U12843,2026-02-10,,True
U12844,2026-02-10,,False
U12845,2026-02-10,True,False
U12846,2026-02-10,,False
U12847,2026-02-10,,False
U12848,2026-02-10,True,False
U12849,2026-02-10,False,True
U12850,2026-02-10,True,True
U12851,2026-02-10,,False
U12852,2026-02-10,,True
U12853,2026-02-10,False,False
U12854,2026-02-10,,True
U12855,2026-02-10,False,True
U12856,2026-02-10,False,True
U12857,2026-02-10,False,False
U12858,2026-02-10,False,True
U12859,2026-02-10,True,True
U12860,2026-02-10,True,True
U12861,2026-02-10,False,False
U12862,2026-02-10,False,False
U12863,2026-02-10,True,False
U12864,2026-02-10,,False
U12865,2026-02-10,True,True
U12866,2026-02-10,,False
U12867,2026-02-10,,False
U12868,2026-02-10,True,True
U12869,2026-02-10,False,False
U12870,2026-02-10,False,False
U12871,2026-02-10,False,False
U12872,2026-02-10,True,True
U12873,2026-02-10,False,False
U12874,2026-02-10,,False
U12875,2026-02-10,False,True
U12876,2026-02-10,False,False
U12877,2026-02-10,,False
U12878,2026-02-10,False,True
U12879,2026-02-10,,False
U12880,2026-02-10,True,True
U12881,2026-02-10,True,False
U12882,2026-02-10,False,False
U12883,2026-02-10,,True
U12884,2026-02-10,,False
U12885,2026-02-10,False,False
U12886,2026-02-10,False,False
U12887,2026-02-10,,True
U12888,2026-02-10,,False
U12889,2026-02-10,False,True
U12890,2026-02-10,True,False
U12891,2026-02-10,,True
U12892,2026-02-10,True,False
U12893,2026-02-10,True,True
U12894,2026-02-10,True,False
U12895,2026-02-10,False,True
U12896,2026-02-10,False,True
U12897,2026-02-10,False,True
U12898,2026-02-10,False,False
U12899,2026-02-10,,False
U12900,2026-02-10,,True
U12901,2026-02-10,False,False
U12902,2026-02-10,,False
U12903,2026-02-10,,True
U12904,2026-02-10,False,True
U12905,2026-02-10,,False
U12906,2026-02-10,,False
U12907,2026-02-10,,False
U12908,2026-02-10,True,True
U12909,2026-02-10,False,False
U12910,2026-02-10,False,False
U12911,2026-02-10,True,True
U12912,2026-02-10,False,True
U12913,2026-02-10,True,False
U12914,2026-02-10,True,True
U12915,2026-02-10,True,False
U12916,2026-02-10,False,True
U12917,2026-02-10,,True
U12918,2026-02-10,True,False
U12919,2026-02-10,,True
U12920,2026-02-10,False,False
U12921,2026-02-10,,False
U12922,2026-02-10,,True
U12923,2026-02-10,False,False
U12924,2026-02-10,,True
U12925,2026-02-10,,False
U12926,2026-02-10,False,True
U12927,2026-02-10,False,True
U12928,2026-02-10,True,False
U12929,2026-02-10,,True
U12930,2026-02-10,,False
U12931,2026-02-10,False,False
U12932,2026-02-10,,True
U12933,2026-02-10,False,True
U12934,2026-02-10,False,False
U12935,2026-02-10,True,False
U12936,2026-02-10,,False
U12937,2026-02-10,,False
U12938,2026-02-10,True,False
U12939,2026-02-10,True,False
U12940,2026-02-10,True,True
U12941,2026-02-10,,True
U12942,2026-02-10,False,True
U12943,2026-02-10,True,True
U12944,2026-02-10,False,True
U12945,2026-02-10,True,True
U12946,2026-02-10,True,False
U12947,2026-02-10,True,True
U12948,2026-02-10,,False
U12949,2026-02-10,False,True
U12950,2026-02-10,False,False
U12951,2026-02-10,,True
U12952,2026-02-10,False,False
U12953,2026-02-10,,True
U12954,2026-02-10,False,False
U12955,2026-02-10,,False
U12956,2026-02-10,False,True
U12957,2026-02-10,,False
U12958,2026-02-10,,True
U12959,2026-02-10,True,True
U12960,2026-02-10,,True
U12961,2026-02-10,False,True
U12962,2026-02-10,False,False
U12963,2026-02-10,False,True
U12964,2026-02-10,False,True
U12965,2026-02-10,,True
U12966,2026-02-10,False,True
U12967,2026-02-10,,False
U12968,2026-02-10,True,False
U12969,2026-02-10,,False
U12970,2026-02-10,,True
U12971,2026-02-10,True,False
U12972,2026-02-10,False,True
U12973,2026-02-10,True,True
U12974,2026-02-10,,True
U12975,2026-02-10,True,True
U12976,2026-02-10,True,False
U12977,2026-02-10,,True
U12978,2026-02-10,False,True
U12979,2026-02-10,False,True
U12980,2026-02-10,True,False
U12981,2026-02-10,,True
U12982,2026-02-10,False,False
U12983,2026-02-10,False,False
U12984,2026-02-10,False,False
U12985,2026-02-10,,False
U12986,2026-02-10,False,False
U12987,2026-02-10,,True
U12988,2026-02-10,True,False
U12989,2026-02-10,,False
U12990,2026-02-10,False,False
U12991,2026-02-10,True,True
U12992,2026-02-10,,True
U12993,2026-02-10,,False
U12994,2026-02-10,True,True
U12995,2026-02-10,False,False
U12996,2026-02-10,True,True
U12997,2026-02-10,,False
U12998,2026-02-10,True,True
U12999,2026-02-10,True,True
U13000,2026-02-10,,True
U13001,2026-02-10,False,False
U13002,2026-02-10,,False
U13003,2026-02-10,True,False
U13004,2026-02-10,False,True
U13005,2026-02-10,False,False
U13006,2026-02-10,,True
U13007,2026-02-10,True,True
U13008,2026-02-10,True,False
U13009,2026-02-10,,True
U13010,2026-02-10,True,True
U13011,2026-02-10,False,False
U13012,2026-02-10,True,True
U13013,2026-02-10,True,True
U13014,2026-02-10,False,True
U13015,2026-02-10,,True
U13016,2026-02-10,False,True
U13017,2026-02-10,True,True
U13018,2026-02-10,,False
U13019,2026-02-10,False,False
U13020,2026-02-10,False,False
U13021,2026-02-10,True,True
U13022,2026-02-10,False,False
U13023,2026-02-10,False,True
U13024,2026-02-10,,True
U13025,2026-02-10,False,False
U13026,2026-02-10,True,False
U13027,2026-02-10,True,False
U13028,2026-02-10,False,False
U13029,2026-02-10,,True
U13030,2026-02-10,,False
U13031,2026-02-10,True,True
U13032,2026-02-10,False,True
U13033,2026-02-10,True,False
U13034,2026-02-10,,False
U13035,2026-02-10,,True
U13036,2026-02-10,,False
U13037,2026-02-10,True,False
U13038,2026-02-10,,True
U13039,2026-02-10,True,True
U13040,2026-02-10,,True
U13041,2026-02-10,False,False
U13042,2026-02-10,,False
U13043,2026-02-10,False,False
U13044,2026-02-10,,False
U13045,2026-02-10,False,False
U13046,2026-02-10,True,True
U13047,2026-02-10,False,True
U13048,2026-02-10,False,True
U13049,2026-02-10,,True
U13050,2026-02-10,False,False
U13051,2026-02-10,,True
U13052,2026-02-10,,False
U13053,2026-02-10,,True
U13054,2026-02-10,True,False
U13055,2026-02-10,True,False
U13056,2026-02-10,,True
U13057,2026-02-10,,False
U13058,2026-02-10,,True
U13059,2026-02-10,True,True
U13060,2026-02-10,,False
U13061,2026-02-10,,True
U13062,2026-02-10,True,False
U13063,2026-02-10,,True
U13064,2026-02-10,,False
U13065,2026-02-10,False,True
U13066,2026-02-10,False,False
U13067,2026-02-10,True,True
U13068,2026-02-10,False,True
U13069,2026-02-10,True,True
U13070,2026-02-10,,False
U13071,2026-02-10,,True
U13072,2026-02-10,False,True
U13073,2026-02-10,False,True
U13074,2026-02-10,True,True
U13075,2026-02-10,True,False
U13076,2026-02-10,,True
U13077,2026-02-10,,False
U13078,2026-02-10,False,False
U13079,2026-02-10,,True
U13080,2026-02-10,True,True
U13081,2026-02-10,True,False
U13082,2026-02-10,,True
U13083,2026-02-10,,False
U13084,2026-02-10,True,True
U13085,2026-02-10,True,False
U13086,2026-02-10,False,False
U13087,2026-02-10,True,False
U13088,2026-02-10,True,False
U13089,2026-02-10,False,False
U13090,2026-02-10,False,False
U13091,2026-02-10,,True
U13092,2026-02-10,,False
U13093,2026-02-10,True,True
U13094,2026-02-10,True,True
U13095,2026-02-10,False,True
U13096,2026-02-10,True,True
U13097,2026-02-10,,True
U13098,2026-02-10,True,True
U13099,2026-02-10,,False
U13100,2026-02-10,False,False
U13101,2026-02-10,,True
U13102,2026-02-10,True,False
U13103,2026-02-10,,False
U13104,2026-02-10,True,False
U13105,2026-02-10,False,True
U13106,2026-02-10,False,True
U13107,2026-02-10,True,True
U13108,2026-02-10,False,False
U13109,2026-02-10,,False
U13110,2026-02-10,True,False
U13111,2026-02-10,True,True
U13112,2026-02-10,False,False
U13113,2026-02-10,True,False
U13114,2026-02-10,True,False
U13115,2026-02-10,False,True
U13116,2026-02-10,,False
U13117,2026-02-10,True,True
U13118,2026-02-10,False,False
U13119,2026-02-10,,False
U13120,2026-02-10,True,False
U13121,2026-02-10,False,False
U13122,2026-02-10,False,False
U13123,2026-02-10,True,True
U13124,2026-02-10,False,False
U13125,2026-02-10,True,False
U13126,2026-02-10,False,False
U13127,2026-02-10,,True
U13128,2026-02-10,True,False
U13129,2026-02-10,True,True
U13130,2026-02-10,True,True
U13131,2026-02-10,True,False
U13132,2026-02-10,,False
U13133,2026-02-10,,False
U13134,2026-02-10,False,False
U13135,2026-02-10,False,False
U13136,2026-02-10,True,True
U13137,2026-02-10,False,False
U13138,2026-02-10,,True
U13139,2026-02-10,,False
U13140,2026-02-10,,False
U13141,2026-02-10,,True
U13142,2026-02-10,True,True
U13143,2026-02-10,False,False
U13144,2026-02-10,True,False
U13145,2026-02-10,False,True
U13146,2026-02-10,False,True
U13147,2026-02-10,False,False
U13148,2026-02-10,,False
U13149,2026-02-10,False,False
U13150,2026-02-10,True,True
U13151,2026-02-10,True,True
U13152,2026-02-10,False,False
U13153,2026-02-10,False,False
U13154,2026-02-10,False,False
U13155,2026-02-10,False,False
U13156,2026-02-10,False,False
U13157,2026-02-10,False,True
U13158,2026-02-10,,False
U13159,2026-02-10,True,True
U13160,2026-02-10,False,True
U13161,2026-02-10,False,False
U13162,2026-02-10,False,True
U13163,2026-02-10,True,True
U13164,2026-02-10,,False
U13165,2026-02-10,,False
U13166,2026-02-10,,False
U13167,2026-02-10,,False
U13168,2026-02-10,True,False
U13169,2026-02-10,False,True
U13170,2026-02-10,,False
U13171,2026-02-10,True,True
U13172,2026-02-10,,True
U13173,2026-02-10,False,False
U13174,2026-02-10,True,False
U13175,2026-02-10,False,False
U13176,2026-02-10,False,False
U13177,2026-02-10,False,True
U13178,2026-02-10,,True
U13179,2026-02-10,,False
U13180,2026-02-10,True,False
U13181,2026-02-10,True,False
U13182,2026-02-10,False,True
U13183,2026-02-10,,False
U13184,2026-02-10,True,True
U13185,2026-02-10,True,False
U13186,2026-02-10,True,False
U13187,2026-02-10,True,True
U13188,2026-02-10,,False
U13189,2026-02-10,True,True
U13190,2026-02-10,,True
U13191,2026-02-10,False,True
U13192,2026-02-10,False,True
U13193,2026-02-10,True,True
U13194,2026-02-10,True,True
U13195,2026-02-10,True,True
U13196,2026-02-10,True,True
U13197,2026-02-10,False,False
U13198,2026-02-10,False,True
U13199,2026-02-10,False,True
U13200,2026-02-10,False,False
U13201,2026-02-10,,True
U13202,2026-02-10,,True
U13203,2026-02-10,False,False
U13204,2026-02-10,,True
U13205,2026-02-10,True,False
U13206,2026-02-10,False,False
U13207,2026-02-10,False,True
U13208,2026-02-10,,False
U13209,2026-02-10,True,True
U13210,2026-02-10,,False
U13211,2026-02-10,True,False
U13212,2026-02-10,,True
U13213,2026-02-10,True,False
U13214,2026-02-10,False,False
U13215,2026-02-10,,False
U13216,2026-02-10,False,False
U13217,2026-02-10,False,True
U13218,2026-02-10,True,True
U13219,2026-02-10,,True
U13220,2026-02-10,False,True
U13221,2026-02-10,False,False
U13222,2026-02-10,False,True
U13223,2026-02-10,,True
U13224,2026-02-10,False,True
U13225,2026-02-10,False,False
U13226,2026-02-10,False,True
U13227,2026-02-10,False,False
U13228,2026-02-10,True,False
U13229,2026-02-10,,False
U13230,2026-02-10,,False
U13231,2026-02-10,,False
U13232,2026-02-10,True,True
U13233,2026-02-10,True,True
U13234,2026-02-10,,True
U13235,2026-02-10,True,True
U13236,2026-02-10,True,True
U13237,2026-02-10,False,True
U13238,2026-02-10,True,False
U13239,2026-02-10,,False
U13240,2026-02-10,False,True
U13241,2026-02-10,,True
U13242,2026-02-10,,False
U13243,2026-02-10,,False
U13244,2026-02-10,True,False
U13245,2026-02-10,True,True
U13246,2026-02-10,False,True
U13247,2026-02-10,False,False
U13248,2026-02-10,False,True
U13249,2026-02-10,,True
U13250,2026-02-10,False,False
U13251,2026-02-10,False,False
U13252,2026-02-10,True,False
U13253,2026-02-10,True,True
U13254,2026-02-10,True,True
U13255,2026-02-10,,True
U13256,2026-02-10,False,True
U13257,2026-02-10,True,False
U13258,2026-02-10,True,True
U13259,2026-02-10,True,False
U13260,2026-02-10,False,False
U13261,2026-02-10,,True
U13262,2026-02-10,True,True
U13263,2026-02-10,True,True
U13264,2026-02-10,,True
U13265,2026-02-10,True,False
U13266,2026-02-10,False,False
U13267,2026-02-10,False,False
U13268,2026-02-10,True,False
U13269,2026-02-10,False,False
U13270,2026-02-10,,True
U13271,2026-02-10,,True
U13272,2026-02-10,True,False
U13273,2026-02-10,False,False
U13274,2026-02-10,True,False
U13275,2026-02-10,False,True
U13276,2026-02-10,True,False
U13277,2026-02-10,True,False
U13278,2026-02-10,,False
U13279,2026-02-10,False,False
U13280,2026-02-10,True,True
U13281,2026-02-10,True,False
U13282,2026-02-10,True,False
U13283,2026-02-10,,False
U13284,2026-02-10,False,True
U13285,2026-02-10,True,True
U13286,2026-02-10,,False
U13287,2026-02-10,,False
U13288,2026-02-10,True,True
U13289,2026-02-10,,True
U13290,2026-02-10,False,True
U13291,2026-02-10,False,True
U13292,2026-02-10,True,False
U13293,2026-02-10,False,False
U13294,2026-02-10,,True
U13295,2026-02-10,True,True
U13296,2026-02-10,False,False
U13297,2026-02-10,True,False
U13298,2026-02-10,,False
U13299,2026-02-10,,True
U13300,2026-02-10,,False
U13301,2026-02-10,True,True
U13302,2026-02-10,False,True
U13303,2026-02-10,,True
U13304,2026-02-10,,False
U13305,2026-02-10,False,False
U13306,2026-02-10,,True
U13307,2026-02-10,True,True
U13308,2026-02-10,False,True
U13309,2026-02-10,,True
U13310,2026-02-10,True,True
U13311,2026-02-10,,True
U13312,2026-02-10,,False
U13313,2026-02-10,True,True
U13314,2026-02-10,True,True
U13315,2026-02-10,,False
U13316,2026-02-10,True,False
U13317,2026-02-10,,True
U13318,2026-02-10,False,False
U13319,2026-02-10,,True
U13320,2026-02-10,,True
U13321,2026-02-10,False,False
U13322,2026-02-10,False,True
U13323,2026-02-10,True,False
U13324,2026-02-10,True,False
U13325,2026-02-10,True,False
U13326,2026-02-10,,True
U13327,2026-02-10,True,False
U13328,2026-02-10,False,False
U13329,2026-02-10,False,True
U13330,2026-02-10,False,True
U13331,2026-02-10,False,False
U13332,2026-02-10,True,False
U13333,2026-02-10,True,False
U13334,2026-02-10,True,False
U13335,2026-02-10,,True
U13336,2026-02-10,,True
U13337,2026-02-10,,True
U13338,2026-02-10,True,False
U13339,2026-02-10,,False
U13340,2026-02-10,,False
U13341,2026-02-10,True,False
U13342,2026-02-10,,False
U13343,2026-02-10,False,True
U13344,2026-02-10,False,False
U13345,2026-02-10,True,False
U13346,2026-02-10,True,False
U13347,2026-02-10,False,False
U13348,2026-02-10,,False
U13349,2026-02-10,True,False
U13350,2026-02-10,False,False
U13351,2026-02-10,True,False
U13352,2026-02-10,False,False
U13353,2026-02-10,True,True
U13354,2026-02-10,True,True
U13355,2026-02-10,True,False
U13356,2026-02-10,,True
U13357,2026-02-10,,False
U13358,2026-02-10,True,False
U13359,2026-02-10,False,False
U13360,2026-02-10,True,True
U13361,2026-02-10,,True
U13362,2026-02-10,,False
U13363,2026-02-10,True,True
U13364,2026-02-10,False,False
U13365,2026-02-10,False,True
U13366,2026-02-10,False,False
U13367,2026-02-10,True,False
U13368,2026-02-10,True,False
U13369,2026-02-10,False,True
U13370,2026-02-10,True,False
U13371,2026-02-10,False,True
U13372,2026-02-10,True,True
U13373,2026-02-10,False,True
U13374,2026-02-10,True,True
U13375,2026-02-10,,False
U13376,2026-02-10,,True
U13377,2026-02-10,True,False
U13378,2026-02-10,True,False
U13379,2026-02-10,True,True
U13380,2026-02-10,,True
U13381,2026-02-10,False,True
U13382,2026-02-10,True,False
U13383,2026-02-10,False,True
U13384,2026-02-10,False,False
U13385,2026-02-10,False,False
U13386,2026-02-10,,True
U13387,2026-02-10,True,True
U13388,2026-02-10,,False
U13389,2026-02-10,True,True
U13390,2026-02-10,True,False
U13391,2026-02-10,,False
U13392,2026-02-10,False,False
U13393,2026-02-10,True,True
U13394,2026-02-10,,True
U13395,2026-02-10,,False
U13396,2026-02-10,,False
U13397,2026-02-10,,False
U13398,2026-02-10,,False
U13399,2026-02-10,False,True
U13400,2026-02-10,False,True
U13401,2026-02-10,,True
U13402,2026-02-10,True,True
U13403,2026-02-10,False,True
U13404,2026-02-10,,False
U13405,2026-02-10,False,True
U13406,2026-02-10,False,False
U13407,2026-02-10,True,True
U13408,2026-02-10,,True
U13409,2026-02-10,True,True
U13410,2026-02-10,,True
U13411,2026-02-10,,True
U13412,2026-02-10,False,False
U13413,2026-02-10,False,False
U13414,2026-02-10,True,False
U13415,2026-02-10,False,True
U13416,2026-02-10,False,False
U13417,2026-02-10,True,False
U13418,2026-02-10,False,False
U13419,2026-02-10,,True
U13420,2026-02-10,,False
U13421,2026-02-10,True,True
U13422,2026-02-10,True,False
U13423,2026-02-10,,False
U13424,2026-02-10,,True
U13425,2026-02-10,,True
U13426,2026-02-10,,False
U13427,2026-02-10,False,False
U13428,2026-02-10,False,True
U13429,2026-02-10,,True
U13430,2026-02-10,False,True
U13431,2026-02-10,,False
U13432,2026-02-10,,True
U13433,2026-02-10,False,False
U13434,2026-02-10,True,True
U13435,2026-02-10,,False
U13436,2026-02-10,True,False
U13437,2026-02-10,,True
U13438,2026-02-10,False,False
U13439,2026-02-10,True,True
U13440,2026-02-10,,True
U13441,2026-02-10,True,True
U13442,2026-02-10,True,False
U13443,2026-02-10,True,False
U13444,2026-02-10,False,True
U13445,2026-02-10,,True
U13446,2026-02-10,True,True
U13447,2026-02-10,True,False
U13448,2026-02-10,False,True
U13449,2026-02-10,True,True
U13450,2026-02-10,False,False
U13451,2026-02-10,False,True
U13452,2026-02-10,,False
U13453,2026-02-10,True,False
U13454,2026-02-10,True,True
U13455,2026-02-10,True,True
U13456,2026-02-10,False,True
U13457,2026-02-10,False,True
U13458,2026-02-10,False,True
U13459,2026-02-10,True,True
U13460,2026-02-10,True,False
U13461,2026-02-10,True,True
U13462,2026-02-10,False,True
U13463,2026-02-10,False,False
U13464,2026-02-10,False,False
U13465,2026-02-10,True,False
U13466,2026-02-10,,True
U13467,2026-02-10,False,True
U13468,2026-02-10,True,False
U13469,2026-02-10,False,False
U13470,2026-02-10,False,True
U13471,2026-02-10,True,True
U13472,2026-02-10,False,False
U13473,2026-02-10,True,True
U13474,2026-02-10,False,True
U13475,2026-02-10,,True
U13476,2026-02-10,False,True
U13477,2026-02-10,,True
U13478,2026-02-10,True,False
U13479,2026-02-10,True,False
U13480,2026-02-10,,True
U13481,2026-02-10,,False
U13482,2026-02-10,,False
U13483,2026-02-10,True,False
U13484,2026-02-10,True,False
U13485,2026-02-10,,False
U13486,2026-02-10,False,False
U13487,2026-02-10,False,True
U13488,2026-02-10,False,False
U13489,2026-02-10,True,True
U13490,2026-02-10,,True
U13491,2026-02-10,False,False
U13492,2026-02-10,True,True
U13493,2026-02-10,False,True
U13494,2026-02-10,,False
U13495,2026-02-10,True,True
U13496,2026-02-10,,False
U13497,2026-02-10,,False
U13498,2026-02-10,True,False
U13499,2026-02-10,True,True
U13500,2026-02-10,True,False
U13501,2026-02-10,False,True
U13502,2026-02-10,False,True
U13503,2026-02-10,False,True
U13504,2026-02-10,True,False
U13505,2026-02-10,,False
U13506,2026-02-10,,False
U13507,2026-02-10,,False
U13508,2026-02-10,,False
U13509,2026-02-10,False,True
U13510,2026-02-10,False,True
U13511,2026-02-10,,True
U13512,2026-02-10,,False
U13513,2026-02-10,True,True
U13514,2026-02-10,,True
U13515,2026-02-10,True,True
U13516,2026-02-10,True,False
U13517,2026-02-10,False,True
U13518,2026-02-10,True,True
U13519,2026-02-10,,True
U13520,2026-02-10,False,True
U13521,2026-02-10,,True
U13522,2026-02-10,True,False
U13523,2026-02-10,False,True
U13524,2026-02-10,False,True
U13525,2026-02-10,,True
U13526,2026-02-10,False,False
U13527,2026-02-10,,False
U13528,2026-02-10,True,False
U13529,2026-02-10,False,True
U13530,2026-02-10,False,True
U13531,2026-02-10,,False
U13532,2026-02-10,False,False
U13533,2026-02-10,,True
U13534,2026-02-10,False,False
U13535,2026-02-10,True,True
U13536,2026-02-10,True,False
U13537,2026-02-10,True,False
U13538,2026-02-10,True,True
U13539,2026-02-10,,True
U13540,2026-02-10,,False
U13541,2026-02-10,False,True
U13542,2026-02-10,,True
U13543,2026-02-10,False,True
U13544,2026-02-10,False,False
U13545,2026-02-10,False,True
U13546,2026-02-10,False,True
U13547,2026-02-10,,True
U13548,2026-02-10,,True
U13549,2026-02-10,True,False
U13550,2026-02-10,,False
U13551,2026-02-10,,False
U13552,2026-02-10,True,False
U13553,2026-02-10,False,False
U13554,2026-02-10,,True
U13555,2026-02-10,False,False
U13556,2026-02-10,True,False
U13557,2026-02-10,False,False
U13558,2026-02-10,False,True
U13559,2026-02-10,False,False
U13560,2026-02-10,,False
U13561,2026-02-10,False,False
U13562,2026-02-10,True,False
U13563,2026-02-10,False,True
U13564,2026-02-10,True,False
U13565,2026-02-10,False,False
U13566,2026-02-10,False,True
U13567,2026-02-10,False,False
U13568,2026-02-10,False,True
U13569,2026-02-10,False,True
U13570,2026-02-10,True,True
U13571,2026-02-10,,False
U13572,2026-02-10,True,True
U13573,2026-02-10,True,True
U13574,2026-02-10,True,False
U13575,2026-02-10,,False
U13576,2026-02-10,False,False
U13577,2026-02-10,True,True
U13578,2026-02-10,False,False
U13579,2026-02-10,False,True
U13580,2026-02-10,True,True
U13581,2026-02-10,True,False
U13582,2026-02-10,False,False
U13583,2026-02-10,True,True
U13584,2026-02-10,False,True
U13585,2026-02-10,False,False
U13586,2026-02-10,,False
U13587,2026-02-10,,True
U13588,2026-02-10,True,True
U13589,2026-02-10,True,False
U13590,2026-02-10,,True
U13591,2026-02-10,True,False
U13592,2026-02-10,False,False
U13593,2026-02-10,False,True
U13594,2026-02-10,,True
U13595,2026-02-10,False,False
U13596,2026-02-10,,True
U13597,2026-02-10,,True
U13598,2026-02-10,,True
U13599,2026-02-10,,False
U13600,2026-02-10,False,False
U13601,2026-02-10,True,False
U13602,2026-02-10,True,False
U13603,2026-02-10,False,True
U13604,2026-02-10,False,True
U13605,2026-02-10,True,True
U13606,2026-02-10,False,True
U13607,2026-02-10,,True
U13608,2026-02-10,,True
U13609,2026-02-10,True,True
U13610,2026-02-10,,True
U13611,2026-02-10,False,True
U13612,2026-02-10,False,True
U13613,2026-02-10,,False
U13614,2026-02-10,,True
U13615,2026-02-10,True,False
U13616,2026-02-10,,False
U13617,2026-02-10,True,False
U13618,2026-02-10,,False
U13619,2026-02-10,False,False
U13620,2026-02-10,False,False
U13621,2026-02-10,True,False
U13622,2026-02-10,,True
U13623,2026-02-10,False,True
U13624,2026-02-10,,False
U13625,2026-02-10,True,True
U13626,2026-02-10,False,True
U13627,2026-02-10,False,False
U13628,2026-02-10,,False
U13629,2026-02-10,True,True
U13630,2026-02-10,True,True
U13631,2026-02-10,True,True
U13632,2026-02-10,True,True
U13633,2026-02-10,False,True
U13634,2026-02-10,False,False
U13635,2026-02-10,,False
U13636,2026-02-10,False,True
U13637,2026-02-10,True,False
U13638,2026-02-10,True,False
U13639,2026-02-10,,True
U13640,2026-02-10,False,True
U13641,2026-02-10,,True
U13642,2026-02-10,,True
U13643,2026-02-10,False,True
U13644,2026-02-10,False,False
U13645,2026-02-10,False,True
U13646,2026-02-10,,True
U13647,2026-02-10,True,True
U13648,2026-02-10,,True
U13649,2026-02-10,False,False
U13650,2026-02-10,False,False
U13651,2026-02-10,,True
U13652,2026-02-10,,False
U13653,2026-02-10,True,False
U13654,2026-02-10,True,False
U13655,2026-02-10,True,False
U13656,2026-02-10,False,False
U13657,2026-02-10,,False
U13658,2026-02-10,False,False
U13659,2026-02-10,True,True
U13660,2026-02-10,True,True
U13661,2026-02-10,False,True
U13662,2026-02-10,False,False
U13663,2026-02-10,True,True
U13664,2026-02-10,True,False
U13665,2026-02-10,True,False
U13666,2026-02-10,True,False
U13667,2026-02-10,False,True
U13668,2026-02-10,True,True
U13669,2026-02-10,True,True
U13670,2026-02-10,,True
U13671,2026-02-10,False,False
U13672,2026-02-10,,True
U13673,2026-02-10,False,True
U13674,2026-02-10,,True
U13675,2026-02-10,,False
U13676,2026-02-10,True,False
U13677,2026-02-10,True,True
U13678,2026-02-10,False,False
U13679,2026-02-10,True,True
U13680,2026-02-10,True,True
U13681,2026-02-10,,False
U13682,2026-02-10,False,True
U13683,2026-02-10,False,False
U13684,2026-02-10,False,True
U13685,2026-02-10,False,True
U13686,2026-02-10,True,True
U13687,2026-02-10,False,True
U13688,2026-02-10,False,True
U13689,2026-02-10,True,True
U13690,2026-02-10,,True
U13691,2026-02-10,True,True
U13692,2026-02-10,False,True
U13693,2026-02-10,False,True
U13694,2026-02-10,,True
U13695,2026-02-10,True,False
U13696,2026-02-10,,True
U13697,2026-02-10,False,True
U13698,2026-02-10,False,False
U13699,2026-02-10,False,True
U13700,2026-02-10,,False
U13701,2026-02-10,False,True
U13702,2026-02-10,,False
U13703,2026-02-10,True,False
U13704,2026-02-10,False,True
U13705,2026-02-10,False,False
U13706,2026-02-10,,True
U13707,2026-02-10,True,True
U13708,2026-02-10,True,True
U13709,2026-02-10,False,False
U13710,2026-02-10,False,False
U13711,2026-02-10,False,False
U13712,2026-02-10,True,True
U13713,2026-02-10,False,False
U13714,2026-02-10,,False
U13715,2026-02-10,,False
U13716,2026-02-10,True,False
U13717,2026-02-10,,False
U13718,2026-02-10,True,True
U13719,2026-02-10,True,False
U13720,2026-02-10,False,False
U13721,2026-02-10,,False
U13722,2026-02-10,True,True
U13723,2026-02-10,True,True
U13724,2026-02-10,,True
U13725,2026-02-10,False,False
U13726,2026-02-10,True,True
U13727,2026-02-10,,False
U13728,2026-02-10,False,True
U13729,2026-02-10,True,False
U13730,2026-02-10,True,True
U13731,2026-02-10,True,False
U13732,2026-02-10,False,False
U13733,2026-02-10,True,True
U13734,2026-02-10,,True
U13735,2026-02-10,False,False
U13736,2026-02-10,False,True
U13737,2026-02-10,True,True
U13738,2026-02-10,True,True
U13739,2026-02-10,,False
U13740,2026-02-10,,False
U13741,2026-02-10,False,False
U13742,2026-02-10,True,True
U13743,2026-02-10,False,True
U13744,2026-02-10,False,True
U13745,2026-02-10,False,False
U13746,2026-02-10,True,True
U13747,2026-02-10,False,False
U13748,2026-02-10,False,False
U13749,2026-02-10,False,False
U13750,2026-02-10,,False
U13751,2026-02-10,,False
U13752,2026-02-10,,False
U13753,2026-02-10,,True
U13754,2026-02-10,False,True
U13755,2026-02-10,,True
U13756,2026-02-10,False,True
U13757,2026-02-10,True,True
U13758,2026-02-10,False,False
U13759,2026-02-10,True,True
U13760,2026-02-10,False,False
U13761,2026-02-10,True,False
U13762,2026-02-10,False,False
U13763,2026-02-10,,True
U13764,2026-02-10,True,True
U13765,2026-02-10,False,True
U13766,2026-02-10,True,True
U13767,2026-02-10,False,True
U13768,2026-02-10,,False
U13769,2026-02-10,True,True
U13770,2026-02-10,False,True
U13771,2026-02-10,True,True
U13772,2026-02-10,False,False
U13773,2026-02-10,False,True
U13774,2026-02-10,False,False
U13775,2026-02-10,,False
U13776,2026-02-10,False,False
U13777,2026-02-10,True,True
U13778,2026-02-10,True,False
U13779,2026-02-10,,False
U13780,2026-02-10,,False
U13781,2026-02-10,False,True
U13782,2026-02-10,True,True
U13783,2026-02-10,False,True
U13784,2026-02-10,True,True
U13785,2026-02-10,False,True
U13786,2026-02-10,True,True
U13787,2026-02-10,False,True
U13788,2026-02-10,False,False
U13789,2026-02-10,False,True
U13790,2026-02-10,,False
U13791,2026-02-10,,True
U13792,2026-02-10,,False
U13793,2026-02-10,,False
U13794,2026-02-10,True,True
U13795,2026-02-10,False,True
U13796,2026-02-10,,False
U13797,2026-02-10,False,True
U13798,2026-02-10,False,False
U13799,2026-02-10,,True
U13800,2026-02-10,True,False
U13801,2026-02-10,,False
U13802,2026-02-10,False,True
U13803,2026-02-10,,True
U13804,2026-02-10,False,False
U13805,2026-02-10,,False
U13806,2026-02-10,,True
U13807,2026-02-10,False,True
U13808,2026-02-10,True,False
U13809,2026-02-10,,True
U13810,2026-02-10,True,False
U13811,2026-02-10,,False
U13812,2026-02-10,False,True
U13813,2026-02-10,False,True
U13814,2026-02-10,False,False
U13815,2026-02-10,,True
U13816,2026-02-10,False,True
U13817,2026-02-10,False,False
U13818,2026-02-10,,True
U13819,2026-02-10,True,True
U13820,2026-02-10,False,True
U13821,2026-02-10,False,True
U13822,2026-02-10,False,True
U13823,2026-02-10,False,False
U13824,2026-02-10,False,False
U13825,2026-02-10,False,True
U13826,2026-02-10,,False
U13827,2026-02-10,True,True
U13828,2026-02-10,False,False
U13829,2026-02-10,False,False
U13830,2026-02-10,True,True
U13831,2026-02-10,,True
U13832,2026-02-10,False,True
U13833,2026-02-10,False,True
U13834,2026-02-10,,False
U13835,2026-02-10,False,True
U13836,2026-02-10,False,False
U13837,2026-02-10,True,True
U13838,2026-02-10,False,True
U13839,2026-02-10,,True
U13840,2026-02-10,False,True
U13841,2026-02-10,True,True
U13842,2026-02-10,,True
U13843,2026-02-10,True,True
U13844,2026-02-10,True,False
U13845,2026-02-10,False,True
U13846,2026-02-10,False,True
U13847,2026-02-10,,False
U13848,2026-02-10,True,False
U13849,2026-02-10,False,True
U13850,2026-02-10,True,True
U13851,2026-02-10,True,True
U13852,2026-02-10,True,True
U13853,2026-02-10,,True
U13854,2026-02-10,,False
U13855,2026-02-10,,False
U13856,2026-02-10,,True
U13857,2026-02-10,,False
U13858,2026-02-10,False,True
U13859,2026-02-10,True,True
U13860,2026-02-10,True,True
U13861,2026-02-10,False,False
U13862,2026-02-10,,True
U13863,2026-02-10,False,False
U13864,2026-02-10,,True
U13865,2026-02-10,,False
U13866,2026-02-10,False,False
U13867,2026-02-10,,False
U13868,2026-02-10,True,True
U13869,2026-02-10,True,True
U13870,2026-02-10,,True
U13871,2026-02-10,True,True
U13872,2026-02-10,False,True
U13873,2026-02-10,True,False
U13874,2026-02-10,False,True
U13875,2026-02-10,False,False
U13876,2026-02-10,True,True
U13877,2026-02-10,True,True
U13878,2026-02-10,True,False
U13879,2026-02-10,False,True
U13880,2026-02-10,,False
U13881,2026-02-10,,True
U13882,2026-02-10,False,True
U13883,2026-02-10,False,True
U13884,2026-02-10,False,False
U13885,2026-02-10,False,False
U13886,2026-02-10,True,True
U13887,2026-02-10,True,True
U13888,2026-02-10,,True
U13889,2026-02-10,,True
U13890,2026-02-10,,True
U13891,2026-02-10,False,True
U13892,2026-02-10,,True
U13893,2026-02-10,,False
U13894,2026-02-10,False,True
U13895,2026-02-10,True,False
U13896,2026-02-10,,True
U13897,2026-02-10,False,False
U13898,2026-02-10,,False
U13899,2026-02-10,True,True
U13900,2026-02-10,False,True
U13901,2026-02-10,,False
U13902,2026-02-10,False,False
U13903,2026-02-10,False,False
U13904,2026-02-10,True,False
U13905,2026-02-10,,False
U13906,2026-02-10,,True
U13907,2026-02-10,True,True
U13908,2026-02-10,False,True
U13909,2026-02-10,True,True
U13910,2026-02-10,False,False
U13911,2026-02-10,True,True
U13912,2026-02-10,False,False
U13913,2026-02-10,False,True
U13914,2026-02-10,False,False
U13915,2026-02-10,,False
U13916,2026-02-10,,True
U13917,2026-02-10,,False
U13918,2026-02-10,,True
U13919,2026-02-10,False,False
U13920,2026-02-10,,True
U13921,2026-02-10,True,False
U13922,2026-02-10,,True
U13923,2026-02-10,,True
U13924,2026-02-10,True,False
U13925,2026-02-10,False,True
U13926,2026-02-10,False,True
U13927,2026-02-10,True,False
U13928,2026-02-10,True,False
U13929,2026-02-10,False,True
U13930,2026-02-10,True,True
U13931,2026-02-10,True,False
U13932,2026-02-10,,False
U13933,2026-02-10,True,True
U13934,2026-02-10,True,False
U13935,2026-02-10,False,False
U13936,2026-02-10,False,True
U13937,2026-02-10,,False
U13938,2026-02-10,,True
U13939,2026-02-10,,False
U13940,2026-02-10,False,False
U13941,2026-02-10,False,True
U13942,2026-02-10,,True
U13943,2026-02-10,False,False
U13944,2026-02-10,False,True
U13945,2026-02-10,True,True
U13946,2026-02-10,False,True
U13947,2026-02-10,False,False
U13948,2026-02-10,True,True
U13949,2026-02-10,,False
U13950,2026-02-10,True,False
U13951,2026-02-10,False,False
U13952,2026-02-10,False,True
U13953,2026-02-10,True,True
U13954,2026-02-10,False,False
U13955,2026-02-10,,True
U13956,2026-02-10,True,True
U13957,2026-02-10,True,True
U13958,2026-02-10,,True
U13959,2026-02-10,False,False
U13960,2026-02-10,True,True
U13961,2026-02-10,,True
U13962,2026-02-10,,True
U13963,2026-02-10,,False
U13964,2026-02-10,,True
U13965,2026-02-10,,False
U13966,2026-02-10,True,True
U13967,2026-02-10,True,True
U13968,2026-02-10,False,True
U13969,2026-02-10,True,True
U13970,2026-02-10,,False
U13971,2026-02-10,True,False
U13972,2026-02-10,False,False
U13973,2026-02-10,,False
U13974,2026-02-10,True,True
U13975,2026-02-10,True,False
U13976,2026-02-10,True,True
U13977,2026-02-10,True,False
U13978,2026-02-10,True,False
U13979,2026-02-10,True,False
U13980,2026-02-10,False,True
U13981,2026-02-10,False,True
U13982,2026-02-10,False,False
U13983,2026-02-10,True,False
U13984,2026-02-10,False,True
U13985,2026-02-10,True,False
U13986,2026-02-10,False,False
U13987,2026-02-10,True,True
U13988,2026-02-10,True,False
U13989,2026-02-10,True,True
U13990,2026-02-10,,True
U13991,2026-02-10,,False
U13992,2026-02-10,,False
U13993,2026-02-10,,True
U13994,2026-02-10,True,False
U13995,2026-02-10,True,True
U13996,2026-02-10,,True
U13997,2026-02-10,True,True
U13998,2026-02-10,False,True
U13999,2026-02-10,False,True
U14000,2026-02-10,True,True
U14001,2026-02-10,False,True
U14002,2026-02-10,True,True
U14003,2026-02-10,True,True
U14004,2026-02-10,,False
U14005,2026-02-10,,True
U14006,2026-02-10,,False
U14007,2026-02-10,True,False
U14008,2026-02-10,False,True
U14009,2026-02-10,,True
U14010,2026-02-10,False,True
U14011,2026-02-10,,True
U14012,2026-02-10,,True
U14013,2026-02-10,False,False
U14014,2026-02-10,True,True
U14015,2026-02-10,False,False
U14016,2026-02-10,,False
U14017,2026-02-10,,False
U14018,2026-02-10,,False
U14019,2026-02-10,True,True
U14020,2026-02-10,True,True
U14021,2026-02-10,False,False
U14022,2026-02-10,False,False
U14023,2026-02-10,True,True
U14024,2026-02-10,False,True
U14025,2026-02-10,False,False
U14026,2026-02-10,False,False
U14027,2026-02-10,True,True
U14028,2026-02-10,,False
U14029,2026-02-10,False,False
U14030,2026-02-10,,True
U14031,2026-02-10,True,False
U14032,2026-02-10,,True
U14033,2026-02-10,False,False
U14034,2026-02-10,False,True
U14035,2026-02-10,,False
U14036,2026-02-10,,True
U14037,2026-02-10,,True
U14038,2026-02-10,,True
U14039,2026-02-10,False,True
U14040,2026-02-10,True,False
U14041,2026-02-10,True,False
U14042,2026-02-10,True,False
U14043,2026-02-10,,False
U14044,2026-02-10,True,True
U14045,2026-02-10,True,False
U14046,2026-02-10,True,False
U14047,2026-02-10,False,True
U14048,2026-02-10,,True
U14049,2026-02-10,,True
U14050,2026-02-10,True,True
U14051,2026-02-10,False,True
U14052,2026-02-10,False,False
U14053,2026-02-10,,False
U14054,2026-02-10,True,False
U14055,2026-02-10,False,True
U14056,2026-02-10,,False
U14057,2026-02-10,False,False
U14058,2026-02-10,True,False
U14059,2026-02-10,,True
U14060,2026-02-10,,False
U14061,2026-02-10,True,True
U14062,2026-02-10,True,True
U14063,2026-02-10,False,True
U14064,2026-02-10,False,False
U14065,2026-02-10,,False
U14066,2026-02-10,True,False
U14067,2026-02-10,False,True
U14068,2026-02-10,False,True
U14069,2026-02-10,True,True
U14070,2026-02-10,False,False
U14071,2026-02-10,,True
U14072,2026-02-10,True,True
U14073,2026-02-10,False,False
U14074,2026-02-10,,True
U14075,2026-02-10,,False
U14076,2026-02-10,True,False
U14077,2026-02-10,True,False
U14078,2026-02-10,True,True
U14079,2026-02-10,,True
U14080,2026-02-10,False,False
U14081,2026-02-10,,False
U14082,2026-02-10,,False
U14083,2026-02-10,,True
U14084,2026-02-10,True,False
U14085,2026-02-10,,False
U14086,2026-02-10,,False
U14087,2026-02-10,False,False
U14088,2026-02-10,False,False
U14089,2026-02-10,,True
U14090,2026-02-10,True,True
U14091,2026-02-10,False,True
U14092,2026-02-10,True,False
U14093,2026-02-10,False,False
U14094,2026-02-10,False,True
U14095,2026-02-10,False,False
U14096,2026-02-10,False,True
U14097,2026-02-10,True,False
U14098,2026-02-10,True,False
U14099,2026-02-10,,False
U14100,2026-02-10,True,True
U14101,2026-02-10,False,True
U14102,2026-02-10,True,True
U14103,2026-02-10,True,True
U14104,2026-02-10,False,False
U14105,2026-02-10,True,True
U14106,2026-02-10,,True
U14107,2026-02-10,False,False
U14108,2026-02-10,False,True
U14109,2026-02-10,True,True
U14110,2026-02-10,True,False
U14111,2026-02-10,False,False
U14112,2026-02-10,True,True
U14113,2026-02-10,,True
U14114,2026-02-10,,False
U14115,2026-02-10,,True
U14116,2026-02-10,False,True
U14117,2026-02-10,,False
U14118,2026-02-10,,False
U14119,2026-02-10,True,True
U14120,2026-02-10,True,False
U14121,2026-02-10,,False
U14122,2026-02-10,True,False
U14123,2026-02-10,,False
U14124,2026-02-10,,True
U14125,2026-02-10,,False
U14126,2026-02-10,True,False
U14127,2026-02-10,False,True
U14128,2026-02-10,True,True
U14129,2026-02-10,,True
U14130,2026-02-10,False,True
U14131,2026-02-10,False,False
U14132,2026-02-10,,False
U14133,2026-02-10,False,False
U14134,2026-02-10,False,False
U14135,2026-02-10,False,False
U14136,2026-02-10,True,True
U14137,2026-02-10,False,False
U14138,2026-02-10,,True
U14139,2026-02-10,,False
U14140,2026-02-10,True,False
U14141,2026-02-10,,False
U14142,2026-02-10,False,True
U14143,2026-02-10,False,False
U14144,2026-02-10,False,True
U14145,2026-02-10,,False
U14146,2026-02-10,True,False
U14147,2026-02-10,True,False
U14148,2026-02-10,,True
U14149,2026-02-10,,False
U14150,2026-02-10,,True
U14151,2026-02-10,False,False
U14152,2026-02-10,False,False
U14153,2026-02-10,False,True
U14154,2026-02-10,,False
U14155,2026-02-10,False,False
U14156,2026-02-10,,True
U14157,2026-02-10,False,False
U14158,2026-02-10,,False
U14159,2026-02-10,True,False
U14160,2026-02-10,,True
U14161,2026-02-10,False,True
U14162,2026-02-10,True,False
U14163,2026-02-10,,True
U14164,2026-02-10,,False
U14165,2026-02-10,False,False
U14166,2026-02-10,True,True
U14167,2026-02-10,False,True
U14168,2026-02-10,,True
U14169,2026-02-10,False,True
U14170,2026-02-10,False,True
U14171,2026-02-10,True,True
U14172,2026-02-10,True,False
U14173,2026-02-10,False,True
U14174,2026-02-10,True,True
U14175,2026-02-10,False,False
U14176,2026-02-10,True,False
U14177,2026-02-10,,True
U14178,2026-02-10,,True
U14179,2026-02-10,True,True
U14180,2026-02-10,True,False
U14181,2026-02-10,False,True
U14182,2026-02-10,True,False
U14183,2026-02-10,True,False
U14184,2026-02-10,,False
U14185,2026-02-10,True,False
U14186,2026-02-10,,False
U14187,2026-02-10,True,False
U14188,2026-02-10,,True
U14189,2026-02-10,True,True
U14190,2026-02-10,True,True
U14191,2026-02-10,False,False
U14192,2026-02-10,False,True
U14193,2026-02-10,False,False
U14194,2026-02-10,,False
U14195,2026-02-10,True,True
U14196,2026-02-10,,False
U14197,2026-02-10,False,False
U14198,2026-02-10,False,False
U14199,2026-02-10,True,True
U14200,2026-02-10,True,True
U14201,2026-02-10,False,True
U14202,2026-02-10,False,False
U14203,2026-02-10,True,True
U14204,2026-02-10,False,False
U14205,2026-02-10,False,False
U14206,2026-02-10,,False
U14207,2026-02-10,False,False
U14208,2026-02-10,True,True
U14209,2026-02-10,True,True
U14210,2026-02-10,,True
U14211,2026-02-10,,True
U14212,2026-02-10,False,True
U14213,2026-02-10,False,False
U14214,2026-02-10,True,False
U14215,2026-02-10,,False
U14216,2026-02-10,True,True
U14217,2026-02-10,True,True
U14218,2026-02-10,,True
U14219,2026-02-10,,True
U14220,2026-02-10,False,False
U14221,2026-02-10,False,False
U14222,2026-02-10,False,False
U14223,2026-02-10,True,True
U14224,2026-02-10,False,False
U14225,2026-02-10,False,False
U14226,2026-02-10,False,False
U14227,2026-02-10,True,True
U14228,2026-02-10,False,True
U14229,2026-02-10,,False
U14230,2026-02-10,False,True
U14231,2026-02-10,False,False
U14232,2026-02-10,False,False
U14233,2026-02-10,True,True
U14234,2026-02-10,,True
U14235,2026-02-10,False,False
U14236,2026-02-10,True,True
U14237,2026-02-10,False,False
U14238,2026-02-10,True,True
U14239,2026-02-10,,True
U14240,2026-02-10,,True
U14241,2026-02-10,False,False
U14242,2026-02-10,,True
U14243,2026-02-10,False,True
U14244,2026-02-10,True,True
U14245,2026-02-10,True,True
U14246,2026-02-10,,False
U14247,2026-02-10,False,False
U14248,2026-02-10,,True
U14249,2026-02-10,False,True
U14250,2026-02-10,False,True
U14251,2026-02-10,False,False
U14252,2026-02-10,True,True
U14253,2026-02-10,False,True
U14254,2026-02-10,True,True
U14255,2026-02-10,True,True
U14256,2026-02-10,,True
U14257,2026-02-10,False,False
U14258,2026-02-10,,True
U14259,2026-02-10,False,False
U14260,2026-02-10,,False
U14261,2026-02-10,True,True
U14262,2026-02-10,False,True
U14263,2026-02-10,,True
U14264,2026-02-10,,True
U14265,2026-02-10,,True
U14266,2026-02-10,,True
U14267,2026-02-10,,True
U14268,2026-02-10,,True
U14269,2026-02-10,,False
U14270,2026-02-10,,True
U14271,2026-02-10,True,True
U14272,2026-02-10,False,True
U14273,2026-02-10,True,False
U14274,2026-02-10,True,True
U14275,2026-02-10,True,False
U14276,2026-02-10,True,True
U14277,2026-02-10,,True
U14278,2026-02-10,True,True
U14279,2026-02-10,,False
U14280,2026-02-10,False,False
U14281,2026-02-10,True,False
U14282,2026-02-10,True,False
U14283,2026-02-10,False,False
U14284,2026-02-10,False,False
U14285,2026-02-10,True,True
U14286,2026-02-10,True,False
U14287,2026-02-10,True,True
U14288,2026-02-10,True,True
U14289,2026-02-10,True,True
U14290,2026-02-10,False,True
U14291,2026-02-10,False,False
U14292,2026-02-10,False,False
U14293,2026-02-10,False,False
U14294,2026-02-10,True,False
U14295,2026-02-10,False,False
U14296,2026-02-10,True,False
U14297,2026-02-10,,True
U14298,2026-02-10,,False
U14299,2026-02-10,False,False
U14300,2026-02-10,True,False
U14301,2026-02-10,False,True
U14302,2026-02-10,False,False
U14303,2026-02-10,True,False
U14304,2026-02-10,,False
U14305,2026-02-10,,False
U14306,2026-02-10,False,False
U14307,2026-02-10,,False
U14308,2026-02-10,True,False
U14309,2026-02-10,True,False
U14310,2026-02-10,False,False
U14311,2026-02-10,False,False
U14312,2026-02-10,False,True
U14313,2026-02-10,False,True
U14314,2026-02-10,True,False
U14315,2026-02-10,True,False
U14316,2026-02-10,True,False
U14317,2026-02-10,,True
U14318,2026-02-10,,True
U14319,2026-02-10,,True
U14320,2026-02-10,False,True
U14321,2026-02-10,,False
U14322,2026-02-10,False,True
U14323,2026-02-10,False,True
U14324,2026-02-10,True,False
U14325,2026-02-10,True,False
U14326,2026-02-10,True,False
U14327,2026-02-10,True,False
U14328,2026-02-10,False,False
U14329,2026-02-10,,True
U14330,2026-02-10,True,True
U14331,2026-02-10,,False
U14332,2026-02-10,False,False
U14333,2026-02-10,False,False
U14334,2026-02-10,,True
U14335,2026-02-10,True,False
U14336,2026-02-10,,True
U14337,2026-02-10,True,True
U14338,2026-02-10,False,True
U14339,2026-02-10,,False
U14340,2026-02-10,True,False
U14341,2026-02-10,,False
U14342,2026-02-10,True,False
U14343,2026-02-10,True,True
U14344,2026-02-10,,True
U14345,2026-02-10,,False
U14346,2026-02-10,,True
U14347,2026-02-10,,False
U14348,2026-02-10,True,True
U14349,2026-02-10,False,True
U14350,2026-02-10,,False
U14351,2026-02-10,False,True
U14352,2026-02-10,False,True
U14353,2026-02-10,True,False
U14354,2026-02-10,False,True
U14355,2026-02-10,,True
U14356,2026-02-10,False,False
U14357,2026-02-10,True,False
U14358,2026-02-10,True,True
U14359,2026-02-10,False,False
U14360,2026-02-10,,False
U14361,2026-02-10,,False
U14362,2026-02-10,False,True
U14363,2026-02-10,,False
U14364,2026-02-10,False,True
U14365,2026-02-10,,True
U14366,2026-02-10,False,True
U14367,2026-02-10,True,True
U14368,2026-02-10,,True
U14369,2026-02-10,True,False
U14370,2026-02-10,True,True
U14371,2026-02-10,False,False
U14372,2026-02-10,True,True
U14373,2026-02-10,True,False
U14374,2026-02-10,True,True
U14375,2026-02-10,False,False
U14376,2026-02-10,,False
U14377,2026-02-10,True,True
U14378,2026-02-10,,True
U14379,2026-02-10,True,True
U14380,2026-02-10,True,True
U14381,2026-02-10,,False
U14382,2026-02-10,False,False
U14383,2026-02-10,False,False
U14384,2026-02-10,,False
U14385,2026-02-10,,True
U14386,2026-02-10,,False
U14387,2026-02-10,False,False
U14388,2026-02-10,,False
U14389,2026-02-10,False,True
U14390,2026-02-10,False,True
U14391,2026-02-10,False,False
U14392,2026-02-10,,True
U14393,2026-02-10,True,False
U14394,2026-02-10,True,False
U14395,2026-02-10,False,True
U14396,2026-02-10,False,True
U14397,2026-02-10,False,False
U14398,2026-02-10,True,False
U14399,2026-02-10,True,True
U14400,2026-02-10,True,False
U14401,2026-02-10,,True
U14402,2026-02-10,False,False
U14403,2026-02-10,False,False
U14404,2026-02-10,False,True
U14405,2026-02-10,,False
U14406,2026-02-10,True,False
U14407,2026-02-10,False,False
U14408,2026-02-10,True,False
U14409,2026-02-10,False,True
U14410,2026-02-10,False,False
U14411,2026-02-10,,False
U14412,2026-02-10,,True
U14413,2026-02-10,False,False
U14414,2026-02-10,,True
U14415,2026-02-10,,True
U14416,2026-02-10,True,False
U14417,2026-02-10,,False
U14418,2026-02-10,True,False
U14419,2026-02-10,,True
U14420,2026-02-10,,False
U14421,2026-02-10,False,False
U14422,2026-02-10,False,False
U14423,2026-02-10,True,False
U14424,2026-02-10,True,True
U14425,2026-02-10,False,False
U14426,2026-02-10,True,False
U14427,2026-02-10,True,False
U14428,2026-02-10,,True
U14429,2026-02-10,True,True
U14430,2026-02-10,True,True
U14431,2026-02-10,,False
U14432,2026-02-10,,True
U14433,2026-02-10,,False
U14434,2026-02-10,False,False
U14435,2026-02-10,,False
U14436,2026-02-10,,True
U14437,2026-02-10,True,True
U14438,2026-02-10,True,False
U14439,2026-02-10,,False
U14440,2026-02-10,True,True
U14441,2026-02-10,True,False
U14442,2026-02-10,,True
U14443,2026-02-10,,False
U14444,2026-02-10,,True
U14445,2026-02-10,True,True
U14446,2026-02-10,True,False
U14447,2026-02-10,False,True
U14448,2026-02-10,False,False
U14449,2026-02-10,,True
U14450,2026-02-10,True,False
U14451,2026-02-10,False,False
U14452,2026-02-10,,True
U14453,2026-02-10,,False
U14454,2026-02-10,,True
U14455,2026-02-10,,True
U14456,2026-02-10,True,False
U14457,2026-02-10,False,False
U14458,2026-02-10,,False
U14459,2026-02-10,False,False
U14460,2026-02-10,False,True
U14461,2026-02-10,False,True
U14462,2026-02-10,,True
U14463,2026-02-10,False,True
U14464,2026-02-10,False,False
U14465,2026-02-10,,False
U14466,2026-02-10,True,True
U14467,2026-02-10,False,False
U14468,2026-02-10,True,False
U14469,2026-02-10,True,False
U14470,2026-02-10,False,True
U14471,2026-02-10,False,False
U14472,2026-02-10,True,True
U14473,2026-02-10,False,False
U14474,2026-02-10,False,False
U14475,2026-02-10,,False
U14476,2026-02-10,False,False
U14477,2026-02-10,False,False
U14478,2026-02-10,False,False
U14479,2026-02-10,False,False
U14480,2026-02-10,True,True
U14481,2026-02-10,False,True
U14482,2026-02-10,True,True
U14483,2026-02-10,,True
U14484,2026-02-10,False,True
U14485,2026-02-10,,False
U14486,2026-02-10,,False
U14487,2026-02-10,True,False
U14488,2026-02-10,False,True
U14489,2026-02-10,,True
U14490,2026-02-10,False,False
U14491,2026-02-10,True,True
U14492,2026-02-10,True,True
U14493,2026-02-10,False,False
U14494,2026-02-10,False,False
U14495,2026-02-10,,True
U14496,2026-02-10,False,False
U14497,2026-02-10,False,True
U14498,2026-02-10,True,False
U14499,2026-02-10,False,False
U14500,2026-02-10,True,True
U14501,2026-02-10,,True
U14502,2026-02-10,True,False
U14503,2026-02-10,True,False
U14504,2026-02-10,False,False
U14505,2026-02-10,,True
U14506,2026-02-10,False,True
U14507,2026-02-10,True,False
U14508,2026-02-10,True,True
U14509,2026-02-10,,True
U14510,2026-02-10,False,False
U14511,2026-02-10,True,True
U14512,2026-02-10,True,True
U14513,2026-02-10,False,True
U14514,2026-02-10,,False
U14515,2026-02-10,True,False
U14516,2026-02-10,,True
U14517,2026-02-10,False,False
U14518,2026-02-10,False,False
U14519,2026-02-10,False,True
U14520,2026-02-10,True,True
U14521,2026-02-10,True,True
U14522,2026-02-10,True,True
U14523,2026-02-10,False,True
U14524,2026-02-10,,False
U14525,2026-02-10,,True
U14526,2026-02-10,False,False
U14527,2026-02-10,True,False
U14528,2026-02-10,,False
U14529,2026-02-10,False,False
U14530,2026-02-10,,False
U14531,2026-02-10,False,True
U14532,2026-02-10,False,False
U14533,2026-02-10,False,False
U14534,2026-02-10,True,True
U14535,2026-02-10,True,True
U14536,2026-02-10,False,True
U14537,2026-02-10,True,True
U14538,2026-02-10,,False
U14539,2026-02-10,False,True
U14540,2026-02-10,False,False
U14541,2026-02-10,False,False
U14542,2026-02-10,True,True
U14543,2026-02-10,,False
U14544,2026-02-10,False,True
U14545,2026-02-10,False,True
U14546,2026-02-10,True,True
U14547,2026-02-10,True,True
U14548,2026-02-10,,True
U14549,2026-02-10,,False
U14550,2026-02-10,True,True
U14551,2026-02-10,True,True
U14552,2026-02-10,True,True
U14553,2026-02-10,False,False
U14554,2026-02-10,,False
U14555,2026-02-10,False,True
U14556,2026-02-10,False,False
U14557,2026-02-10,,False
U14558,2026-02-10,True,False
U14559,2026-02-10,,False
U14560,2026-02-10,True,False
U14561,2026-02-10,True,False
U14562,2026-02-10,,False
U14563,2026-02-10,True,True
U14564,2026-02-10,True,True
U14565,2026-02-10,,False
U14566,2026-02-10,False,True
U14567,2026-02-10,False,False
U14568,2026-02-10,True,True
U14569,2026-02-10,False,True
U14570,2026-02-10,,True
U14571,2026-02-10,True,False
U14572,2026-02-10,,False
U14573,2026-02-10,,False
U14574,2026-02-10,False,True
U14575,2026-02-10,False,False
U14576,2026-02-10,True,True
U14577,2026-02-10,,True
U14578,2026-02-10,False,False
U14579,2026-02-10,,True
U14580,2026-02-10,True,False
U14581,2026-02-10,False,True
U14582,2026-02-10,False,False
U14583,2026-02-10,,False
U14584,2026-02-10,True,True
U14585,2026-02-10,True,False
U14586,2026-02-10,True,True
U14587,2026-02-10,True,False
U14588,2026-02-10,False,True
U14589,2026-02-10,False,True
U14590,2026-02-10,False,True
U14591,2026-02-10,,True
U14592,2026-02-10,False,False
U14593,2026-02-10,False,False
U14594,2026-02-10,False,True
U14595,2026-02-10,,False
U14596,2026-02-10,False,True
U14597,2026-02-10,False,True
U14598,2026-02-10,True,False
U14599,2026-02-10,False,True
U14600,2026-02-10,False,False
U14601,2026-02-10,,False
U14602,2026-02-10,False,False
U14603,2026-02-10,True,False
U14604,2026-02-10,False,False
U14605,2026-02-10,,True
U14606,2026-02-10,False,False
U14607,2026-02-10,,False
U14608,2026-02-10,,False
U14609,2026-02-10,False,True
U14610,2026-02-10,True,True
U14611,2026-02-10,,True
U14612,2026-02-10,,True
U14613,2026-02-10,,True
U14614,2026-02-10,False,False
U14615,2026-02-10,False,False
U14616,2026-02-10,,False
U14617,2026-02-10,True,True
U14618,2026-02-10,,False
U14619,2026-02-10,True,True
U14620,2026-02-10,,False
U14621,2026-02-10,False,False
U14622,2026-02-10,True,False
U14623,2026-02-10,False,True
U14624,2026-02-10,False,False
U14625,2026-02-10,True,False
U14626,2026-02-10,True,True
U14627,2026-02-10,True,True
U14628,2026-02-10,,True
U14629,2026-02-10,True,True
U14630,2026-02-10,,True
U14631,2026-02-10,,True
U14632,2026-02-10,True,False
U14633,2026-02-10,True,False
U14634,2026-02-10,True,True
U14635,2026-02-10,True,False
U14636,2026-02-10,False,True
U14637,2026-02-10,False,True
U14638,2026-02-10,True,True
U14639,2026-02-10,True,False
U14640,2026-02-10,True,True
U14641,2026-02-10,False,False
U14642,2026-02-10,True,False
U14643,2026-02-10,False,False
U14644,2026-02-10,True,True
U14645,2026-02-10,,False
U14646,2026-02-10,False,True
U14647,2026-02-10,,False
U14648,2026-02-10,True,False
U14649,2026-02-10,False,False
U14650,2026-02-10,,False
U14651,2026-02-10,,False
U14652,2026-02-10,False,False
U14653,2026-02-10,False,False
U14654,2026-02-10,False,False
U14655,2026-02-10,,False
U14656,2026-02-10,False,True
U14657,2026-02-10,False,False
U14658,2026-02-10,,True
U14659,2026-02-10,,False
U14660,2026-02-10,True,True
U14661,2026-02-10,False,True
U14662,2026-02-10,False,False
U14663,2026-02-10,False,True
U14664,2026-02-10,,True
U14665,2026-02-10,,False
U14666,2026-02-10,True,False
U14667,2026-02-10,True,False
U14668,2026-02-10,True,True
U14669,2026-02-10,False,True
U14670,2026-02-10,True,False
U14671,2026-02-10,,False
U14672,2026-02-10,True,True
U14673,2026-02-10,,True
U14674,2026-02-10,True,False
U14675,2026-02-10,False,False
U14676,2026-02-10,False,False
U14677,2026-02-10,False,True
U14678,2026-02-10,True,True
U14679,2026-02-10,True,True
U14680,2026-02-10,False,False
U14681,2026-02-10,,False
U14682,2026-02-10,False,True
U14683,2026-02-10,True,True
U14684,2026-02-10,False,True
U14685,2026-02-10,True,False
U14686,2026-02-10,,True
U14687,2026-02-10,True,True
U14688,2026-02-10,True,False
U14689,2026-02-10,False,True
U14690,2026-02-10,,True
U14691,2026-02-10,,True
U14692,2026-02-10,False,True
U14693,2026-02-10,False,True
U14694,2026-02-10,,False
U14695,2026-02-10,True,True
U14696,2026-02-10,,True
U14697,2026-02-10,,True
U14698,2026-02-10,False,True
U14699,2026-02-10,False,False
U14700,2026-02-10,,False
U14701,2026-02-10,,True
U14702,2026-02-10,,True
U14703,2026-02-10,False,False
U14704,2026-02-10,,False
U14705,2026-02-10,True,True
U14706,2026-02-10,,True
U14707,2026-02-10,True,False
U14708,2026-02-10,False,False
U14709,2026-02-10,True,True
U14710,2026-02-10,,True
U14711,2026-02-10,True,True
U14712,2026-02-10,False,True
U14713,2026-02-10,False,False
U14714,2026-02-10,False,True
U14715,2026-02-10,True,True
U14716,2026-02-10,,False
U14717,2026-02-10,,True
U14718,2026-02-10,False,False
U14719,2026-02-10,,False
U14720,2026-02-10,True,True
U14721,2026-02-10,False,True
U14722,2026-02-10,False,True
U14723,2026-02-10,True,True
U14724,2026-02-10,True,True
U14725,2026-02-10,True,True
U14726,2026-02-10,,True
U14727,2026-02-10,,True
U14728,2026-02-10,True,True
U14729,2026-02-10,True,False
U14730,2026-02-10,,False
U14731,2026-02-10,,True
U14732,2026-02-10,True,True
U14733,2026-02-10,,True
U14734,2026-02-10,,False
U14735,2026-02-10,,False
U14736,2026-02-10,False,False
U14737,2026-02-10,True,True
U14738,2026-02-10,True,True
U14739,2026-02-10,,True
U14740,2026-02-10,,True
U14741,2026-02-10,True,True
U14742,2026-02-10,True,False
U14743,2026-02-10,False,True
U14744,2026-02-10,True,False
U14745,2026-02-10,True,True
U14746,2026-02-10,False,False
U14747,2026-02-10,False,True
U14748,2026-02-10,False,True
U14749,2026-02-10,False,True
U14750,2026-02-10,True,True
U14751,2026-02-10,,True
U14752,2026-02-10,,True
U14753,2026-02-10,,False
U14754,2026-02-10,False,True
U14755,2026-02-10,False,True
U14756,2026-02-10,True,True
U14757,2026-02-10,,True
U14758,2026-02-10,True,True
U14759,2026-02-10,True,False
U14760,2026-02-10,False,False
U14761,2026-02-10,False,True
U14762,2026-02-10,False,True
U14763,2026-02-10,False,False
U14764,2026-02-10,False,False
U14765,2026-02-10,True,False
U14766,2026-02-10,False,False
U14767,2026-02-10,,True
U14768,2026-02-10,False,False
U14769,2026-02-10,True,True
U14770,2026-02-10,True,False
U14771,2026-02-10,,True
U14772,2026-02-10,True,False
U14773,2026-02-10,True,True
U14774,2026-02-10,,False
U14775,2026-02-10,,True
U14776,2026-02-10,True,True
U14777,2026-02-10,False,False
U14778,2026-02-10,True,True
U14779,2026-02-10,,False
U14780,2026-02-10,True,True
U14781,2026-02-10,False,False
U14782,2026-02-10,False,True
U14783,2026-02-10,True,False
U14784,2026-02-10,,False
U14785,2026-02-10,False,False
U14786,2026-02-10,False,True
U14787,2026-02-10,,True
U14788,2026-02-10,True,True
U14789,2026-02-10,,False
U14790,2026-02-10,True,True
U14791,2026-02-10,False,True
U14792,2026-02-10,,False
U14793,2026-02-10,,True
U14794,2026-02-10,True,False
U14795,2026-02-10,True,False
U14796,2026-02-10,,True
U14797,2026-02-10,,False
U14798,2026-02-10,True,True
U14799,2026-02-10,True,True
U14800,2026-02-10,False,True
U14801,2026-02-10,True,False
U14802,2026-02-10,False,False
U14803,2026-02-10,False,False
U14804,2026-02-10,,True
U14805,2026-02-10,,True
U14806,2026-02-10,True,False
U14807,2026-02-10,False,True
U14808,2026-02-10,,False
U14809,2026-02-10,True,True
U14810,2026-02-10,,False
U14811,2026-02-10,,True
U14812,2026-02-10,,False
U14813,2026-02-10,,False
U14814,2026-02-10,,False
U14815,2026-02-10,False,False
U14816,2026-02-10,True,True
U14817,2026-02-10,,True
U14818,2026-02-10,,False
U14819,2026-02-10,True,True
U14820,2026-02-10,False,True
U14821,2026-02-10,True,False
U14822,2026-02-10,False,True
U14823,2026-02-10,,False
U14824,2026-02-10,True,False
U14825,2026-02-10,,True
U14826,2026-02-10,True,True
U14827,2026-02-10,,True
U14828,2026-02-10,True,False
U14829,2026-02-10,,True
U14830,2026-02-10,False,False
U14831,2026-02-10,False,False
U14832,2026-02-10,,False
U14833,2026-02-10,False,False
U14834,2026-02-10,False,False
U14835,2026-02-10,,False
U14836,2026-02-10,,False
U14837,2026-02-10,True,False
U14838,2026-02-10,True,False
U14839,2026-02-10,True,True
U14840,2026-02-10,True,False
U14841,2026-02-10,True,True
U14842,2026-02-10,False,False
U14843,2026-02-10,False,True
U14844,2026-02-10,,False
U14845,2026-02-10,False,False
U14846,2026-02-10,True,True
U14847,2026-02-10,False,False
U14848,2026-02-10,,False
U14849,2026-02-10,True,True
U14850,2026-02-10,True,False
U14851,2026-02-10,False,True
U14852,2026-02-10,False,False
U14853,2026-02-10,True,True
U14854,2026-02-10,,False
U14855,2026-02-10,,True
U14856,2026-02-10,,False
U14857,2026-02-10,True,True
U14858,2026-02-10,False,False
U14859,2026-02-10,True,True
U14860,2026-02-10,False,False
U14861,2026-02-10,True,True
U14862,2026-02-10,False,True
U14863,2026-02-10,True,True
U14864,2026-02-10,False,True
U14865,2026-02-10,False,False
U14866,2026-02-10,False,False
U14867,2026-02-10,False,False
U14868,2026-02-10,False,True
U14869,2026-02-10,,False
U14870,2026-02-10,,True
U14871,2026-02-10,False,False
U14872,2026-02-10,True,False
U14873,2026-02-10,False,True
U14874,2026-02-10,False,True
U14875,2026-02-10,True,False
U14876,2026-02-10,,False
U14877,2026-02-10,,False
U14878,2026-02-10,False,False
U14879,2026-02-10,,False
U14880,2026-02-10,,False
U14881,2026-02-10,False,True
U14882,2026-02-10,True,True
U14883,2026-02-10,True,True
U14884,2026-02-10,True,False
U14885,2026-02-10,,True
U14886,2026-02-10,True,False
U14887,2026-02-10,True,True
U14888,2026-02-10,,False
U14889,2026-02-10,,False
U14890,2026-02-10,False,True
U14891,2026-02-10,,True
U14892,2026-02-10,,False
U14893,2026-02-10,,True
U14894,2026-02-10,False,True
U14895,2026-02-10,,False
U14896,2026-02-10,,True
U14897,2026-02-10,,False
U14898,2026-02-10,,False
U14899,2026-02-10,True,True
U14900,2026-02-10,False,True
U14901,2026-02-10,,True
U14902,2026-02-10,False,False
U14903,2026-02-10,True,True
U14904,2026-02-10,True,True
U14905,2026-02-10,False,False
U14906,2026-02-10,True,True
U14907,2026-02-10,False,False
U14908,2026-02-10,,False
U14909,2026-02-10,True,False
U14910,2026-02-10,False,True
U14911,2026-02-10,True,False
U14912,2026-02-10,True,False
U14913,2026-02-10,,False
U14914,2026-02-10,,False
U14915,2026-02-10,,True
U14916,2026-02-10,False,True
U14917,2026-02-10,,False
U14918,2026-02-10,False,False
U14919,2026-02-10,,False
U14920,2026-02-10,False,False
U14921,2026-02-10,False,True
U14922,2026-02-10,True,False
U14923,2026-02-10,,False
U14924,2026-02-10,False,True
U14925,2026-02-10,False,False
U14926,2026-02-10,True,True
U14927,2026-02-10,True,True
U14928,2026-02-10,False,True
U14929,2026-02-10,,False
U14930,2026-02-10,True,False
U14931,2026-02-10,False,False
U14932,2026-02-10,,False
U14933,2026-02-10,,False
U14934,2026-02-10,,True
U14935,2026-02-10,True,False
U14936,2026-02-10,,True
U14937,2026-02-10,False,True
U14938,2026-02-10,,True
U14939,2026-02-10,True,False
U14940,2026-02-10,False,False
U14941,2026-02-10,,True
U14942,2026-02-10,,True
U14943,2026-02-10,True,True
U14944,2026-02-10,False,True
U14945,2026-02-10,False,True
U14946,2026-02-10,True,False
U14947,2026-02-10,,False
U14948,2026-02-10,False,False
U14949,2026-02-10,True,True
U14950,2026-02-10,True,False
U14951,2026-02-10,,False
U14952,2026-02-10,,False
U14953,2026-02-10,True,False
U14954,2026-02-10,True,True
U14955,2026-02-10,False,False
U14956,2026-02-10,True,True
U14957,2026-02-10,,True
U14958,2026-02-10,False,True
U14959,2026-02-10,,False
U14960,2026-02-10,,False
U14961,2026-02-10,False,False
U14962,2026-02-10,,True
U14963,2026-02-10,,True
U14964,2026-02-10,True,True
U14965,2026-02-10,False,False
U14966,2026-02-10,False,False
U14967,2026-02-10,,False
U14968,2026-02-10,,False
U14969,2026-02-10,True,True
U14970,2026-02-10,False,True
U14971,2026-02-10,,True
U14972,2026-02-10,,False
U14973,2026-02-10,True,False
U14974,2026-02-10,True,True
U14975,2026-02-10,False,True
U14976,2026-02-10,True,False
U14977,2026-02-10,True,True
U14978,2026-02-10,False,False
U14979,2026-02-10,False,False
U14980,2026-02-10,False,True
U14981,2026-02-10,True,True
U14982,2026-02-10,True,False
U14983,2026-02-10,False,False
U14984,2026-02-10,True,False
U14985,2026-02-10,False,True
U14986,2026-02-10,,False
U14987,2026-02-10,,True
U14988,2026-02-10,True,False
U14989,2026-02-10,,False
U14990,2026-02-10,False,False
U14991,2026-02-10,False,True
U14992,2026-02-10,True,False
U14993,2026-02-10,,True
U14994,2026-02-10,,True
U14995,2026-02-10,False,True
U14996,2026-02-10,True,False
U14997,2026-02-10,True,True
U14998,2026-02-10,True,True
U14999,2026-02-10,,True
U15000,2026-02-10,True,False
U15001,2026-02-10,False,True
U15002,2026-02-10,,False
U15003,2026-02-10,,False
U15004,2026-02-10,False,True
U15005,2026-02-10,True,False
U15006,2026-02-10,False,True
U15007,2026-02-10,,True
U15008,2026-02-10,,False
U15009,2026-02-10,False,True
U15010,2026-02-10,False,False
U15011,2026-02-10,False,True
U15012,2026-02-10,True,True
U15013,2026-02-10,True,True
U15014,2026-02-10,,False
U15015,2026-02-10,True,True
U15016,2026-02-10,False,True
U15017,2026-02-10,True,False
U15018,2026-02-10,,True
U15019,2026-02-10,,False
U15020,2026-02-10,,False
U15021,2026-02-10,,True
U15022,2026-02-10,True,True
U15023,2026-02-10,False,True
U15024,2026-02-10,,True
U15025,2026-02-10,False,False
U15026,2026-02-10,,True
U15027,2026-02-10,,False
U15028,2026-02-10,False,False
U15029,2026-02-10,,False
U15030,2026-02-10,False,True
U15031,2026-02-10,,False
U15032,2026-02-10,False,True
U15033,2026-02-10,False,False
U15034,2026-02-10,,False
U15035,2026-02-10,False,False
U15036,2026-02-10,False,False
U15037,2026-02-10,True,False
U15038,2026-02-10,False,False
U15039,2026-02-10,False,False
U15040,2026-02-10,True,True
U15041,2026-02-10,,True
U15042,2026-02-10,False,False
U15043,2026-02-10,False,False
U15044,2026-02-10,,False
U15045,2026-02-10,True,True
U15046,2026-02-10,True,False
U15047,2026-02-10,False,True
U15048,2026-02-10,True,True
U15049,2026-02-10,True,False
U15050,2026-02-10,True,False
U15051,2026-02-10,,True
U15052,2026-02-10,True,True
U15053,2026-02-10,True,False
U15054,2026-02-10,,False
U15055,2026-02-10,False,True
U15056,2026-02-10,False,False
U15057,2026-02-10,True,True
U15058,2026-02-10,True,True
U15059,2026-02-10,False,False
U15060,2026-02-10,True,False
U15061,2026-02-10,True,False
U15062,2026-02-10,True,False
U15063,2026-02-10,,False
U15064,2026-02-10,True,True
U15065,2026-02-10,False,False
U15066,2026-02-10,False,False
U15067,2026-02-10,False,True
U15068,2026-02-10,True,False
U15069,2026-02-10,,True
U15070,2026-02-10,False,True
U15071,2026-02-10,True,False
U15072,2026-02-10,True,False
U15073,2026-02-10,,False
U15074,2026-02-10,,True
U15075,2026-02-10,True,True
U15076,2026-02-10,False,False
U15077,2026-02-10,True,True
U15078,2026-02-10,False,True
U15079,2026-02-10,True,False
U15080,2026-02-10,,False
U15081,2026-02-10,True,True
U15082,2026-02-10,False,True
U15083,2026-02-10,True,False
U15084,2026-02-10,,True
U15085,2026-02-10,True,False
U15086,2026-02-10,,True
U15087,2026-02-10,True,True
U15088,2026-02-10,True,True
U15089,2026-02-10,,False
U15090,2026-02-10,,True
U15091,2026-02-10,True,False
U15092,2026-02-10,True,True
U15093,2026-02-10,False,True
U15094,2026-02-10,True,False
U15095,2026-02-10,True,False
U15096,2026-02-10,True,True
U15097,2026-02-10,True,True
U15098,2026-02-10,,True
U15099,2026-02-10,,True
U15100,2026-02-10,,False
U15101,2026-02-10,False,False
U15102,2026-02-10,,True
U15103,2026-02-10,True,False
U15104,2026-02-10,,False
U15105,2026-02-10,,True
U15106,2026-02-10,False,False
U15107,2026-02-10,True,False
U15108,2026-02-10,True,False
U15109,2026-02-10,,True
U15110,2026-02-10,False,False
U15111,2026-02-10,,False
U15112,2026-02-10,,True
U15113,2026-02-10,,False
U15114,2026-02-10,False,False
U15115,2026-02-10,,False
U15116,2026-02-10,False,False
U15117,2026-02-10,,True
U15118,2026-02-10,True,False
U15119,2026-02-10,False,True
U15120,2026-02-10,False,True
U15121,2026-02-10,False,False
U15122,2026-02-10,True,False
U15123,2026-02-10,True,True
U15124,2026-02-10,,False
U15125,2026-02-10,True,False
U15126,2026-02-10,,False
U15127,2026-02-10,,True
U15128,2026-02-10,False,True
U15129,2026-02-10,,True
U15130,2026-02-10,,True
U15131,2026-02-10,True,False
U15132,2026-02-10,,False
U15133,2026-02-10,,True
U15134,2026-02-10,,True
U15135,2026-02-10,True,False
U15136,2026-02-10,True,True
U15137,2026-02-10,True,True
U15138,2026-02-10,,False
U15139,2026-02-10,,False
U15140,2026-02-10,False,False
U15141,2026-02-10,True,True
U15142,2026-02-10,True,False
U15143,2026-02-10,True,False
U15144,2026-02-10,False,False
U15145,2026-02-10,,False
U15146,2026-02-10,,True
U15147,2026-02-10,False,False
U15148,2026-02-10,True,False
U15149,2026-02-10,False,False
U15150,2026-02-10,False,True
U15151,2026-02-10,False,False
U15152,2026-02-10,True,True
U15153,2026-02-10,,False
U15154,2026-02-10,,True
U15155,2026-02-10,,True
U15156,2026-02-10,True,False
U15157,2026-02-10,True,False
U15158,2026-02-10,True,False
U15159,2026-02-10,False,True
U15160,2026-02-10,True,True
U15161,2026-02-10,False,False
U15162,2026-02-10,,False
U15163,2026-02-10,True,False
U15164,2026-02-10,False,True
U15165,2026-02-10,,False
U15166,2026-02-10,True,False
U15167,2026-02-10,,False
U15168,2026-02-10,,False
U15169,2026-02-10,True,True
U15170,2026-02-10,,False
U15171,2026-02-10,False,False
U15172,2026-02-10,False,False
U15173,2026-02-10,False,False
U15174,2026-02-10,True,True
U15175,2026-02-10,False,True
U15176,2026-02-10,,False
U15177,2026-02-10,True,True
U15178,2026-02-10,True,True
U15179,2026-02-10,,True
U15180,2026-02-10,True,True
U15181,2026-02-10,,False
U15182,2026-02-10,True,False
U15183,2026-02-10,,False
U15184,2026-02-10,True,True
U15185,2026-02-10,False,False
U15186,2026-02-10,,False
U15187,2026-02-10,True,True
U15188,2026-02-10,True,True
U15189,2026-02-10,False,False
U15190,2026-02-10,False,True
U15191,2026-02-10,,True
U15192,2026-02-10,False,False
U15193,2026-02-10,True,True
U15194,2026-02-10,,True
U15195,2026-02-10,True,True
U15196,2026-02-10,False,False
U15197,2026-02-10,False,True
U15198,2026-02-10,,False
U15199,2026-02-10,True,True
U15200,2026-02-10,False,False
U15201,2026-02-10,False,False
U15202,2026-02-10,,True
U15203,2026-02-10,,False
U15204,2026-02-10,,False
U15205,2026-02-10,,False
U15206,2026-02-10,,False
U15207,2026-02-10,True,False
U15208,2026-02-10,False,True
U15209,2026-02-10,,True
U15210,2026-02-10,,True
U15211,2026-02-10,False,True
U15212,2026-02-10,False,False
U15213,2026-02-10,,False
U15214,2026-02-10,,True
U15215,2026-02-10,True,False
U15216,2026-02-10,False,False
U15217,2026-02-10,True,False
U15218,2026-02-10,False,False
U15219,2026-02-10,,False
U15220,2026-02-10,False,False
U15221,2026-02-10,True,True
U15222,2026-02-10,,False
U15223,2026-02-10,,True
U15224,2026-02-10,,False
U15225,2026-02-10,True,True
U15226,2026-02-10,,False
U15227,2026-02-10,False,False
U15228,2026-02-10,False,True
U15229,2026-02-10,,True
U15230,2026-02-10,False,False
U15231,2026-02-10,,False
U15232,2026-02-10,False,True
U15233,2026-02-10,,True
U15234,2026-02-10,False,False
U15235,2026-02-10,True,False
U15236,2026-02-10,False,True
U15237,2026-02-10,,False
U15238,2026-02-10,,False
U15239,2026-02-10,,True
U15240,2026-02-10,,True
U15241,2026-02-10,False,True
U15242,2026-02-10,,False
U15243,2026-02-10,True,True
U15244,2026-02-10,True,True
U15245,2026-02-10,,False
U15246,2026-02-10,False,False
U15247,2026-02-10,,True
U15248,2026-02-10,False,True
U15249,2026-02-10,False,True
U15250,2026-02-10,False,False
U15251,2026-02-10,,False
U15252,2026-02-10,,False
U15253,2026-02-10,True,True
U15254,2026-02-10,True,True
U15255,2026-02-10,,False
U15256,2026-02-10,False,True
U15257,2026-02-10,True,False
U15258,2026-02-10,True,True
U15259,2026-02-10,,True
U15260,2026-02-10,True,False
U15261,2026-02-10,False,False
U15262,2026-02-10,,False
U15263,2026-02-10,False,False
U15264,2026-02-10,True,False
U15265,2026-02-10,,True
U15266,2026-02-10,True,False
U15267,2026-02-10,False,False
U15268,2026-02-10,False,False
U15269,2026-02-10,False,False
U15270,2026-02-10,,True
U15271,2026-02-10,,True
U15272,2026-02-10,False,True
U15273,2026-02-10,True,True
U15274,2026-02-10,True,False
U15275,2026-02-10,True,True
U15276,2026-02-10,,False
U15277,2026-02-10,,False
U15278,2026-02-10,False,False
U15279,2026-02-10,,True
U15280,2026-02-10,,True
U15281,2026-02-10,True,False
U15282,2026-02-10,True,False
U15283,2026-02-10,,True
U15284,2026-02-10,True,True
U15285,2026-02-10,False,True
U15286,2026-02-10,,False
U15287,2026-02-10,,False
U15288,2026-02-10,True,True
U15289,2026-02-10,True,False
U15290,2026-02-10,False,True
U15291,2026-02-10,True,True
U15292,2026-02-10,,False
U15293,2026-02-10,False,True
U15294,2026-02-10,,True
U15295,2026-02-10,True,True
U15296,2026-02-10,True,True
U15297,2026-02-10,False,False
U15298,2026-02-10,False,True
U15299,2026-02-10,,True
U15300,2026-02-10,False,True
U15301,2026-02-10,False,True
U15302,2026-02-10,,False
U15303,2026-02-10,,True
U15304,2026-02-10,True,False
U15305,2026-02-10,,False
U15306,2026-02-10,True,False
U15307,2026-02-10,False,True
U15308,2026-02-10,,True
U15309,2026-02-10,,True
U15310,2026-02-10,,False
U15311,2026-02-10,,False
U15312,2026-02-10,True,False
U15313,2026-02-10,,False
U15314,2026-02-10,True,False
U15315,2026-02-10,True,True
U15316,2026-02-10,,False
U15317,2026-02-10,,True
U15318,2026-02-10,,True
U15319,2026-02-10,,True
U15320,2026-02-10,,False
U15321,2026-02-10,True,False
U15322,2026-02-10,,True
U15323,2026-02-10,,False
U15324,2026-02-10,True,True
U15325,2026-02-10,,True
U15326,2026-02-10,True,True
U15327,2026-02-10,True,True
U15328,2026-02-10,False,False
U15329,2026-02-10,True,True
U15330,2026-02-10,True,False
U15331,2026-02-10,True,True
U15332,2026-02-10,True,False
U15333,2026-02-10,,True
U15334,2026-02-10,False,False
U15335,2026-02-10,False,False
U15336,2026-02-10,False,True
U15337,2026-02-10,,False
U15338,2026-02-10,False,True
U15339,2026-02-10,False,False
U15340,2026-02-10,True,True
U15341,2026-02-10,,True
U15342,2026-02-10,False,True
U15343,2026-02-10,,True
U15344,2026-02-10,,True
U15345,2026-02-10,True,False
U15346,2026-02-10,,False
U15347,2026-02-10,True,False
U15348,2026-02-10,False,False
U15349,2026-02-10,,True
U15350,2026-02-10,True,True
U15351,2026-02-10,True,False
U15352,2026-02-10,True,True
U15353,2026-02-10,,True
U15354,2026-02-10,True,True
U15355,2026-02-10,,True
U15356,2026-02-10,,True
U15357,2026-02-10,True,True
U15358,2026-02-10,True,False
U15359,2026-02-10,False,False
U15360,2026-02-10,,True
U15361,2026-02-10,True,False
U15362,2026-02-10,True,True
U15363,2026-02-10,True,False
U15364,2026-02-10,,False
U15365,2026-02-10,,False
U15366,2026-02-10,,True
U15367,2026-02-10,True,False
U15368,2026-02-10,,True
U15369,2026-02-10,,False
U15370,2026-02-10,,True
U15371,2026-02-10,False,False
U15372,2026-02-10,True,False
U15373,2026-02-10,True,True
U15374,2026-02-10,True,True
U15375,2026-02-10,True,True
U15376,2026-02-10,False,True
U15377,2026-02-10,,True
U15378,2026-02-10,False,False
U15379,2026-02-10,True,True
U15380,2026-02-10,False,False
U15381,2026-02-10,,False
U15382,2026-02-10,True,True
U15383,2026-02-10,,False
U15384,2026-02-10,True,False
U15385,2026-02-10,True,True
U15386,2026-02-10,False,False
U15387,2026-02-10,,False
U15388,2026-02-10,False,False
U15389,2026-02-10,,False
U15390,2026-02-10,True,False
U15391,2026-02-10,True,False
U15392,2026-02-10,,True
U15393,2026-02-10,False,True
U15394,2026-02-10,,False
U15395,2026-02-10,False,False
U15396,2026-02-10,False,False
U15397,2026-02-10,,True
U15398,2026-02-10,,False
U15399,2026-02-10,,True
U15400,2026-02-10,False,False
U15401,2026-02-10,True,False
U15402,2026-02-10,True,False
U15403,2026-02-10,True,True
U15404,2026-02-10,False,False
U15405,2026-02-10,False,False
U15406,2026-02-10,False,True
U15407,2026-02-10,False,True
U15408,2026-02-10,,False
U15409,2026-02-10,False,False
U15410,2026-02-10,False,True
U15411,2026-02-10,,False
U15412,2026-02-10,True,True
U15413,2026-02-10,True,False
U15414,2026-02-10,False,False
U15415,2026-02-10,True,False
U15416,2026-02-10,True,False
U15417,2026-02-10,False,False
U15418,2026-02-10,,False
U15419,2026-02-10,,True
U15420,2026-02-10,True,False
U15421,2026-02-10,True,False
U15422,2026-02-10,False,True
U15423,2026-02-10,True,False
U15424,2026-02-10,False,True
U15425,2026-02-10,,False
U15426,2026-02-10,False,True
U15427,2026-02-10,True,False
U15428,2026-02-10,,True
U15429,2026-02-10,False,False
U15430,2026-02-10,,False
U15431,2026-02-10,False,True
U15432,2026-02-10,True,False
U15433,2026-02-10,False,False
U15434,2026-02-10,True,False
U15435,2026-02-10,,False
U15436,2026-02-10,,False
U15437,2026-02-10,True,True
U15438,2026-02-10,True,False
U15439,2026-02-10,False,True
U15440,2026-02-10,True,True
U15441,2026-02-10,,True
U15442,2026-02-10,False,True
U15443,2026-02-10,False,True
U15444,2026-02-10,True,False
U15445,2026-02-10,True,False
U15446,2026-02-10,,False
U15447,2026-02-10,True,True
U15448,2026-02-10,,False
U15449,2026-02-10,,False
U15450,2026-02-10,,False
U15451,2026-02-10,True,False
U15452,2026-02-10,True,True
U15453,2026-02-10,False,True
U15454,2026-02-10,False,True
U15455,2026-02-10,True,False
U15456,2026-02-10,,True
U15457,2026-02-10,False,True
U15458,2026-02-10,True,True
U15459,2026-02-10,,True
U15460,2026-02-10,,False
U15461,2026-02-10,False,False
U15462,2026-02-10,True,False
U15463,2026-02-10,,True
U15464,2026-02-10,False,True
U15465,2026-02-10,True,True
U15466,2026-02-10,True,True
U15467,2026-02-10,True,True
U15468,2026-02-10,True,False
U15469,2026-02-10,False,True
U15470,2026-02-10,,True
U15471,2026-02-10,False,True
U15472,2026-02-10,False,True
U15473,2026-02-10,,False
U15474,2026-02-10,,True
U15475,2026-02-10,False,True
U15476,2026-02-10,,False
U15477,2026-02-10,False,True
U15478,2026-02-10,,False
U15479,2026-02-10,True,True
U15480,2026-02-10,True,True
U15481,2026-02-10,False,True
U15482,2026-02-10,True,True
U15483,2026-02-10,True,False
U15484,2026-02-10,,True
U15485,2026-02-10,,True
U15486,2026-02-10,,True
U15487,2026-02-10,True,False
U15488,2026-02-10,True,False
U15489,2026-02-10,True,False
U15490,2026-02-10,False,False
U15491,2026-02-10,,False
U15492,2026-02-10,True,False
U15493,2026-02-10,False,False
U15494,2026-02-10,False,False
U15495,2026-02-10,False,True
U15496,2026-02-10,False,True
U15497,2026-02-10,,False
U15498,2026-02-10,,True
U15499,2026-02-10,True,False
U15500,2026-02-10,,True
U15501,2026-02-10,False,False
U15502,2026-02-10,False,True
U15503,2026-02-10,True,False
U15504,2026-02-10,True,False
U15505,2026-02-10,True,True
U15506,2026-02-10,False,True
U15507,2026-02-10,,True
U15508,2026-02-10,False,True
U15509,2026-02-10,True,False
U15510,2026-02-10,False,False
U15511,2026-02-10,True,True
U15512,2026-02-10,,False
U15513,2026-02-10,True,True
U15514,2026-02-10,False,False
U15515,2026-02-10,False,False
U15516,2026-02-10,False,False
U15517,2026-02-10,False,True
U15518,2026-02-10,,True
U15519,2026-02-10,,False
U15520,2026-02-10,False,False
U15521,2026-02-10,,False
U15522,2026-02-10,True,True
U15523,2026-02-10,True,False
U15524,2026-02-10,False,True
U15525,2026-02-10,True,True
U15526,2026-02-10,,False
U15527,2026-02-10,,False
U15528,2026-02-10,,True
U15529,2026-02-10,True,False
U15530,2026-02-10,,True
U15531,2026-02-10,False,True
U15532,2026-02-10,True,True
U15533,2026-02-10,False,False
U15534,2026-02-10,,True
U15535,2026-02-10,False,False
U15536,2026-02-10,True,True
U15537,2026-02-10,,True
U15538,2026-02-10,True,False
U15539,2026-02-10,True,False
U15540,2026-02-10,False,False
U15541,2026-02-10,True,False
U15542,2026-02-10,False,False
U15543,2026-02-10,,False
U15544,2026-02-10,False,False
U15545,2026-02-10,True,True
U15546,2026-02-10,True,False
U15547,2026-02-10,True,True
U15548,2026-02-10,,False
U15549,2026-02-10,True,True
U15550,2026-02-10,True,False
U15551,2026-02-10,,False
U15552,2026-02-10,True,False
U15553,2026-02-10,,False
U15554,2026-02-10,True,True
U15555,2026-02-10,True,True
U15556,2026-02-10,,True
U15557,2026-02-10,,False
U15558,2026-02-10,True,False
U15559,2026-02-10,False,False
U15560,2026-02-10,False,False
U15561,2026-02-10,,False
U15562,2026-02-10,,True
U15563,2026-02-10,,True
U15564,2026-02-10,False,False
U15565,2026-02-10,True,True
U15566,2026-02-10,True,False
U15567,2026-02-10,,True
U15568,2026-02-10,False,False
U15569,2026-02-10,True,False
U15570,2026-02-10,False,True
U15571,2026-02-10,,True
U15572,2026-02-10,False,False
U15573,2026-02-10,,True
U15574,2026-02-10,True,True
U15575,2026-02-10,True,True
U15576,2026-02-10,True,True
U15577,2026-02-10,True,False
U15578,2026-02-10,False,True
U15579,2026-02-10,False,True
U15580,2026-02-10,False,False
U15581,2026-02-10,True,True
U15582,2026-02-10,False,True
U15583,2026-02-10,False,False
U15584,2026-02-10,False,False
U15585,2026-02-10,False,False
U15586,2026-02-10,False,True
U15587,2026-02-10,False,True
U15588,2026-02-10,True,False
U15589,2026-02-10,False,False
U15590,2026-02-10,False,False
U15591,2026-02-10,True,True
U15592,2026-02-10,,False
U15593,2026-02-10,False,True
U15594,2026-02-10,True,True
U15595,2026-02-10,True,True
U15596,2026-02-10,,True
U15597,2026-02-10,True,True
U15598,2026-02-10,,False
U15599,2026-02-10,,True
U15600,2026-02-10,False,False
U15601,2026-02-10,False,True
U15602,2026-02-10,False,False
U15603,2026-02-10,,True
U15604,2026-02-10,,True
U15605,2026-02-10,True,True
U15606,2026-02-10,False,False
U15607,2026-02-10,,False
U15608,2026-02-10,,True
U15609,2026-02-10,,True
U15610,2026-02-10,False,False
U15611,2026-02-10,,False
U15612,2026-02-10,True,False
U15613,2026-02-10,,False
U15614,2026-02-10,True,True
U15615,2026-02-10,True,True
U15616,2026-02-10,False,False
U15617,2026-02-10,True,False
U15618,2026-02-10,,False
U15619,2026-02-10,,True
U15620,2026-02-10,True,False
U15621,2026-02-10,False,False
U15622,2026-02-10,True,True
U15623,2026-02-10,False,True
U15624,2026-02-10,True,True
U15625,2026-02-10,False,True
U15626,2026-02-10,False,True
U15627,2026-02-10,False,True
U15628,2026-02-10,False,True
U15629,2026-02-10,False,False
U15630,2026-02-10,,True
U15631,2026-02-10,True,False
U15632,2026-02-10,,False
U15633,2026-02-10,,False
U15634,2026-02-10,False,False
U15635,2026-02-10,,False
U15636,2026-02-10,True,True
U15637,2026-02-10,,True
U15638,2026-02-10,False,True
U15639,2026-02-10,True,True
U15640,2026-02-10,False,True
U15641,2026-02-10,,False
U15642,2026-02-10,False,False
U15643,2026-02-10,True,False
U15644,2026-02-10,False,False
U15645,2026-02-10,False,False
U15646,2026-02-10,False,False
U15647,2026-02-10,False,True
U15648,2026-02-10,False,False
U15649,2026-02-10,True,True
U15650,2026-02-10,False,True
U15651,2026-02-10,False,False
U15652,2026-02-10,,True
U15653,2026-02-10,,False
U15654,2026-02-10,True,True
U15655,2026-02-10,,False
U15656,2026-02-10,True,False
U15657,2026-02-10,False,True
U15658,2026-02-10,True,True
U15659,2026-02-10,,True
U15660,2026-02-10,,False
U15661,2026-02-10,False,True
U15662,2026-02-10,False,True
U15663,2026-02-10,True,True
U15664,2026-02-10,True,True
U15665,2026-02-10,True,True
U15666,2026-02-10,False,False
U15667,2026-02-10,,True
U15668,2026-02-10,False,False
U15669,2026-02-10,True,True
U15670,2026-02-10,False,False
U15671,2026-02-10,False,True
U15672,2026-02-10,True,False
U15673,2026-02-10,,True
U15674,2026-02-10,True,True
U15675,2026-02-10,,False
U15676,2026-02-10,True,False
U15677,2026-02-10,False,False
U15678,2026-02-10,,True
U15679,2026-02-10,False,True
U15680,2026-02-10,False,False
U15681,2026-02-10,True,True
U15682,2026-02-10,False,False
U15683,2026-02-10,,False
U15684,2026-02-10,False,True
U15685,2026-02-10,False,False
U15686,2026-02-10,True,True
U15687,2026-02-10,,False
U15688,2026-02-10,True,True
U15689,2026-02-10,True,True
U15690,2026-02-10,False,True
U15691,2026-02-10,False,False
U15692,2026-02-10,True,True
U15693,2026-02-10,True,False
U15694,2026-02-10,,False
U15695,2026-02-10,,False
U15696,2026-02-10,True,False
U15697,2026-02-10,False,False
U15698,2026-02-10,True,False
U15699,2026-02-10,False,False
U15700,2026-02-10,,True
U15701,2026-02-10,True,False
U15702,2026-02-10,False,True
U15703,2026-02-10,True,True
U15704,2026-02-10,,False
U15705,2026-02-10,False,True
U15706,2026-02-10,False,False
U15707,2026-02-10,True,True
U15708,2026-02-10,,False
U15709,2026-02-10,True,False
U15710,2026-02-10,,False
U15711,2026-02-10,False,False
U15712,2026-02-10,True,True
U15713,2026-02-10,,False
U15714,2026-02-10,,False
U15715,2026-02-10,True,False
U15716,2026-02-10,,False
U15717,2026-02-10,False,False
U15718,2026-02-10,True,True
U15719,2026-02-10,False,False
U15720,2026-02-10,False,False
U15721,2026-02-10,True,True
U15722,2026-02-10,False,True
U15723,2026-02-10,True,False
U15724,2026-02-10,False,False
U15725,2026-02-10,,False
U15726,2026-02-10,False,False
U15727,2026-02-10,False,False
U15728,2026-02-10,,False
U15729,2026-02-10,,False
U15730,2026-02-10,False,False
U15731,2026-02-10,,False
U15732,2026-02-10,False,True
U15733,2026-02-10,False,False
U15734,2026-02-10,,True
U15735,2026-02-10,False,False
U15736,2026-02-10,False,False
U15737,2026-02-10,,True
U15738,2026-02-10,,True
U15739,2026-02-10,False,True
U15740,2026-02-10,False,True
U15741,2026-02-10,False,False
U15742,2026-02-10,True,True
U15743,2026-02-10,,False
U15744,2026-02-10,,False
U15745,2026-02-10,False,True
U15746,2026-02-10,,False
U15747,2026-02-10,False,True
U15748,2026-02-10,True,False
U15749,2026-02-10,False,False
U15750,2026-02-10,,True
U15751,2026-02-10,False,True
U15752,2026-02-10,False,True
U15753,2026-02-10,,True
U15754,2026-02-10,True,False
U15755,2026-02-10,False,True
U15756,2026-02-10,True,True
U15757,2026-02-10,True,False
U15758,2026-02-10,,False
U15759,2026-02-10,False,True
U15760,2026-02-10,,False
U15761,2026-02-10,True,False
U15762,2026-02-10,True,False
U15763,2026-02-10,True,True
U15764,2026-02-10,False,True
U15765,2026-02-10,False,True
U15766,2026-02-10,,False
U15767,2026-02-10,True,True
U15768,2026-02-10,,False
U15769,2026-02-10,True,False
U15770,2026-02-10,True,True
U15771,2026-02-10,,True
U15772,2026-02-10,False,False
U15773,2026-02-10,,True
U15774,2026-02-10,,False
U15775,2026-02-10,,False
U15776,2026-02-10,True,True
U15777,2026-02-10,False,False
U15778,2026-02-10,False,False
U15779,2026-02-10,,False
U15780,2026-02-10,False,False
U15781,2026-02-10,False,True
U15782,2026-02-10,True,True
U15783,2026-02-10,True,False
U15784,2026-02-10,True,False
U15785,2026-02-10,False,True
U15786,2026-02-10,False,True
U15787,2026-02-10,True,False
U15788,2026-02-10,True,True
U15789,2026-02-10,True,True
U15790,2026-02-10,True,False
U15791,2026-02-10,False,True
U15792,2026-02-10,False,True
U15793,2026-02-10,,False
U15794,2026-02-10,True,False
U15795,2026-02-10,False,False
U15796,2026-02-10,,False
U15797,2026-02-10,False,False
U15798,2026-02-10,True,True
U15799,2026-02-10,True,True
U15800,2026-02-10,False,True
U15801,2026-02-10,False,False
U15802,2026-02-10,True,False
U15803,2026-02-10,False,False
U15804,2026-02-10,False,False
U15805,2026-02-10,,True
U15806,2026-02-10,False,True
U15807,2026-02-10,False,True
U15808,2026-02-10,False,True
U15809,2026-02-10,True,False
U15810,2026-02-10,True,False
U15811,2026-02-10,,False
U15812,2026-02-10,False,False
U15813,2026-02-10,False,True
U15814,2026-02-10,False,True
U15815,2026-02-10,,True
U15816,2026-02-10,True,True
U15817,2026-02-10,True,False
U15818,2026-02-10,True,True
U15819,2026-02-10,,True
U15820,2026-02-10,True,True
U15821,2026-02-10,False,False
U15822,2026-02-10,False,False
U15823,2026-02-10,,False
U15824,2026-02-10,,True
U15825,2026-02-10,,True
U15826,2026-02-10,True,False
U15827,2026-02-10,False,False
U15828,2026-02-10,True,False
U15829,2026-02-10,,True
U15830,2026-02-10,False,True
U15831,2026-02-10,True,False
U15832,2026-02-10,,False
U15833,2026-02-10,True,True
U15834,2026-02-10,False,False
U15835,2026-02-10,True,False
U15836,2026-02-10,True,False
U15837,2026-02-10,,True
U15838,2026-02-10,,False
U15839,2026-02-10,False,False
U15840,2026-02-10,,True
U15841,2026-02-10,True,True
U15842,2026-02-10,False,False
U15843,2026-02-10,False,True
U15844,2026-02-10,False,False
U15845,2026-02-10,,False
U15846,2026-02-10,,True
U15847,2026-02-10,False,False
U15848,2026-02-10,,True
U15849,2026-02-10,False,True
U15850,2026-02-10,,True
U15851,2026-02-10,,True
U15852,2026-02-10,True,True
U15853,2026-02-10,False,True
U15854,2026-02-10,,False
U15855,2026-02-10,False,True
U15856,2026-02-10,,True
U15857,2026-02-10,False,False
U15858,2026-02-10,,False
U15859,2026-02-10,,False
U15860,2026-02-10,False,False
U15861,2026-02-10,True,False
U15862,2026-02-10,,True
U15863,2026-02-10,True,True
U15864,2026-02-10,True,True
U15865,2026-02-10,False,False
U15866,2026-02-10,False,True
U15867,2026-02-10,,False
U15868,2026-02-10,True,False
U15869,2026-02-10,,True
U15870,2026-02-10,True,False
U15871,2026-02-10,True,True
U15872,2026-02-10,,True
U15873,2026-02-10,True,False
U15874,2026-02-10,False,True
U15875,2026-02-10,True,True
U15876,2026-02-10,,True
U15877,2026-02-10,True,False
U15878,2026-02-10,False,False
U15879,2026-02-10,False,True
U15880,2026-02-10,True,True
U15881,2026-02-10,False,True
U15882,2026-02-10,False,False
U15883,2026-02-10,True,True
U15884,2026-02-10,,False
U15885,2026-02-10,True,True
U15886,2026-02-10,True,True
U15887,2026-02-10,True,False
U15888,2026-02-10,True,True
U15889,2026-02-10,,False
U15890,2026-02-10,True,True
U15891,2026-02-10,False,True
U15892,2026-02-10,True,True
U15893,2026-02-10,,True
U15894,2026-02-10,,True
U15895,2026-02-10,,False
U15896,2026-02-10,,True
U15897,2026-02-10,True,False
U15898,2026-02-10,,True
U15899,2026-02-10,,True
U15900,2026-02-10,,True
U15901,2026-02-10,True,False
U15902,2026-02-10,False,False
U15903,2026-02-10,,False
U15904,2026-02-10,True,False
U15905,2026-02-10,False,False
U15906,2026-02-10,,False
U15907,2026-02-10,True,True
U15908,2026-02-10,False,False
U15909,2026-02-10,,False
U15910,2026-02-10,True,True
U15911,2026-02-10,False,True
U15912,2026-02-10,,True
U15913,2026-02-10,False,True
U15914,2026-02-10,,True
U15915,2026-02-10,,True
U15916,2026-02-10,False,False
U15917,2026-02-10,True,False
U15918,2026-02-10,True,False
U15919,2026-02-10,True,False
U15920,2026-02-10,False,False
U15921,2026-02-10,,False
U15922,2026-02-10,,True
U15923,2026-02-10,False,False
U15924,2026-02-10,,True
U15925,2026-02-10,True,True
U15926,2026-02-10,,True
U15927,2026-02-10,,False
U15928,2026-02-10,,False
U15929,2026-02-10,False,False
U15930,2026-02-10,,False
U15931,2026-02-10,False,True
U15932,2026-02-10,,False
U15933,2026-02-10,True,False
U15934,2026-02-10,,False
U15935,2026-02-10,,True
U15936,2026-02-10,,False
U15937,2026-02-10,,True
U15938,2026-02-10,,True
U15939,2026-02-10,,False
U15940,2026-02-10,False,False
U15941,2026-02-10,,False
U15942,2026-02-10,True,True
U15943,2026-02-10,False,True
U15944,2026-02-10,False,False
U15945,2026-02-10,,False
U15946,2026-02-10,False,False
U15947,2026-02-10,,True
U15948,2026-02-10,False,False
U15949,2026-02-10,,True
U15950,2026-02-10,True,True
U15951,2026-02-10,,True
U15952,2026-02-10,False,False
U15953,2026-02-10,False,False
U15954,2026-02-10,False,False
U15955,2026-02-10,,False
U15956,2026-02-10,False,False
U15957,2026-02-10,False,True
U15958,2026-02-10,False,False
U15959,2026-02-10,,True
U15960,2026-02-10,True,True
U15961,2026-02-10,,False
U15962,2026-02-10,True,False
U15963,2026-02-10,,True
U15964,2026-02-10,False,False
U15965,2026-02-10,,True
U15966,2026-02-10,True,False
U15967,2026-02-10,True,False
U15968,2026-02-10,False,False
U15969,2026-02-10,,False
U15970,2026-02-10,,False
U15971,2026-02-10,,False
U15972,2026-02-10,False,False
U15973,2026-02-10,,True
U15974,2026-02-10,False,False
U15975,2026-02-10,True,True
U15976,2026-02-10,,False
U15977,2026-02-10,False,False
U15978,2026-02-10,True,True
U15979,2026-02-10,False,False
U15980,2026-02-10,,True
U15981,2026-02-10,False,True
U15982,2026-02-10,True,False
U15983,2026-02-10,False,False
U15984,2026-02-10,False,True
U15985,2026-02-10,False,False
U15986,2026-02-10,True,True
U15987,2026-02-10,True,False
U15988,2026-02-10,True,False
U15989,2026-02-10,False,False
U15990,2026-02-10,True,True
U15991,2026-02-10,False,False
U15992,2026-02-10,True,True
U15993,2026-02-10,False,True
U15994,2026-02-10,False,True
U15995,2026-02-10,True,False
U15996,2026-02-10,False,False
U15997,2026-02-10,False,True
U15998,2026-02-10,False,False
U15999,2026-02-10,False,False
U16000,2026-02-10,False,False
U16001,2026-02-10,True,True
U16002,2026-02-10,False,True
U16003,2026-02-10,True,False
U16004,2026-02-10,,False
U16005,2026-02-10,,False
U16006,2026-02-10,False,True
U16007,2026-02-10,,False
U16008,2026-02-10,True,False
U16009,2026-02-10,,True
U16010,2026-02-10,True,False
U16011,2026-02-10,,True
U16012,2026-02-10,False,True
U16013,2026-02-10,True,False
U16014,2026-02-10,True,False
U16015,2026-02-10,False,False
U16016,2026-02-10,,False
U16017,2026-02-10,True,True
U16018,2026-02-10,,False
U16019,2026-02-10,,True
U16020,2026-02-10,True,False
U16021,2026-02-10,,False
U16022,2026-02-10,True,True
U16023,2026-02-10,True,False
U16024,2026-02-10,True,False
U16025,2026-02-10,,True
U16026,2026-02-10,True,True
U16027,2026-02-10,False,False
U16028,2026-02-10,,True
U16029,2026-02-10,,True
U16030,2026-02-10,True,True
U16031,2026-02-10,False,True
U16032,2026-02-10,True,True
U16033,2026-02-10,True,False
U16034,2026-02-10,False,True
U16035,2026-02-10,True,True
U16036,2026-02-10,,True
U16037,2026-02-10,,True
U16038,2026-02-10,,False
U16039,2026-02-10,True,False
U16040,2026-02-10,,True
U16041,2026-02-10,True,True
U16042,2026-02-10,,True
U16043,2026-02-10,,False
U16044,2026-02-10,,True
U16045,2026-02-10,,True
U16046,2026-02-10,,True
U16047,2026-02-10,,False
U16048,2026-02-10,False,False
U16049,2026-02-10,,True
U16050,2026-02-10,False,False
U16051,2026-02-10,False,False
U16052,2026-02-10,True,False
U16053,2026-02-10,True,True
U16054,2026-02-10,,True
U16055,2026-02-10,False,True
U16056,2026-02-10,True,False
U16057,2026-02-10,True,False
U16058,2026-02-10,False,False
U16059,2026-02-10,False,False
U16060,2026-02-10,True,False
U16061,2026-02-10,False,False
U16062,2026-02-10,True,False
U16063,2026-02-10,False,True
U16064,2026-02-10,,True
U16065,2026-02-10,False,False
U16066,2026-02-10,False,True
U16067,2026-02-10,False,False
U16068,2026-02-10,,True
U16069,2026-02-10,,False
U16070,2026-02-10,False,False
U16071,2026-02-10,False,True
U16072,2026-02-10,False,False
U16073,2026-02-10,,False
U16074,2026-02-10,,True
U16075,2026-02-10,False,False
U16076,2026-02-10,False,True
U16077,2026-02-10,,False
U16078,2026-02-10,True,True
U16079,2026-02-10,False,False
U16080,2026-02-10,False,False
U16081,2026-02-10,False,True
U16082,2026-02-10,True,False
U16083,2026-02-10,True,True
U16084,2026-02-10,,False
U16085,2026-02-10,,True
U16086,2026-02-10,,False
U16087,2026-02-10,False,False
U16088,2026-02-10,False,False
U16089,2026-02-10,,True
U16090,2026-02-10,True,True
U16091,2026-02-10,True,True
U16092,2026-02-10,True,True
U16093,2026-02-10,False,False
U16094,2026-02-10,,False
U16095,2026-02-10,True,True
U16096,2026-02-10,True,True
U16097,2026-02-10,False,True
U16098,2026-02-10,True,False
U16099,2026-02-10,,False
U16100,2026-02-10,True,False
U16101,2026-02-10,,True
U16102,2026-02-10,True,False
U16103,2026-02-10,False,False
U16104,2026-02-10,,False
U16105,2026-02-10,False,True
U16106,2026-02-10,True,False
U16107,2026-02-10,False,False
U16108,2026-02-10,,False
U16109,2026-02-10,,False
U16110,2026-02-10,,False
U16111,2026-02-10,,False
U16112,2026-02-10,,False
U16113,2026-02-10,False,False
U16114,2026-02-10,,True
U16115,2026-02-10,True,False
U16116,2026-02-10,False,True
U16117,2026-02-10,,True
U16118,2026-02-10,False,False
U16119,2026-02-10,,False
U16120,2026-02-10,False,False
U16121,2026-02-10,,False
U16122,2026-02-10,True,False
U16123,2026-02-10,True,True
U16124,2026-02-10,False,True
U16125,2026-02-10,False,False
U16126,2026-02-10,True,False
U16127,2026-02-10,False,False
U16128,2026-02-10,True,False
U16129,2026-02-10,False,True
U16130,2026-02-10,True,True
U16131,2026-02-10,False,True
U16132,2026-02-10,True,False
U16133,2026-02-10,False,False
U16134,2026-02-10,False,True
U16135,2026-02-10,False,True
U16136,2026-02-10,True,True
U16137,2026-02-10,False,True
U16138,2026-02-10,,True
U16139,2026-02-10,,False
U16140,2026-02-10,,True
U16141,2026-02-10,False,False
U16142,2026-02-10,False,True
U16143,2026-02-10,True,True
U16144,2026-02-10,False,False
U16145,2026-02-10,True,True
U16146,2026-02-10,,False
U16147,2026-02-10,True,True
U16148,2026-02-10,True,False
U16149,2026-02-10,False,False
U16150,2026-02-10,,True
U16151,2026-02-10,True,False
U16152,2026-02-10,,True
U16153,2026-02-10,False,True
U16154,2026-02-10,True,True
U16155,2026-02-10,,True
U16156,2026-02-10,True,False
U16157,2026-02-10,True,True
U16158,2026-02-10,,False
U16159,2026-02-10,True,True
U16160,2026-02-10,False,True
U16161,2026-02-10,True,True
U16162,2026-02-10,,False
U16163,2026-02-10,False,False
U16164,2026-02-10,,False
U16165,2026-02-10,,False
U16166,2026-02-10,False,True
U16167,2026-02-10,False,True
U16168,2026-02-10,False,True
U16169,2026-02-10,,True
U16170,2026-02-10,False,False
U16171,2026-02-10,True,True
U16172,2026-02-10,False,True
U16173,2026-02-10,False,True
U16174,2026-02-10,True,False
U16175,2026-02-10,True,False
U16176,2026-02-10,False,False
U16177,2026-02-10,True,True
U16178,2026-02-10,True,False
U16179,2026-02-10,True,True
U16180,2026-02-10,,True
U16181,2026-02-10,True,True
U16182,2026-02-10,False,False
U16183,2026-02-10,False,False
U16184,2026-02-10,True,False
U16185,2026-02-10,True,False
U16186,2026-02-10,False,True
U16187,2026-02-10,True,True
U16188,2026-02-10,False,True
U16189,2026-02-10,True,True
U16190,2026-02-10,False,False
U16191,2026-02-10,True,True
U16192,2026-02-10,True,False
U16193,2026-02-10,False,False
U16194,2026-02-10,False,False
U16195,2026-02-10,True,True
U16196,2026-02-10,True,True
U16197,2026-02-10,False,True
U16198,2026-02-10,False,False
U16199,2026-02-10,False,True
U16200,2026-02-10,False,True
U16201,2026-02-10,False,False
U16202,2026-02-10,False,False
U16203,2026-02-10,False,True
U16204,2026-02-10,False,False
U16205,2026-02-10,True,True
U16206,2026-02-10,,True
U16207,2026-02-10,False,False
U16208,2026-02-10,,True
U16209,2026-02-10,True,False
U16210,2026-02-10,,False
U16211,2026-02-10,True,True
U16212,2026-02-10,True,False
U16213,2026-02-10,,False
U16214,2026-02-10,,False
U16215,2026-02-10,True,False
U16216,2026-02-10,,True
U16217,2026-02-10,False,False
U16218,2026-02-10,True,True
U16219,2026-02-10,True,True
U16220,2026-02-10,,True
U16221,2026-02-10,False,False
U16222,2026-02-10,,True
U16223,2026-02-10,True,True
U16224,2026-02-10,False,True
U16225,2026-02-10,,True
U16226,2026-02-10,,True
U16227,2026-02-10,True,False
U16228,2026-02-10,False,False
U16229,2026-02-10,,False
U16230,2026-02-10,True,False
U16231,2026-02-10,False,False
U16232,2026-02-10,True,False
U16233,2026-02-10,,False
U16234,2026-02-10,True,True
U16235,2026-02-10,True,True
U16236,2026-02-10,True,True
U16237,2026-02-10,False,True
U16238,2026-02-10,False,False
U16239,2026-02-10,False,False
U16240,2026-02-10,,False
U16241,2026-02-10,,True
U16242,2026-02-10,,True
U16243,2026-02-10,True,True
U16244,2026-02-10,False,True
U16245,2026-02-10,,True
U16246,2026-02-10,False,False
U16247,2026-02-10,,True
U16248,2026-02-10,False,True
U16249,2026-02-10,True,True
U16250,2026-02-10,True,False
U16251,2026-02-10,False,False
U16252,2026-02-10,,True
U16253,2026-02-10,True,False
U16254,2026-02-10,True,True
U16255,2026-02-10,True,False
U16256,2026-02-10,False,False
U16257,2026-02-10,,False
U16258,2026-02-10,True,False
U16259,2026-02-10,,True
U16260,2026-02-10,True,False
U16261,2026-02-10,True,False
U16262,2026-02-10,False,True
U16263,2026-02-10,False,False
U16264,2026-02-10,True,True
U16265,2026-02-10,True,False
U16266,2026-02-10,True,False
U16267,2026-02-10,False,True
U16268,2026-02-10,True,True
U16269,2026-02-10,False,True
U16270,2026-02-10,,True
U16271,2026-02-10,True,False
U16272,2026-02-10,True,False
U16273,2026-02-10,,False
U16274,2026-02-10,False,True
U16275,2026-02-10,False,False
U16276,2026-02-10,,False
U16277,2026-02-10,False,True
U16278,2026-02-10,False,True
U16279,2026-02-10,False,True
U16280,2026-02-10,,True
U16281,2026-02-10,True,True
U16282,2026-02-10,True,False
U16283,2026-02-10,,False
U16284,2026-02-10,,True
U16285,2026-02-10,False,True
U16286,2026-02-10,True,True
U16287,2026-02-10,False,True
U16288,2026-02-10,False,False
U16289,2026-02-10,,False
U16290,2026-02-10,True,False
U16291,2026-02-10,,False
U16292,2026-02-10,True,False
U16293,2026-02-10,False,False
U16294,2026-02-10,False,True
U16295,2026-02-10,,False
U16296,2026-02-10,,True
U16297,2026-02-10,False,False
U16298,2026-02-10,True,False
U16299,2026-02-10,False,False
U16300,2026-02-10,True,False
U16301,2026-02-10,False,True
U16302,2026-02-10,True,False
U16303,2026-02-10,,False
U16304,2026-02-10,False,True
U16305,2026-02-10,,True
U16306,2026-02-10,False,True
U16307,2026-02-10,,True
U16308,2026-02-10,False,True
U16309,2026-02-10,True,False
U16310,2026-02-10,,True
U16311,2026-02-10,True,False
U16312,2026-02-10,,True
U16313,2026-02-10,,True
U16314,2026-02-10,True,True
U16315,2026-02-10,False,True
U16316,2026-02-10,,True
U16317,2026-02-10,,False
U16318,2026-02-10,,True
U16319,2026-02-10,,True
U16320,2026-02-10,,False
U16321,2026-02-10,True,True
U16322,2026-02-10,True,True
U16323,2026-02-10,False,False
U16324,2026-02-10,,True
U16325,2026-02-10,,True
U16326,2026-02-10,False,False
U16327,2026-02-10,False,False
U16328,2026-02-10,False,True
U16329,2026-02-10,True,False
U16330,2026-02-10,,False
U16331,2026-02-10,True,False
U16332,2026-02-10,,True
U16333,2026-02-10,True,True
U16334,2026-02-10,,False
U16335,2026-02-10,False,False
U16336,2026-02-10,False,False
U16337,2026-02-10,True,False
U16338,2026-02-10,False,True
U16339,2026-02-10,,False
U16340,2026-02-10,,False
U16341,2026-02-10,False,True
U16342,2026-02-10,,True
U16343,2026-02-10,True,True
U16344,2026-02-10,False,True
U16345,2026-02-10,True,False
U16346,2026-02-10,False,True
U16347,2026-02-10,,False
U16348,2026-02-10,False,True
U16349,2026-02-10,False,True
U16350,2026-02-10,True,False
U16351,2026-02-10,False,True
U16352,2026-02-10,False,False
U16353,2026-02-10,,False
U16354,2026-02-10,,False
U16355,2026-02-10,,False
U16356,2026-02-10,True,False
U16357,2026-02-10,,True
U16358,2026-02-10,,True
U16359,2026-02-10,,True
U16360,2026-02-10,False,False
U16361,2026-02-10,False,False
U16362,2026-02-10,False,False
U16363,2026-02-10,False,True
U16364,2026-02-10,False,False
U16365,2026-02-10,,False
U16366,2026-02-10,True,True
U16367,2026-02-10,False,False
U16368,2026-02-10,,False
U16369,2026-02-10,True,True
U16370,2026-02-10,False,True
U16371,2026-02-10,True,True
U16372,2026-02-10,,True
U16373,2026-02-10,True,False
U16374,2026-02-10,False,False
U16375,2026-02-10,,True
U16376,2026-02-10,True,False
U16377,2026-02-10,False,True
U16378,2026-02-10,,True
U16379,2026-02-10,,False
U16380,2026-02-10,,True
U16381,2026-02-10,True,False
U16382,2026-02-10,True,True
U16383,2026-02-10,True,True
U16384,2026-02-10,True,False
U16385,2026-02-10,,True
U16386,2026-02-10,True,False
U16387,2026-02-10,,False
U16388,2026-02-10,,True
U16389,2026-02-10,,False
U16390,2026-02-10,False,True
U16391,2026-02-10,True,False
U16392,2026-02-10,False,True
U16393,2026-02-10,False,True
U16394,2026-02-10,True,True
U16395,2026-02-10,,False
U16396,2026-02-10,,False
U16397,2026-02-10,False,False
U16398,2026-02-10,,True
U16399,2026-02-10,True,True
U16400,2026-02-10,,True
U16401,2026-02-10,False,True
U16402,2026-02-10,False,False
U16403,2026-02-10,True,False
U16404,2026-02-10,True,True
U16405,2026-02-10,True,True
U16406,2026-02-10,,True
U16407,2026-02-10,True,False
U16408,2026-02-10,,False
U16409,2026-02-10,,False
U16410,2026-02-10,False,True
U16411,2026-02-10,True,False
U16412,2026-02-10,,False
U16413,2026-02-10,False,True
U16414,2026-02-10,False,False
U16415,2026-02-10,False,False
U16416,2026-02-10,,False
U16417,2026-02-10,,True
U16418,2026-02-10,False,False
U16419,2026-02-10,True,True
U16420,2026-02-10,True,False
U16421,2026-02-10,True,False
U16422,2026-02-10,,False
U16423,2026-02-10,True,False
U16424,2026-02-10,True,True
U16425,2026-02-10,True,False
U16426,2026-02-10,False,False
U16427,2026-02-10,True,True
U16428,2026-02-10,False,True
U16429,2026-02-10,True,False
U16430,2026-02-10,,True
U16431,2026-02-10,,True
U16432,2026-02-10,False,False
U16433,2026-02-10,False,False
U16434,2026-02-10,False,True
U16435,2026-02-10,,False
U16436,2026-02-10,True,True
U16437,2026-02-10,,True
U16438,2026-02-10,False,False
U16439,2026-02-10,False,True
U16440,2026-02-10,,False
U16441,2026-02-10,False,True
U16442,2026-02-10,False,False
U16443,2026-02-10,True,False
U16444,2026-02-10,False,True
U16445,2026-02-10,True,True
U16446,2026-02-10,True,False
U16447,2026-02-10,True,False
U16448,2026-02-10,,False
U16449,2026-02-10,False,True
U16450,2026-02-10,False,False
U16451,2026-02-10,,True
U16452,2026-02-10,True,True
U16453,2026-02-10,True,True
U16454,2026-02-10,,False
U16455,2026-02-10,,True
U16456,2026-02-10,True,True
U16457,2026-02-10,,True
U16458,2026-02-10,False,False
U16459,2026-02-10,False,True
U16460,2026-02-10,,False
U16461,2026-02-10,,True
U16462,2026-02-10,True,True
U16463,2026-02-10,False,False
U16464,2026-02-10,True,True
U16465,2026-02-10,False,False
U16466,2026-02-10,False,False
U16467,2026-02-10,True,True
U16468,2026-02-10,False,False
U16469,2026-02-10,,True
U16470,2026-02-10,False,True
U16471,2026-02-10,False,False
U16472,2026-02-10,False,False
U16473,2026-02-10,False,True
U16474,2026-02-10,True,True
U16475,2026-02-10,True,True
U16476,2026-02-10,False,False
U16477,2026-02-10,False,True
U16478,2026-02-10,True,True
U16479,2026-02-10,,False
U16480,2026-02-10,True,False
U16481,2026-02-10,True,False
U16482,2026-02-10,True,False
U16483,2026-02-10,True,False
U16484,2026-02-10,False,False
U16485,2026-02-10,True,False
U16486,2026-02-10,False,False
U16487,2026-02-10,,True
U16488,2026-02-10,,True
U16489,2026-02-10,False,True
U16490,2026-02-10,True,True
U16491,2026-02-10,True,False
U16492,2026-02-10,,False
U16493,2026-02-10,True,False
U16494,2026-02-10,True,False
U16495,2026-02-10,True,True
U16496,2026-02-10,False,True
U16497,2026-02-10,,True
U16498,2026-02-10,True,True
U16499,2026-02-10,True,False
U16500,2026-02-10,,True
U16501,2026-02-10,False,False
U16502,2026-02-10,False,True
U16503,2026-02-10,False,True
U16504,2026-02-10,,False
U16505,2026-02-10,False,False
U16506,2026-02-10,,True
U16507,2026-02-10,,False
U16508,2026-02-10,False,True
U16509,2026-02-10,True,True
U16510,2026-02-10,,True
U16511,2026-02-10,False,False
U16512,2026-02-10,False,True
U16513,2026-02-10,True,False
U16514,2026-02-10,,True
U16515,2026-02-10,False,False
U16516,2026-02-10,,False
U16517,2026-02-10,,True
U16518,2026-02-10,False,True
U16519,2026-02-10,,False
U16520,2026-02-10,,False
U16521,2026-02-10,,True
U16522,2026-02-10,,True
U16523,2026-02-10,,False
U16524,2026-02-10,True,False
U16525,2026-02-10,,True
U16526,2026-02-10,True,True
U16527,2026-02-10,,True
U16528,2026-02-10,,True
U16529,2026-02-10,,False
U16530,2026-02-10,True,False
U16531,2026-02-10,,True
U16532,2026-02-10,False,True
U16533,2026-02-10,False,True
U16534,2026-02-10,True,True
U16535,2026-02-10,,False
U16536,2026-02-10,,False
U16537,2026-02-10,,True
U16538,2026-02-10,,True
U16539,2026-02-10,False,True
U16540,2026-02-10,False,False
U16541,2026-02-10,True,True
U16542,2026-02-10,True,True
U16543,2026-02-10,,True
U16544,2026-02-10,True,False
U16545,2026-02-10,False,True
U16546,2026-02-10,True,True
U16547,2026-02-10,,False
U16548,2026-02-10,,False
U16549,2026-02-10,False,False
U16550,2026-02-10,False,False
U16551,2026-02-10,,False
U16552,2026-02-10,,True
U16553,2026-02-10,,True
U16554,2026-02-10,False,True
U16555,2026-02-10,,True
U16556,2026-02-10,True,False
U16557,2026-02-10,False,False
U16558,2026-02-10,,True
U16559,2026-02-10,False,False
U16560,2026-02-10,False,True
U16561,2026-02-10,False,True
U16562,2026-02-10,True,True
U16563,2026-02-10,,True
U16564,2026-02-10,True,True
U16565,2026-02-10,True,True
U16566,2026-02-10,,False
U16567,2026-02-10,True,True
U16568,2026-02-10,True,False
U16569,2026-02-10,False,True
U16570,2026-02-10,True,False
U16571,2026-02-10,True,False
U16572,2026-02-10,,True
U16573,2026-02-10,,True
U16574,2026-02-10,True,False
U16575,2026-02-10,False,True
U16576,2026-02-10,False,False
U16577,2026-02-10,True,True
U16578,2026-02-10,True,True
U16579,2026-02-10,True,False
U16580,2026-02-10,True,False
U16581,2026-02-10,True,True
U16582,2026-02-10,,False
U16583,2026-02-10,False,True
U16584,2026-02-10,False,False
U16585,2026-02-10,False,True
U16586,2026-02-10,False,True
U16587,2026-02-10,,True
U16588,2026-02-10,,False
U16589,2026-02-10,,False
U16590,2026-02-10,,False
U16591,2026-02-10,False,False
U16592,2026-02-10,True,False
U16593,2026-02-10,False,True
U16594,2026-02-10,True,True
U16595,2026-02-10,False,False
U16596,2026-02-10,True,False
U16597,2026-02-10,,True
U16598,2026-02-10,True,True
U16599,2026-02-10,True,True
U16600,2026-02-10,False,True
U16601,2026-02-10,True,False
U16602,2026-02-10,True,False
U16603,2026-02-10,False,True
U16604,2026-02-10,False,False
U16605,2026-02-10,True,False
U16606,2026-02-10,False,False
U16607,2026-02-10,True,False
U16608,2026-02-10,,True
U16609,2026-02-10,,True
U16610,2026-02-10,False,False
U16611,2026-02-10,,True
U16612,2026-02-10,,False
U16613,2026-02-10,,True
U16614,2026-02-10,True,True
U16615,2026-02-10,,True
U16616,2026-02-10,,True
U16617,2026-02-10,False,True
U16618,2026-02-10,,True
U16619,2026-02-10,False,False
U16620,2026-02-10,,True
U16621,2026-02-10,False,True
U16622,2026-02-10,False,True
U16623,2026-02-10,,True
U16624,2026-02-10,False,False
U16625,2026-02-10,,True
U16626,2026-02-10,True,False
U16627,2026-02-10,,True
U16628,2026-02-10,True,True
U16629,2026-02-10,,False
U16630,2026-02-10,,True
U16631,2026-02-10,,True
U16632,2026-02-10,,True
U16633,2026-02-10,False,True
U16634,2026-02-10,False,False
U16635,2026-02-10,,True
U16636,2026-02-10,False,True
U16637,2026-02-10,False,True
U16638,2026-02-10,False,False
U16639,2026-02-10,False,True
U16640,2026-02-10,,False
U16641,2026-02-10,,False
U16642,2026-02-10,,False
U16643,2026-02-10,True,False
U16644,2026-02-10,False,False
U16645,2026-02-10,,False
U16646,2026-02-10,,False
U16647,2026-02-10,True,True
U16648,2026-02-10,True,True
U16649,2026-02-10,False,False
U16650,2026-02-10,True,False
U16651,2026-02-10,,False
U16652,2026-02-10,,False
U16653,2026-02-10,False,True
U16654,2026-02-10,True,False
U16655,2026-02-10,,False
U16656,2026-02-10,False,True
U16657,2026-02-10,True,True
U16658,2026-02-10,,True
U16659,2026-02-10,,False
U16660,2026-02-10,,True
U16661,2026-02-10,False,False
U16662,2026-02-10,True,False
U16663,2026-02-10,True,False
U16664,2026-02-10,True,True
U16665,2026-02-10,True,False
U16666,2026-02-10,False,False
U16667,2026-02-10,False,True
U16668,2026-02-10,,True
U16669,2026-02-10,False,True
U16670,2026-02-10,False,False
U16671,2026-02-10,,True
U16672,2026-02-10,False,True
U16673,2026-02-10,False,True
U16674,2026-02-10,False,True
U16675,2026-02-10,False,True
U16676,2026-02-10,True,True
U16677,2026-02-10,False,True
U16678,2026-02-10,False,False
U16679,2026-02-10,,False
U16680,2026-02-10,True,True
U16681,2026-02-10,,True
U16682,2026-02-10,True,True
U16683,2026-02-10,True,True
U16684,2026-02-10,False,True
U16685,2026-02-10,,True
U16686,2026-02-10,False,False
U16687,2026-02-10,,False
U16688,2026-02-10,,False
U16689,2026-02-10,True,True
U16690,2026-02-10,True,True
U16691,2026-02-10,False,False
U16692,2026-02-10,,False
U16693,2026-02-10,True,False
U16694,2026-02-10,True,True
U16695,2026-02-10,True,False
U16696,2026-02-10,,True
U16697,2026-02-10,True,True
U16698,2026-02-10,True,False
U16699,2026-02-10,True,True
U16700,2026-02-10,True,False
U16701,2026-02-10,,False
U16702,2026-02-10,,False
U16703,2026-02-10,,True
U16704,2026-02-10,True,True
U16705,2026-02-10,,True
U16706,2026-02-10,,True
U16707,2026-02-10,True,False
U16708,2026-02-10,False,False
U16709,2026-02-10,,True
U16710,2026-02-10,,True
U16711,2026-02-10,True,True
U16712,2026-02-10,True,True
U16713,2026-02-10,False,True
U16714,2026-02-10,,False
U16715,2026-02-10,True,True
U16716,2026-02-10,False,True
U16717,2026-02-10,True,False
U16718,2026-02-10,False,True
U16719,2026-02-10,False,False
U16720,2026-02-10,,False
U16721,2026-02-10,,True
U16722,2026-02-10,True,True
U16723,2026-02-10,False,False
U16724,2026-02-10,True,True
U16725,2026-02-10,,True
U16726,2026-02-10,True,False
U16727,2026-02-10,True,False
U16728,2026-02-10,,False
U16729,2026-02-10,False,True
U16730,2026-02-10,,True
U16731,2026-02-10,False,False
U16732,2026-02-10,True,True
U16733,2026-02-10,True,False
U16734,2026-02-10,False,True
U16735,2026-02-10,True,True
U16736,2026-02-10,False,False
U16737,2026-02-10,True,True
U16738,2026-02-10,True,False
U16739,2026-02-10,True,True
U16740,2026-02-10,True,True
U16741,2026-02-10,False,False
U16742,2026-02-10,False,False
U16743,2026-02-10,,False
U16744,2026-02-10,True,True
U16745,2026-02-10,,False
U16746,2026-02-10,True,True
U16747,2026-02-10,,True
U16748,2026-02-10,,False
U16749,2026-02-10,False,False
U16750,2026-02-10,True,True
U16751,2026-02-10,False,False
U16752,2026-02-10,True,False
U16753,2026-02-10,,False
U16754,2026-02-10,False,False
U16755,2026-02-10,False,False
U16756,2026-02-10,False,True
U16757,2026-02-10,True,False
U16758,2026-02-10,False,True
U16759,2026-02-10,True,True
U16760,2026-02-10,,True
U16761,2026-02-10,,True
U16762,2026-02-10,,False
U16763,2026-02-10,,True
U16764,2026-02-10,True,False
U16765,2026-02-10,,False
U16766,2026-02-10,True,True
U16767,2026-02-10,False,False
U16768,2026-02-10,True,False
U16769,2026-02-10,False,False
U16770,2026-02-10,,False
U16771,2026-02-10,,True
U16772,2026-02-10,,False
U16773,2026-02-10,,True
U16774,2026-02-10,False,True
U16775,2026-02-10,,True
U16776,2026-02-10,False,False
U16777,2026-02-10,False,True
U16778,2026-02-10,True,True
U16779,2026-02-10,False,False
U16780,2026-02-10,False,False
U16781,2026-02-10,,True
U16782,2026-02-10,,True
U16783,2026-02-10,,False
U16784,2026-02-10,True,False
U16785,2026-02-10,,True
U16786,2026-02-10,True,False
U16787,2026-02-10,False,False
U16788,2026-02-10,,True
U16789,2026-02-10,True,True
U16790,2026-02-10,False,True
U16791,2026-02-10,,False
U16792,2026-02-10,False,True
U16793,2026-02-10,False,True
U16794,2026-02-10,,False
U16795,2026-02-10,False,False
U16796,2026-02-10,True,True
U16797,2026-02-10,True,False
U16798,2026-02-10,,True
U16799,2026-02-10,False,True
U16800,2026-02-10,False,False
U16801,2026-02-10,True,True
U16802,2026-02-10,,False
U16803,2026-02-10,False,False
U16804,2026-02-10,,False
U16805,2026-02-10,True,False
U16806,2026-02-10,False,False
U16807,2026-02-10,True,False
U16808,2026-02-10,,False
U16809,2026-02-10,False,False
U16810,2026-02-10,,True
U16811,2026-02-10,,True
U16812,2026-02-10,True,True
U16813,2026-02-10,,True
U16814,2026-02-10,False,True
U16815,2026-02-10,,True
U16816,2026-02-10,False,True
U16817,2026-02-10,,False
U16818,2026-02-10,False,True
U16819,2026-02-10,True,True
U16820,2026-02-10,False,False
U16821,2026-02-10,True,False
U16822,2026-02-10,False,False
U16823,2026-02-10,,True
U16824,2026-02-10,False,True
U16825,2026-02-10,True,False
U16826,2026-02-10,,False
U16827,2026-02-10,False,False
U16828,2026-02-10,True,False
U16829,2026-02-10,False,False
U16830,2026-02-10,True,False
U16831,2026-02-10,True,False
U16832,2026-02-10,False,False
U16833,2026-02-10,True,False
U16834,2026-02-10,,False
U16835,2026-02-10,False,True
U16836,2026-02-10,True,True
U16837,2026-02-10,True,False
U16838,2026-02-10,False,True
U16839,2026-02-10,True,True
U16840,2026-02-10,True,False
U16841,2026-02-10,False,True
U16842,2026-02-10,,False
U16843,2026-02-10,,False
U16844,2026-02-10,True,True
U16845,2026-02-10,False,True
U16846,2026-02-10,True,False
U16847,2026-02-10,False,False
U16848,2026-02-10,,False
U16849,2026-02-10,,False
U16850,2026-02-10,,True
U16851,2026-02-10,True,True
U16852,2026-02-10,False,True
U16853,2026-02-10,,True
U16854,2026-02-10,False,False
U16855,2026-02-10,,True
U16856,2026-02-10,False,False
U16857,2026-02-10,,True
U16858,2026-02-10,False,False
U16859,2026-02-10,True,False
U16860,2026-02-10,,True
U16861,2026-02-10,True,True
U16862,2026-02-10,True,True
U16863,2026-02-10,,False
U16864,2026-02-10,False,True
U16865,2026-02-10,True,True
U16866,2026-02-10,True,False
U16867,2026-02-10,False,False
U16868,2026-02-10,False,True
U16869,2026-02-10,,True
U16870,2026-02-10,True,False
U16871,2026-02-10,False,True
U16872,2026-02-10,False,True
U16873,2026-02-10,True,True
U16874,2026-02-10,False,True
U16875,2026-02-10,False,False
U16876,2026-02-10,True,True
U16877,2026-02-10,False,False
U16878,2026-02-10,,False
U16879,2026-02-10,False,True
U16880,2026-02-10,,False
U16881,2026-02-10,True,False
U16882,2026-02-10,True,False
U16883,2026-02-10,True,True
U16884,2026-02-10,True,True
U16885,2026-02-10,True,False
U16886,2026-02-10,False,True
U16887,2026-02-10,,True
U16888,2026-02-10,True,True
U16889,2026-02-10,,True
U16890,2026-02-10,True,False
U16891,2026-02-10,True,False
U16892,2026-02-10,True,True
U16893,2026-02-10,,False
U16894,2026-02-10,,True
U16895,2026-02-10,True,True
U16896,2026-02-10,False,True
U16897,2026-02-10,True,True
U16898,2026-02-10,,False
U16899,2026-02-10,False,True
U16900,2026-02-10,,False
U16901,2026-02-10,False,True
U16902,2026-02-10,,False
U16903,2026-02-10,True,False
U16904,2026-02-10,,True
U16905,2026-02-10,False,False
U16906,2026-02-10,True,True
U16907,2026-02-10,False,True
U16908,2026-02-10,,False
U16909,2026-02-10,,False
U16910,2026-02-10,False,True
U16911,2026-02-10,False,True
U16912,2026-02-10,,False
U16913,2026-02-10,False,False
U16914,2026-02-10,True,False
U16915,2026-02-10,False,True
U16916,2026-02-10,False,True
U16917,2026-02-10,,False
U16918,2026-02-10,True,True
U16919,2026-02-10,False,False
U16920,2026-02-10,True,True
U16921,2026-02-10,True,True
U16922,2026-02-10,True,False
U16923,2026-02-10,,False
U16924,2026-02-10,,True
U16925,2026-02-10,False,True
U16926,2026-02-10,,True
U16927,2026-02-10,,False
U16928,2026-02-10,,True
U16929,2026-02-10,,True
U16930,2026-02-10,False,True
U16931,2026-02-10,False,False
U16932,2026-02-10,True,False
U16933,2026-02-10,,True
U16934,2026-02-10,,False
U16935,2026-02-10,True,False
U16936,2026-02-10,False,False
U16937,2026-02-10,True,False
U16938,2026-02-10,True,False
U16939,2026-02-10,,False
U16940,2026-02-10,False,False
U16941,2026-02-10,False,False
U16942,2026-02-10,False,False
U16943,2026-02-10,,False
U16944,2026-02-10,False,True
U16945,2026-02-10,True,False
U16946,2026-02-10,False,False
U16947,2026-02-10,True,True
U16948,2026-02-10,False,True
U16949,2026-02-10,False,True
U16950,2026-02-10,False,False
U16951,2026-02-10,,False
U16952,2026-02-10,True,False
U16953,2026-02-10,False,False
U16954,2026-02-10,True,False
U16955,2026-02-10,False,True
U16956,2026-02-10,,False
U16957,2026-02-10,,False
U16958,2026-02-10,,False
U16959,2026-02-10,True,True
U16960,2026-02-10,True,True
U16961,2026-02-10,True,False
U16962,2026-02-10,True,False
U16963,2026-02-10,True,False
U16964,2026-02-10,False,False
U16965,2026-02-10,,True
U16966,2026-02-10,,False
U16967,2026-02-10,True,True
U16968,2026-02-10,False,True
U16969,2026-02-10,,True
U16970,2026-02-10,True,False
U16971,2026-02-10,False,True
U16972,2026-02-10,False,True
U16973,2026-02-10,False,True
U16974,2026-02-10,False,True
U16975,2026-02-10,,False
U16976,2026-02-10,False,True
U16977,2026-02-10,True,False
U16978,2026-02-10,True,True
U16979,2026-02-10,True,False
U16980,2026-02-10,True,True
U16981,2026-02-10,,False
U16982,2026-02-10,True,False
U16983,2026-02-10,False,True
U16984,2026-02-10,False,False
U16985,2026-02-10,True,True
U16986,2026-02-10,False,True
U16987,2026-02-10,False,False
U16988,2026-02-10,,False
U16989,2026-02-10,,False
U16990,2026-02-10,False,False
U16991,2026-02-10,,False
U16992,2026-02-10,,False
U16993,2026-02-10,False,True
U16994,2026-02-10,True,False
U16995,2026-02-10,,True
U16996,2026-02-10,,True
U16997,2026-02-10,False,False
U16998,2026-02-10,,True
U16999,2026-02-10,False,True
U17000,2026-02-10,,True
U17001,2026-02-10,True,True
U17002,2026-02-10,,False
U17003,2026-02-10,True,True
U17004,2026-02-10,True,True
U17005,2026-02-10,False,True
U17006,2026-02-10,False,False
U17007,2026-02-10,True,False
U17008,2026-02-10,False,False
U17009,2026-02-10,,True
U17010,2026-02-10,,False
U17011,2026-02-10,True,False
U17012,2026-02-10,,False
U17013,2026-02-10,False,False
U17014,2026-02-10,True,True
U17015,2026-02-10,True,False
U17016,2026-02-10,True,True
U17017,2026-02-10,True,True
U17018,2026-02-10,False,True
U17019,2026-02-10,True,True
U17020,2026-02-10,,True
U17021,2026-02-10,True,False
U17022,2026-02-10,,False
U17023,2026-02-10,,False
U17024,2026-02-10,,False
U17025,2026-02-10,True,True
U17026,2026-02-10,False,False
U17027,2026-02-10,False,False
U17028,2026-02-10,False,True
U17029,2026-02-10,True,True
U17030,2026-02-10,False,False
U17031,2026-02-10,True,True
U17032,2026-02-10,,False
U17033,2026-02-10,True,True
U17034,2026-02-10,,False
U17035,2026-02-10,,True
U17036,2026-02-10,,False
U17037,2026-02-10,,True
U17038,2026-02-10,True,False
U17039,2026-02-10,True,True
U17040,2026-02-10,True,True
U17041,2026-02-10,False,True
U17042,2026-02-10,False,False
U17043,2026-02-10,True,True
U17044,2026-02-10,False,True
U17045,2026-02-10,,False
U17046,2026-02-10,,False
U17047,2026-02-10,,False
U17048,2026-02-10,False,True
U17049,2026-02-10,False,True
U17050,2026-02-10,False,False
U17051,2026-02-10,False,True
U17052,2026-02-10,True,True
U17053,2026-02-10,False,True
U17054,2026-02-10,True,True
U17055,2026-02-10,True,False
U17056,2026-02-10,True,True
U17057,2026-02-10,,False
U17058,2026-02-10,True,False
U17059,2026-02-10,,True
U17060,2026-02-10,True,False
U17061,2026-02-10,False,True
U17062,2026-02-10,True,True
U17063,2026-02-10,,False
U17064,2026-02-10,True,False
U17065,2026-02-10,True,False
U17066,2026-02-10,,False
U17067,2026-02-10,True,True
U17068,2026-02-10,,False
U17069,2026-02-10,,False
U17070,2026-02-10,,True
U17071,2026-02-10,,True
U17072,2026-02-10,False,True
U17073,2026-02-10,True,True
U17074,2026-02-10,False,True
U17075,2026-02-10,True,True
U17076,2026-02-10,,False
U17077,2026-02-10,True,True
U17078,2026-02-10,True,False
U17079,2026-02-10,False,True
U17080,2026-02-10,True,False
U17081,2026-02-10,,False
U17082,2026-02-10,True,True
U17083,2026-02-10,True,True
U17084,2026-02-10,True,False
U17085,2026-02-10,,False
U17086,2026-02-10,False,True
U17087,2026-02-10,False,False
U17088,2026-02-10,False,True
U17089,2026-02-10,True,True
U17090,2026-02-10,True,True
U17091,2026-02-10,,True
U17092,2026-02-10,False,True
U17093,2026-02-10,,False
U17094,2026-02-10,True,False
U17095,2026-02-10,False,True
U17096,2026-02-10,True,False
U17097,2026-02-10,True,True
U17098,2026-02-10,True,True
U17099,2026-02-10,False,False
U17100,2026-02-10,False,False
U17101,2026-02-10,,False
U17102,2026-02-10,False,False
U17103,2026-02-10,,False
U17104,2026-02-10,True,False
U17105,2026-02-10,,True
U17106,2026-02-10,False,False
U17107,2026-02-10,True,False
U17108,2026-02-10,,False
U17109,2026-02-10,True,True
U17110,2026-02-10,False,False
U17111,2026-02-10,,False
U17112,2026-02-10,,False
U17113,2026-02-10,True,False
U17114,2026-02-10,True,False
U17115,2026-02-10,False,True
U17116,2026-02-10,,True
U17117,2026-02-10,False,True
U17118,2026-02-10,True,False
U17119,2026-02-10,True,False
U17120,2026-02-10,,False
U17121,2026-02-10,True,False
U17122,2026-02-10,False,True
U17123,2026-02-10,True,False
U17124,2026-02-10,False,False
U17125,2026-02-10,,True
U17126,2026-02-10,False,True
U17127,2026-02-10,,False
U17128,2026-02-10,True,False
U17129,2026-02-10,,False
U17130,2026-02-10,False,False
U17131,2026-02-10,True,False
U17132,2026-02-10,,False
U17133,2026-02-10,,False
U17134,2026-02-10,,False
U17135,2026-02-10,False,False
U17136,2026-02-10,,True
U17137,2026-02-10,True,True
U17138,2026-02-10,False,False
U17139,2026-02-10,False,True
U17140,2026-02-10,False,False
U17141,2026-02-10,True,False
U17142,2026-02-10,,True
U17143,2026-02-10,,False
U17144,2026-02-10,,False
U17145,2026-02-10,True,False
U17146,2026-02-10,False,True
U17147,2026-02-10,True,True
U17148,2026-02-10,False,True
U17149,2026-02-10,True,False
U17150,2026-02-10,,False
U17151,2026-02-10,False,True
U17152,2026-02-10,False,True
U17153,2026-02-10,False,True
U17154,2026-02-10,False,False
U17155,2026-02-10,True,False
U17156,2026-02-10,True,False
U17157,2026-02-10,,True
U17158,2026-02-10,False,False
U17159,2026-02-10,True,False
U17160,2026-02-10,False,False
U17161,2026-02-10,,True
U17162,2026-02-10,False,True
U17163,2026-02-10,True,True
U17164,2026-02-10,,True
U17165,2026-02-10,False,True
U17166,2026-02-10,False,False
U17167,2026-02-10,True,True
U17168,2026-02-10,False,False
U17169,2026-02-10,False,True
U17170,2026-02-10,True,True
U17171,2026-02-10,True,True
U17172,2026-02-10,True,False
U17173,2026-02-10,False,False
U17174,2026-02-10,,True
U17175,2026-02-10,False,True
U17176,2026-02-10,True,False
U17177,2026-02-10,True,False
U17178,2026-02-10,False,False
U17179,2026-02-10,True,True
U17180,2026-02-10,,True
U17181,2026-02-10,False,False
U17182,2026-02-10,,True
U17183,2026-02-10,False,True
U17184,2026-02-10,,True
U17185,2026-02-10,True,True
U17186,2026-02-10,False,True
U17187,2026-02-10,True,False
U17188,2026-02-10,False,True
U17189,2026-02-10,True,False
U17190,2026-02-10,False,False
U17191,2026-02-10,,False
U17192,2026-02-10,,False
U17193,2026-02-10,True,False
U17194,2026-02-10,True,False
U17195,2026-02-10,True,True
U17196,2026-02-10,False,False
U17197,2026-02-10,False,True
U17198,2026-02-10,False,True
U17199,2026-02-10,True,False
U17200,2026-02-10,True,True
U17201,2026-02-10,False,True
U17202,2026-02-10,,False
U17203,2026-02-10,False,False
U17204,2026-02-10,True,False
U17205,2026-02-10,,False
U17206,2026-02-10,True,False
U17207,2026-02-10,True,False
U17208,2026-02-10,False,True
U17209,2026-02-10,True,False
U17210,2026-02-10,False,False
U17211,2026-02-10,False,True
U17212,2026-02-10,,False
U17213,2026-02-10,False,False
U17214,2026-02-10,,False
U17215,2026-02-10,False,True
U17216,2026-02-10,,True
U17217,2026-02-10,False,False
U17218,2026-02-10,False,True
U17219,2026-02-10,False,True
U17220,2026-02-10,False,False
U17221,2026-02-10,True,True
U17222,2026-02-10,False,True
U17223,2026-02-10,,False
U17224,2026-02-10,True,False
U17225,2026-02-10,True,False
U17226,2026-02-10,,True
U17227,2026-02-10,True,True
U17228,2026-02-10,True,True
U17229,2026-02-10,,True
U17230,2026-02-10,,True
U17231,2026-02-10,True,False
U17232,2026-02-10,,True
U17233,2026-02-10,True,False
U17234,2026-02-10,,True
U17235,2026-02-10,True,True
U17236,2026-02-10,,True
U17237,2026-02-10,False,False
U17238,2026-02-10,,False
U17239,2026-02-10,False,False
U17240,2026-02-10,False,False
U17241,2026-02-10,True,False
U17242,2026-02-10,,False
U17243,2026-02-10,True,False
U17244,2026-02-10,,False
U17245,2026-02-10,False,True
U17246,2026-02-10,False,False
U17247,2026-02-10,False,True
U17248,2026-02-10,,True
U17249,2026-02-10,True,False
U17250,2026-02-10,,False
U17251,2026-02-10,False,False
U17252,2026-02-10,,False
U17253,2026-02-10,False,False
U17254,2026-02-10,False,False
U17255,2026-02-10,False,False
U17256,2026-02-10,False,False
U17257,2026-02-10,False,False
U17258,2026-02-10,False,True
U17259,2026-02-10,,False
U17260,2026-02-10,True,True
U17261,2026-02-10,,False
U17262,2026-02-10,,True
U17263,2026-02-10,,False
U17264,2026-02-10,False,False
U17265,2026-02-10,False,True
U17266,2026-02-10,True,False
U17267,2026-02-10,False,True
U17268,2026-02-10,False,False
U17269,2026-02-10,,True
U17270,2026-02-10,,False
U17271,2026-02-10,True,False
U17272,2026-02-10,False,False
U17273,2026-02-10,,False
U17274,2026-02-10,True,True
U17275,2026-02-10,True,False
U17276,2026-02-10,True,False
U17277,2026-02-10,,True
U17278,2026-02-10,False,True
U17279,2026-02-10,,False
U17280,2026-02-10,,True
U17281,2026-02-10,,False
U17282,2026-02-10,,False
U17283,2026-02-10,True,True
U17284,2026-02-10,False,False
U17285,2026-02-10,True,False
U17286,2026-02-10,False,False
U17287,2026-02-10,True,True
U17288,2026-02-10,True,True
U17289,2026-02-10,True,False
U17290,2026-02-10,True,True
U17291,2026-02-10,True,True
U17292,2026-02-10,,True
U17293,2026-02-10,,True
U17294,2026-02-10,True,True
U17295,2026-02-10,True,True
U17296,2026-02-10,True,False
U17297,2026-02-10,,True
U17298,2026-02-10,False,False
U17299,2026-02-10,False,False
U17300,2026-02-10,False,False
U17301,2026-02-10,False,False
U17302,2026-02-10,True,False
U17303,2026-02-10,False,True
U17304,2026-02-10,,False
U17305,2026-02-10,True,False
U17306,2026-02-10,True,False
U17307,2026-02-10,True,False
U17308,2026-02-10,,False
U17309,2026-02-10,False,False
U17310,2026-02-10,False,True
U17311,2026-02-10,False,True
U17312,2026-02-10,False,True
U17313,2026-02-10,,False
U17314,2026-02-10,,True
U17315,2026-02-10,,True
U17316,2026-02-10,False,False
U17317,2026-02-10,False,False
U17318,2026-02-10,,False
U17319,2026-02-10,True,True
U17320,2026-02-10,,False
U17321,2026-02-10,,False
U17322,2026-02-10,,False
U17323,2026-02-10,True,False
U17324,2026-02-10,,True
U17325,2026-02-10,False,False
U17326,2026-02-10,True,True
U17327,2026-02-10,,True
U17328,2026-02-10,,False
U17329,2026-02-10,True,False
U17330,2026-02-10,False,False
U17331,2026-02-10,,False
U17332,2026-02-10,False,True
U17333,2026-02-10,,True
U17334,2026-02-10,False,False
U17335,2026-02-10,True,False
U17336,2026-02-10,,False
U17337,2026-02-10,True,False
U17338,2026-02-10,,False
U17339,2026-02-10,True,False
U17340,2026-02-10,False,True
U17341,2026-02-10,True,True
U17342,2026-02-10,True,False
U17343,2026-02-10,True,True
U17344,2026-02-10,,False
U17345,2026-02-10,,True
U17346,2026-02-10,True,True
U17347,2026-02-10,,False
U17348,2026-02-10,True,True
U17349,2026-02-10,True,True
U17350,2026-02-10,False,True
U17351,2026-02-10,,True
U17352,2026-02-10,,False
U17353,2026-02-10,False,False
U17354,2026-02-10,True,False
U17355,2026-02-10,,False
U17356,2026-02-10,False,True
U17357,2026-02-10,True,True
U17358,2026-02-10,True,False
U17359,2026-02-10,False,False
U17360,2026-02-10,False,True
U17361,2026-02-10,,True
U17362,2026-02-10,,True
U17363,2026-02-10,,False
U17364,2026-02-10,True,True
U17365,2026-02-10,False,True
U17366,2026-02-10,,True
U17367,2026-02-10,False,True
U17368,2026-02-10,False,True
U17369,2026-02-10,,True
U17370,2026-02-10,False,True
U17371,2026-02-10,True,True
U17372,2026-02-10,,False
U17373,2026-02-10,False,False
U17374,2026-02-10,,False
U17375,2026-02-10,True,False
U17376,2026-02-10,True,True
U17377,2026-02-10,True,False
U17378,2026-02-10,,False
U17379,2026-02-10,True,False
U17380,2026-02-10,True,False
U17381,2026-02-10,False,False
U17382,2026-02-10,True,True
U17383,2026-02-10,,True
U17384,2026-02-10,True,True
U17385,2026-02-10,,False
U17386,2026-02-10,True,True
U17387,2026-02-10,False,False
U17388,2026-02-10,True,False
U17389,2026-02-10,True,True
U17390,2026-02-10,True,True
U17391,2026-02-10,False,False
U17392,2026-02-10,True,True
U17393,2026-02-10,True,False
U17394,2026-02-10,,True
U17395,2026-02-10,True,False
U17396,2026-02-10,False,True
U17397,2026-02-10,False,False
U17398,2026-02-10,False,False
U17399,2026-02-10,False,False
U17400,2026-02-10,False,True
U17401,2026-02-10,False,True
U17402,2026-02-10,False,False
U17403,2026-02-10,False,True
U17404,2026-02-10,False,False
U17405,2026-02-10,False,True
U17406,2026-02-10,False,False
U17407,2026-02-10,True,True
U17408,2026-02-10,False,False
U17409,2026-02-10,False,True
U17410,2026-02-10,False,True
U17411,2026-02-10,,True
U17412,2026-02-10,,True
U17413,2026-02-10,,False
U17414,2026-02-10,True,False
U17415,2026-02-10,,True
U17416,2026-02-10,True,True
U17417,2026-02-10,False,True
U17418,2026-02-10,,True
U17419,2026-02-10,True,False
U17420,2026-02-10,True,True
U17421,2026-02-10,,True
U17422,2026-02-10,False,True
U17423,2026-02-10,False,False
U17424,2026-02-10,,True
U17425,2026-02-10,False,False
U17426,2026-02-10,False,True
U17427,2026-02-10,True,True
U17428,2026-02-10,True,True
U17429,2026-02-10,True,False
U17430,2026-02-10,True,True
U17431,2026-02-10,True,False
U17432,2026-02-10,False,True
U17433,2026-02-10,,False
U17434,2026-02-10,False,False
U17435,2026-02-10,,True
U17436,2026-02-10,False,True
U17437,2026-02-10,True,True
U17438,2026-02-10,False,True
U17439,2026-02-10,True,True
U17440,2026-02-10,,False
U17441,2026-02-10,,False
U17442,2026-02-10,,True
U17443,2026-02-10,True,True
U17444,2026-02-10,,False
U17445,2026-02-10,False,True
U17446,2026-02-10,False,False
U17447,2026-02-10,True,False
U17448,2026-02-10,False,False
U17449,2026-02-10,False,True
U17450,2026-02-10,True,False
U17451,2026-02-10,,True
U17452,2026-02-10,False,True
U17453,2026-02-10,True,True
U17454,2026-02-10,,True
U17455,2026-02-10,False,True
U17456,2026-02-10,True,False
U17457,2026-02-10,False,True
U17458,2026-02-10,False,True
U17459,2026-02-10,False,True
U17460,2026-02-10,,False
U17461,2026-02-10,,False
U17462,2026-02-10,,False
U17463,2026-02-10,True,True
U17464,2026-02-10,,True
U17465,2026-02-10,True,False
U17466,2026-02-10,True,True
U17467,2026-02-10,True,True
U17468,2026-02-10,,True
U17469,2026-02-10,True,False
U17470,2026-02-10,True,True
U17471,2026-02-10,False,False
U17472,2026-02-10,,False
U17473,2026-02-10,False,False
U17474,2026-02-10,False,False
U17475,2026-02-10,False,False
U17476,2026-02-10,True,False
U17477,2026-02-10,True,False
U17478,2026-02-10,False,True
U17479,2026-02-10,True,False
U17480,2026-02-10,False,False
U17481,2026-02-10,,True
U17482,2026-02-10,True,True
U17483,2026-02-10,,False
U17484,2026-02-10,False,False
U17485,2026-02-10,,False
U17486,2026-02-10,,False
U17487,2026-02-10,True,False
U17488,2026-02-10,False,False
U17489,2026-02-10,,True
U17490,2026-02-10,False,True
U17491,2026-02-10,False,False
U17492,2026-02-10,False,True
U17493,2026-02-10,False,True
U17494,2026-02-10,,False
U17495,2026-02-10,True,False
U17496,2026-02-10,False,False
U17497,2026-02-10,False,False
U17498,2026-02-10,,False
U17499,2026-02-10,False,False
U17500,2026-02-10,True,True
U17501,2026-02-10,,True
U17502,2026-02-10,,True
U17503,2026-02-10,False,False
U17504,2026-02-10,True,True
U17505,2026-02-10,,False
U17506,2026-02-10,,False
U17507,2026-02-10,,False
U17508,2026-02-10,,True
U17509,2026-02-10,True,True
U17510,2026-02-10,,True
U17511,2026-02-10,True,True
U17512,2026-02-10,False,True
U17513,2026-02-10,,False
U17514,2026-02-10,False,False
U17515,2026-02-10,False,False
U17516,2026-02-10,,True
U17517,2026-02-10,False,True
U17518,2026-02-10,True,False
U17519,2026-02-10,False,False
U17520,2026-02-10,True,False
U17521,2026-02-10,True,False
U17522,2026-02-10,True,False
U17523,2026-02-10,False,True
U17524,2026-02-10,True,True
U17525,2026-02-10,,False
U17526,2026-02-10,True,True
U17527,2026-02-10,True,False
U17528,2026-02-10,True,True
U17529,2026-02-10,,True
U17530,2026-02-10,True,True
U17531,2026-02-10,,True
U17532,2026-02-10,False,True
U17533,2026-02-10,False,True
U17534,2026-02-10,,True
U17535,2026-02-10,True,False
U17536,2026-02-10,True,True
U17537,2026-02-10,,False
U17538,2026-02-10,,False
U17539,2026-02-10,True,False
U17540,2026-02-10,True,False
U17541,2026-02-10,False,False
U17542,2026-02-10,True,True
U17543,2026-02-10,,False
U17544,2026-02-10,,True
U17545,2026-02-10,,False
U17546,2026-02-10,False,False
U17547,2026-02-10,False,True
U17548,2026-02-10,True,False
U17549,2026-02-10,,True
U17550,2026-02-10,False,False
U17551,2026-02-10,False,False
U17552,2026-02-10,False,False
U17553,2026-02-10,,False
U17554,2026-02-10,,True
U17555,2026-02-10,False,True
U17556,2026-02-10,,False
U17557,2026-02-10,True,False
U17558,2026-02-10,,True
U17559,2026-02-10,,False
U17560,2026-02-10,,True
U17561,2026-02-10,,False
U17562,2026-02-10,False,True
U17563,2026-02-10,False,False
U17564,2026-02-10,True,False
U17565,2026-02-10,True,False
U17566,2026-02-10,False,True
U17567,2026-02-10,True,True
U17568,2026-02-10,False,False
U17569,2026-02-10,,True
U17570,2026-02-10,False,True
U17571,2026-02-10,,False
U17572,2026-02-10,,False
U17573,2026-02-10,,True
U17574,2026-02-10,False,True
U17575,2026-02-10,,False
U17576,2026-02-10,False,True
U17577,2026-02-10,True,True
U17578,2026-02-10,False,False
U17579,2026-02-10,False,False
U17580,2026-02-10,False,True
U17581,2026-02-10,True,False
U17582,2026-02-10,True,False
U17583,2026-02-10,,False
U17584,2026-02-10,True,True
U17585,2026-02-10,False,False
U17586,2026-02-10,True,False
U17587,2026-02-10,,False
U17588,2026-02-10,,True
U17589,2026-02-10,False,False
U17590,2026-02-10,,False
U17591,2026-02-10,True,True
U17592,2026-02-10,,False
U17593,2026-02-10,True,False
U17594,2026-02-10,,False
U17595,2026-02-10,False,True
U17596,2026-02-10,True,False
U17597,2026-02-10,False,True
U17598,2026-02-10,,True
U17599,2026-02-10,,True
U17600,2026-02-10,True,True
U17601,2026-02-10,,True
U17602,2026-02-10,True,False
U17603,2026-02-10,,True
U17604,2026-02-10,False,False
U17605,2026-02-10,False,True
U17606,2026-02-10,True,True
U17607,2026-02-10,False,False
U17608,2026-02-10,,True
U17609,2026-02-10,,True
U17610,2026-02-10,True,True
U17611,2026-02-10,True,True
U17612,2026-02-10,True,False
U17613,2026-02-10,True,True
U17614,2026-02-10,,False
U17615,2026-02-10,True,True
U17616,2026-02-10,True,True
U17617,2026-02-10,True,True
U17618,2026-02-10,False,True
U17619,2026-02-10,True,True
U17620,2026-02-10,True,True
U17621,2026-02-10,False,True
U17622,2026-02-10,,True
U17623,2026-02-10,False,True
U17624,2026-02-10,,True
U17625,2026-02-10,True,True
U17626,2026-02-10,False,True
U17627,2026-02-10,True,True
U17628,2026-02-10,True,False
U17629,2026-02-10,False,True
U17630,2026-02-10,True,True
U17631,2026-02-10,True,False
U17632,2026-02-10,,True
U17633,2026-02-10,True,True
U17634,2026-02-10,,False
U17635,2026-02-10,False,False
U17636,2026-02-10,False,True
U17637,2026-02-10,True,True
U17638,2026-02-10,,True
U17639,2026-02-10,,True
U17640,2026-02-10,False,False
U17641,2026-02-10,False,True
U17642,2026-02-10,True,False
U17643,2026-02-10,False,True
U17644,2026-02-10,False,True
U17645,2026-02-10,,False
U17646,2026-02-10,True,False
U17647,2026-02-10,True,False
U17648,2026-02-10,False,False
U17649,2026-02-10,False,False
U17650,2026-02-10,,True
U17651,2026-02-10,True,False
U17652,2026-02-10,,True
U17653,2026-02-10,,False
U17654,2026-02-10,True,True
U17655,2026-02-10,False,True
U17656,2026-02-10,,True
U17657,2026-02-10,True,False
U17658,2026-02-10,True,True
U17659,2026-02-10,,True
U17660,2026-02-10,,True
U17661,2026-02-10,,True
U17662,2026-02-10,False,True
U17663,2026-02-10,True,True
U17664,2026-02-10,True,True
U17665,2026-02-10,False,True
U17666,2026-02-10,True,False
U17667,2026-02-10,,True
U17668,2026-02-10,True,False
U17669,2026-02-10,,True
U17670,2026-02-10,,True
U17671,2026-02-10,True,False
U17672,2026-02-10,True,False
U17673,2026-02-10,False,True
U17674,2026-02-10,False,True
U17675,2026-02-10,,True
U17676,2026-02-10,True,True
U17677,2026-02-10,True,True
U17678,2026-02-10,True,False
U17679,2026-02-10,False,False
U17680,2026-02-10,,False
U17681,2026-02-10,True,True
U17682,2026-02-10,True,False
U17683,2026-02-10,False,True
U17684,2026-02-10,True,True
U17685,2026-02-10,False,False
U17686,2026-02-10,,True
U17687,2026-02-10,True,False
U17688,2026-02-10,False,False
U17689,2026-02-10,,True
U17690,2026-02-10,,True
U17691,2026-02-10,True,False
U17692,2026-02-10,True,False
U17693,2026-02-10,True,False
U17694,2026-02-10,False,True
U17695,2026-02-10,False,False
U17696,2026-02-10,True,True
U17697,2026-02-10,True,True
U17698,2026-02-10,True,False
U17699,2026-02-10,True,False
U17700,2026-02-10,,False
U17701,2026-02-10,True,True
U17702,2026-02-10,False,True
U17703,2026-02-10,False,True
U17704,2026-02-10,True,False
U17705,2026-02-10,True,True
U17706,2026-02-10,,False
U17707,2026-02-10,True,False
U17708,2026-02-10,False,False
U17709,2026-02-10,True,False
U17710,2026-02-10,,False
U17711,2026-02-10,True,False
U17712,2026-02-10,False,False
U17713,2026-02-10,False,True
U17714,2026-02-10,True,False
U17715,2026-02-10,,False
U17716,2026-02-10,False,False
U17717,2026-02-10,,False
U17718,2026-02-10,True,True
U17719,2026-02-10,,True
U17720,2026-02-10,True,False
U17721,2026-02-10,False,False
U17722,2026-02-10,,False
U17723,2026-02-10,True,False
U17724,2026-02-10,,True
U17725,2026-02-10,False,False
U17726,2026-02-10,,True
U17727,2026-02-10,True,False
U17728,2026-02-10,True,False
U17729,2026-02-10,True,False
U17730,2026-02-10,,False
U17731,2026-02-10,True,True
U17732,2026-02-10,,True
U17733,2026-02-10,,True
U17734,2026-02-10,True,True
U17735,2026-02-10,True,True
U17736,2026-02-10,False,True
U17737,2026-02-10,True,True
U17738,2026-02-10,True,True
U17739,2026-02-10,False,True
U17740,2026-02-10,False,True
U17741,2026-02-10,False,True
U17742,2026-02-10,True,True
U17743,2026-02-10,False,True
U17744,2026-02-10,True,False
U17745,2026-02-10,True,False
U17746,2026-02-10,False,True
U17747,2026-02-10,True,False
U17748,2026-02-10,,False
U17749,2026-02-10,False,True
U17750,2026-02-10,,True
U17751,2026-02-10,False,True
U17752,2026-02-10,,False
U17753,2026-02-10,False,False
U17754,2026-02-10,False,False
U17755,2026-02-10,,False
U17756,2026-02-10,True,True
U17757,2026-02-10,True,False
U17758,2026-02-10,True,False
U17759,2026-02-10,,True
U17760,2026-02-10,False,False
U17761,2026-02-10,,True
U17762,2026-02-10,True,True
U17763,2026-02-10,,True
U17764,2026-02-10,True,True
U17765,2026-02-10,False,False
U17766,2026-02-10,,False
U17767,2026-02-10,False,False
U17768,2026-02-10,False,False
U17769,2026-02-10,False,True
U17770,2026-02-10,,False
U17771,2026-02-10,True,False
U17772,2026-02-10,,False
U17773,2026-02-10,,True
U17774,2026-02-10,True,False
U17775,2026-02-10,True,True
U17776,2026-02-10,True,False
U17777,2026-02-10,False,False
U17778,2026-02-10,False,True
U17779,2026-02-10,False,False
U17780,2026-02-10,True,True
U17781,2026-02-10,True,True
U17782,2026-02-10,,True
U17783,2026-02-10,False,False
U17784,2026-02-10,True,False
U17785,2026-02-10,False,True
U17786,2026-02-10,False,False
U17787,2026-02-10,,True
U17788,2026-02-10,False,True
U17789,2026-02-10,,True
U17790,2026-02-10,True,False
U17791,2026-02-10,,True
U17792,2026-02-10,,False
U17793,2026-02-10,,False
U17794,2026-02-10,True,False
U17795,2026-02-10,,False
U17796,2026-02-10,True,False
U17797,2026-02-10,True,True
U17798,2026-02-10,True,False
U17799,2026-02-10,,False
U17800,2026-02-10,,True
U17801,2026-02-10,True,False
U17802,2026-02-10,True,True
U17803,2026-02-10,,False
U17804,2026-02-10,,False
U17805,2026-02-10,True,False
U17806,2026-02-10,False,False
U17807,2026-02-10,,False
U17808,2026-02-10,False,True
U17809,2026-02-10,,False
U17810,2026-02-10,True,True
U17811,2026-02-10,False,False
U17812,2026-02-10,,False
U17813,2026-02-10,True,True
U17814,2026-02-10,,True
U17815,2026-02-10,,False
U17816,2026-02-10,,False
U17817,2026-02-10,False,True
U17818,2026-02-10,True,False
U17819,2026-02-10,True,False
U17820,2026-02-10,True,True
U17821,2026-02-10,False,True
U17822,2026-02-10,False,True
U17823,2026-02-10,True,True
U17824,2026-02-10,False,False
U17825,2026-02-10,True,True
U17826,2026-02-10,False,True
U17827,2026-02-10,True,False
U17828,2026-02-10,,True
U17829,2026-02-10,True,False
U17830,2026-02-10,False,True
U17831,2026-02-10,False,False
U17832,2026-02-10,True,False
U17833,2026-02-10,True,False
U17834,2026-02-10,True,False
U17835,2026-02-10,True,True
U17836,2026-02-10,True,False
U17837,2026-02-10,False,True
U17838,2026-02-10,False,False
U17839,2026-02-10,False,False
U17840,2026-02-10,False,True
U17841,2026-02-10,,False
U17842,2026-02-10,True,False
U17843,2026-02-10,False,True
U17844,2026-02-10,True,True
U17845,2026-02-10,True,False
U17846,2026-02-10,False,False
U17847,2026-02-10,,False
U17848,2026-02-10,False,False
U17849,2026-02-10,False,False
U17850,2026-02-10,True,True
U17851,2026-02-10,,False
U17852,2026-02-10,True,False
U17853,2026-02-10,False,True
U17854,2026-02-10,,True
U17855,2026-02-10,False,True
U17856,2026-02-10,True,True
U17857,2026-02-10,True,False
U17858,2026-02-10,False,False
U17859,2026-02-10,,True
U17860,2026-02-10,False,False
U17861,2026-02-10,False,True
U17862,2026-02-10,,False
U17863,2026-02-10,True,False
U17864,2026-02-10,False,True
U17865,2026-02-10,False,True
U17866,2026-02-10,,False
U17867,2026-02-10,False,True
U17868,2026-02-10,False,True
U17869,2026-02-10,True,True
U17870,2026-02-10,False,False
U17871,2026-02-10,True,False
U17872,2026-02-10,False,True
U17873,2026-02-10,,True
U17874,2026-02-10,False,False
U17875,2026-02-10,,True
U17876,2026-02-10,,True
U17877,2026-02-10,True,False
U17878,2026-02-10,False,True
U17879,2026-02-10,False,False
U17880,2026-02-10,,True
U17881,2026-02-10,True,True
U17882,2026-02-10,,True
U17883,2026-02-10,True,False
U17884,2026-02-10,False,False
U17885,2026-02-10,True,False
U17886,2026-02-10,,False
U17887,2026-02-10,True,False
U17888,2026-02-10,True,True
U17889,2026-02-10,,True
U17890,2026-02-10,False,False
U17891,2026-02-10,True,False
U17892,2026-02-10,False,False
U17893,2026-02-10,True,True
U17894,2026-02-10,False,False
U17895,2026-02-10,True,False
U17896,2026-02-10,False,True
U17897,2026-02-10,True,True
U17898,2026-02-10,,False
U17899,2026-02-10,,True
U17900,2026-02-10,False,False
U17901,2026-02-10,True,False
U17902,2026-02-10,True,False
U17903,2026-02-10,False,True
U17904,2026-02-10,False,True
U17905,2026-02-10,True,True
U17906,2026-02-10,True,False
U17907,2026-02-10,True,True
U17908,2026-02-10,,True
U17909,2026-02-10,True,False
U17910,2026-02-10,True,True
U17911,2026-02-10,False,True
U17912,2026-02-10,True,False
U17913,2026-02-10,True,False
U17914,2026-02-10,,True
U17915,2026-02-10,,True
U17916,2026-02-10,True,True
U17917,2026-02-10,True,False
U17918,2026-02-10,True,False
U17919,2026-02-10,,False
U17920,2026-02-10,True,False
U17921,2026-02-10,True,False
U17922,2026-02-10,,False
U17923,2026-02-10,False,False
U17924,2026-02-10,,False
U17925,2026-02-10,True,True
U17926,2026-02-10,True,True
U17927,2026-02-10,False,True
U17928,2026-02-10,False,False
U17929,2026-02-10,True,False
U17930,2026-02-10,False,True
U17931,2026-02-10,,False
U17932,2026-02-10,True,False
U17933,2026-02-10,True,True
U17934,2026-02-10,,False
U17935,2026-02-10,True,False
U17936,2026-02-10,,False
U17937,2026-02-10,True,False
U17938,2026-02-10,,False
U17939,2026-02-10,False,False
U17940,2026-02-10,,False
U17941,2026-02-10,,False
U17942,2026-02-10,True,False
U17943,2026-02-10,,True
U17944,2026-02-10,,True
U17945,2026-02-10,True,False
U17946,2026-02-10,False,False
U17947,2026-02-10,False,False
U17948,2026-02-10,,True
U17949,2026-02-10,False,False
U17950,2026-02-10,False,True
U17951,2026-02-10,False,False
U17952,2026-02-10,,True
U17953,2026-02-10,True,False
U17954,2026-02-10,,True
U17955,2026-02-10,,False
U17956,2026-02-10,,True
U17957,2026-02-10,False,True
U17958,2026-02-10,False,True
U17959,2026-02-10,,True
U17960,2026-02-10,True,False
U17961,2026-02-10,False,True
U17962,2026-02-10,True,False
U17963,2026-02-10,,False
U17964,2026-02-10,,False
U17965,2026-02-10,False,True
U17966,2026-02-10,,False
U17967,2026-02-10,True,False
U17968,2026-02-10,False,False
U17969,2026-02-10,False,True
U17970,2026-02-10,False,False
U17971,2026-02-10,True,True
U17972,2026-02-10,True,True
U17973,2026-02-10,True,False
U17974,2026-02-10,True,False
U17975,2026-02-10,True,True
U17976,2026-02-10,False,False
U17977,2026-02-10,,False
U17978,2026-02-10,True,True
U17979,2026-02-10,True,False
U17980,2026-02-10,False,False
U17981,2026-02-10,True,False
U17982,2026-02-10,,True
U17983,2026-02-10,False,False
U17984,2026-02-10,False,True
U17985,2026-02-10,False,True
U17986,2026-02-10,False,True
U17987,2026-02-10,False,False
U17988,2026-02-10,,False
U17989,2026-02-10,True,False
U17990,2026-02-10,,False
U17991,2026-02-10,,False
U17992,2026-02-10,False,False
U17993,2026-02-10,True,False
U17994,2026-02-10,False,False
U17995,2026-02-10,,True
U17996,2026-02-10,False,True
U17997,2026-02-10,True,True
U17998,2026-02-10,False,False
U17999,2026-02-10,False,False
U18000,2026-02-10,,True
U18001,2026-02-10,True,False
U18002,2026-02-10,False,True
U18003,2026-02-10,True,False
U18004,2026-02-10,,True
U18005,2026-02-10,,False
U18006,2026-02-10,,False
U18007,2026-02-10,False,True
U18008,2026-02-10,True,False
U18009,2026-02-10,False,False
U18010,2026-02-10,,True
U18011,2026-02-10,True,True
U18012,2026-02-10,True,False
U18013,2026-02-10,False,True
U18014,2026-02-10,False,True
U18015,2026-02-10,True,False
U18016,2026-02-10,True,False
U18017,2026-02-10,,True
U18018,2026-02-10,True,False
U18019,2026-02-10,True,False
U18020,2026-02-10,,False
U18021,2026-02-10,False,False
U18022,2026-02-10,True,False
U18023,2026-02-10,True,True
U18024,2026-02-10,,False
U18025,2026-02-10,False,True
U18026,2026-02-10,False,True
U18027,2026-02-10,,False
U18028,2026-02-10,False,True
U18029,2026-02-10,False,True
U18030,2026-02-10,,False
U18031,2026-02-10,,True
U18032,2026-02-10,True,False
U18033,2026-02-10,True,False
U18034,2026-02-10,True,True
U18035,2026-02-10,False,True
U18036,2026-02-10,True,False
U18037,2026-02-10,False,True
U18038,2026-02-10,True,False
U18039,2026-02-10,,False
U18040,2026-02-10,True,False
U18041,2026-02-10,True,True
U18042,2026-02-10,,False
U18043,2026-02-10,False,True
U18044,2026-02-10,,True
U18045,2026-02-10,,True
U18046,2026-02-10,False,True
U18047,2026-02-10,,True
U18048,2026-02-10,False,True
U18049,2026-02-10,False,True
U18050,2026-02-10,True,True
U18051,2026-02-10,,True
U18052,2026-02-10,True,False
U18053,2026-02-10,False,False
U18054,2026-02-10,True,False
U18055,2026-02-10,True,False
U18056,2026-02-10,,False
U18057,2026-02-10,True,True
U18058,2026-02-10,,True
U18059,2026-02-10,,True
U18060,2026-02-10,True,True
U18061,2026-02-10,False,True
U18062,2026-02-10,,True
U18063,2026-02-10,,True
U18064,2026-02-10,True,True
U18065,2026-02-10,False,False
U18066,2026-02-10,,False
U18067,2026-02-10,False,False
U18068,2026-02-10,False,False
U18069,2026-02-10,True,False
U18070,2026-02-10,False,False
U18071,2026-02-10,False,False
U18072,2026-02-10,False,False
U18073,2026-02-10,False,False
U18074,2026-02-10,,True
U18075,2026-02-10,True,False
U18076,2026-02-10,,True
U18077,2026-02-10,,False
U18078,2026-02-10,,False
U18079,2026-02-10,True,False
U18080,2026-02-10,,True
U18081,2026-02-10,True,True
U18082,2026-02-10,True,False
U18083,2026-02-10,,True
U18084,2026-02-10,,False
U18085,2026-02-10,False,True
U18086,2026-02-10,True,True
U18087,2026-02-10,,True
U18088,2026-02-10,True,True
U18089,2026-02-10,True,True
U18090,2026-02-10,True,False
U18091,2026-02-10,,True
U18092,2026-02-10,False,False
U18093,2026-02-10,False,True
U18094,2026-02-10,False,True
U18095,2026-02-10,True,False
U18096,2026-02-10,False,True
U18097,2026-02-10,False,True
U18098,2026-02-10,False,True
U18099,2026-02-10,False,False
U18100,2026-02-10,False,True
U18101,2026-02-10,False,True
U18102,2026-02-10,,False
U18103,2026-02-10,False,False
U18104,2026-02-10,False,True
U18105,2026-02-10,True,False
U18106,2026-02-10,False,True
U18107,2026-02-10,,False
U18108,2026-02-10,,True
U18109,2026-02-10,False,False
U18110,2026-02-10,True,True
U18111,2026-02-10,True,False
U18112,2026-02-10,True,False
U18113,2026-02-10,,False
U18114,2026-02-10,False,True
U18115,2026-02-10,False,True
U18116,2026-02-10,,True
U18117,2026-02-10,True,True
U18118,2026-02-10,,False
U18119,2026-02-10,,True
U18120,2026-02-10,False,False
U18121,2026-02-10,True,True
U18122,2026-02-10,False,True
U18123,2026-02-10,,False
U18124,2026-02-10,,True
U18125,2026-02-10,,False
U18126,2026-02-10,,False
U18127,2026-02-10,True,False
U18128,2026-02-10,,False
U18129,2026-02-10,,True
U18130,2026-02-10,,False
U18131,2026-02-10,False,False
U18132,2026-02-10,,False
U18133,2026-02-10,False,False
U18134,2026-02-10,False,False
U18135,2026-02-10,True,True
U18136,2026-02-10,,True
U18137,2026-02-10,True,False
U18138,2026-02-10,True,False
U18139,2026-02-10,True,False
U18140,2026-02-10,True,False
U18141,2026-02-10,False,False
U18142,2026-02-10,False,False
U18143,2026-02-10,False,True
U18144,2026-02-10,True,False
U18145,2026-02-10,False,False
U18146,2026-02-10,True,True
U18147,2026-02-10,,False
U18148,2026-02-10,False,False
U18149,2026-02-10,True,True
U18150,2026-02-10,False,False
U18151,2026-02-10,True,False
U18152,2026-02-10,True,True
U18153,2026-02-10,,True
U18154,2026-02-10,True,False
U18155,2026-02-10,,True
U18156,2026-02-10,False,False
U18157,2026-02-10,,True
U18158,2026-02-10,,False
U18159,2026-02-10,True,False
U18160,2026-02-10,,False
U18161,2026-02-10,True,True
U18162,2026-02-10,True,False
U18163,2026-02-10,True,True
U18164,2026-02-10,,False
U18165,2026-02-10,True,False
U18166,2026-02-10,,True
U18167,2026-02-10,,True
U18168,2026-02-10,False,False
U18169,2026-02-10,False,False
U18170,2026-02-10,False,True
U18171,2026-02-10,False,False
U18172,2026-02-10,False,True
U18173,2026-02-10,,True
U18174,2026-02-10,True,False
U18175,2026-02-10,False,False
U18176,2026-02-10,True,False
U18177,2026-02-10,,True
U18178,2026-02-10,False,False
U18179,2026-02-10,,True
U18180,2026-02-10,False,False
U18181,2026-02-10,,False
U18182,2026-02-10,True,False
U18183,2026-02-10,False,False
U18184,2026-02-10,,False
U18185,2026-02-10,True,False
U18186,2026-02-10,False,False
U18187,2026-02-10,True,True
U18188,2026-02-10,False,True
U18189,2026-02-10,False,False
U18190,2026-02-10,False,True
U18191,2026-02-10,False,False
U18192,2026-02-10,False,True
U18193,2026-02-10,,False
U18194,2026-02-10,True,True
U18195,2026-02-10,True,True
U18196,2026-02-10,,False
U18197,2026-02-10,False,True
U18198,2026-02-10,True,True
U18199,2026-02-10,False,False
U18200,2026-02-10,True,True
U18201,2026-02-10,False,False
U18202,2026-02-10,,False
U18203,2026-02-10,True,True
U18204,2026-02-10,True,True
U18205,2026-02-10,,False
U18206,2026-02-10,,False
U18207,2026-02-10,,False
U18208,2026-02-10,,False
U18209,2026-02-10,,False
U18210,2026-02-10,,False
U18211,2026-02-10,,False
U18212,2026-02-10,,False
U18213,2026-02-10,,True
U18214,2026-02-10,True,False
U18215,2026-02-10,True,True
U18216,2026-02-10,False,True
U18217,2026-02-10,False,True
U18218,2026-02-10,False,True
U18219,2026-02-10,False,True
U18220,2026-02-10,True,False
U18221,2026-02-10,,True
U18222,2026-02-10,False,False
U18223,2026-02-10,True,True
U18224,2026-02-10,True,True
U18225,2026-02-10,True,False
U18226,2026-02-10,False,False
U18227,2026-02-10,,True
U18228,2026-02-10,True,False
U18229,2026-02-10,False,True
U18230,2026-02-10,True,True
U18231,2026-02-10,,False
U18232,2026-02-10,True,False
U18233,2026-02-10,,True
U18234,2026-02-10,,False
U18235,2026-02-10,,False
U18236,2026-02-10,True,False
U18237,2026-02-10,True,False
U18238,2026-02-10,True,True
U18239,2026-02-10,True,True
U18240,2026-02-10,False,True
U18241,2026-02-10,False,False
U18242,2026-02-10,False,True
U18243,2026-02-10,,False
U18244,2026-02-10,False,False
U18245,2026-02-10,False,False
U18246,2026-02-10,,False
U18247,2026-02-10,True,False
U18248,2026-02-10,True,True
U18249,2026-02-10,False,True
U18250,2026-02-10,,True
U18251,2026-02-10,True,True
U18252,2026-02-10,False,True
U18253,2026-02-10,True,True
U18254,2026-02-10,True,False
U18255,2026-02-10,,True
U18256,2026-02-10,,False
U18257,2026-02-10,False,False
U18258,2026-02-10,True,False
U18259,2026-02-10,True,True
U18260,2026-02-10,False,False
U18261,2026-02-10,True,True
U18262,2026-02-10,,True
U18263,2026-02-10,True,True
U18264,2026-02-10,,True
U18265,2026-02-10,,False
U18266,2026-02-10,,False
U18267,2026-02-10,,False
U18268,2026-02-10,True,True
U18269,2026-02-10,,False
U18270,2026-02-10,True,True
U18271,2026-02-10,,True
U18272,2026-02-10,True,True
U18273,2026-02-10,,True
U18274,2026-02-10,False,False
U18275,2026-02-10,,True
U18276,2026-02-10,True,False
U18277,2026-02-10,False,False
U18278,2026-02-10,False,True
U18279,2026-02-10,False,False
U18280,2026-02-10,False,True
U18281,2026-02-10,,True
U18282,2026-02-10,,True
U18283,2026-02-10,True,False
U18284,2026-02-10,False,False
U18285,2026-02-10,False,True
U18286,2026-02-10,True,True
U18287,2026-02-10,,False
U18288,2026-02-10,,True
U18289,2026-02-10,,True
U18290,2026-02-10,,False
U18291,2026-02-10,True,True
U18292,2026-02-10,False,False
U18293,2026-02-10,True,False
U18294,2026-02-10,,True
U18295,2026-02-10,,True
U18296,2026-02-10,,True
U18297,2026-02-10,True,False
U18298,2026-02-10,,False
U18299,2026-02-10,True,False
U18300,2026-02-10,,False
U18301,2026-02-10,False,False
U18302,2026-02-10,True,False
U18303,2026-02-10,True,True
U18304,2026-02-10,True,False
U18305,2026-02-10,False,False
U18306,2026-02-10,,True
U18307,2026-02-10,False,True
U18308,2026-02-10,True,False
U18309,2026-02-10,False,True
U18310,2026-02-10,False,False
U18311,2026-02-10,,True
U18312,2026-02-10,,False
U18313,2026-02-10,True,True
U18314,2026-02-10,,True
U18315,2026-02-10,True,True
U18316,2026-02-10,False,True
U18317,2026-02-10,False,False
U18318,2026-02-10,False,False
U18319,2026-02-10,False,False
U18320,2026-02-10,,True
U18321,2026-02-10,True,False
U18322,2026-02-10,,True
U18323,2026-02-10,False,False
U18324,2026-02-10,False,False
U18325,2026-02-10,False,True
U18326,2026-02-10,,True
U18327,2026-02-10,True,False
U18328,2026-02-10,True,False
U18329,2026-02-10,,False
U18330,2026-02-10,,True
U18331,2026-02-10,True,False
U18332,2026-02-10,,False
U18333,2026-02-10,,False
U18334,2026-02-10,True,False
U18335,2026-02-10,,False
U18336,2026-02-10,False,False
U18337,2026-02-10,False,False
U18338,2026-02-10,True,True
U18339,2026-02-10,,False
U18340,2026-02-10,False,False
U18341,2026-02-10,True,True
U18342,2026-02-10,,True
U18343,2026-02-10,,False
U18344,2026-02-10,,False
U18345,2026-02-10,,False
U18346,2026-02-10,,False
U18347,2026-02-10,,True
U18348,2026-02-10,True,True
U18349,2026-02-10,,False
U18350,2026-02-10,,True
U18351,2026-02-10,False,True
U18352,2026-02-10,True,False
U18353,2026-02-10,True,True
U18354,2026-02-10,,False
U18355,2026-02-10,True,False
U18356,2026-02-10,False,True
U18357,2026-02-10,,False
U18358,2026-02-10,,True
U18359,2026-02-10,False,True
U18360,2026-02-10,,False
U18361,2026-02-10,,True
U18362,2026-02-10,False,True
U18363,2026-02-10,True,True
U18364,2026-02-10,True,True
U18365,2026-02-10,,True
U18366,2026-02-10,,True
U18367,2026-02-10,True,True
U18368,2026-02-10,True,False
U18369,2026-02-10,False,False
U18370,2026-02-10,False,True
U18371,2026-02-10,False,True
U18372,2026-02-10,True,True
U18373,2026-02-10,,False
U18374,2026-02-10,True,False
U18375,2026-02-10,False,True
U18376,2026-02-10,False,False
U18377,2026-02-10,False,False
U18378,2026-02-10,True,False
U18379,2026-02-10,,True
U18380,2026-02-10,,True
U18381,2026-02-10,False,False
U18382,2026-02-10,,False
U18383,2026-02-10,False,False
U18384,2026-02-10,True,False
U18385,2026-02-10,False,False
U18386,2026-02-10,True,False
U18387,2026-02-10,False,False
U18388,2026-02-10,False,True
U18389,2026-02-10,,True
U18390,2026-02-10,True,False
U18391,2026-02-10,False,True
U18392,2026-02-10,,False
U18393,2026-02-10,False,False
U18394,2026-02-10,,False
U18395,2026-02-10,,True
U18396,2026-02-10,,True
U18397,2026-02-10,False,False
U18398,2026-02-10,,True
U18399,2026-02-10,True,True
U18400,2026-02-10,False,True
U18401,2026-02-10,True,True
U18402,2026-02-10,,True
U18403,2026-02-10,False,False
U18404,2026-02-10,True,False
U18405,2026-02-10,False,False
U18406,2026-02-10,,True
U18407,2026-02-10,,True
U18408,2026-02-10,,False
U18409,2026-02-10,,True
U18410,2026-02-10,False,True
U18411,2026-02-10,True,False
U18412,2026-02-10,False,True
U18413,2026-02-10,False,False
U18414,2026-02-10,,True
U18415,2026-02-10,True,True
U18416,2026-02-10,True,True
U18417,2026-02-10,True,False
U18418,2026-02-10,True,False
U18419,2026-02-10,False,False
U18420,2026-02-10,False,True
U18421,2026-02-10,,False
U18422,2026-02-10,,False
U18423,2026-02-10,False,True
U18424,2026-02-10,False,True
U18425,2026-02-10,,True
U18426,2026-02-10,,False
U18427,2026-02-10,True,True
U18428,2026-02-10,True,False
U18429,2026-02-10,,False
U18430,2026-02-10,False,True
U18431,2026-02-10,,True
U18432,2026-02-10,True,True
U18433,2026-02-10,True,True
U18434,2026-02-10,False,False
U18435,2026-02-10,True,False
U18436,2026-02-10,,True
U18437,2026-02-10,False,True
U18438,2026-02-10,True,True
U18439,2026-02-10,,True
U18440,2026-02-10,True,False
U18441,2026-02-10,,False
U18442,2026-02-10,,True
U18443,2026-02-10,,False
U18444,2026-02-10,True,False
U18445,2026-02-10,True,True
U18446,2026-02-10,False,False
U18447,2026-02-10,,True
U18448,2026-02-10,,True
U18449,2026-02-10,True,True
U18450,2026-02-10,,False
U18451,2026-02-10,,False
U18452,2026-02-10,False,False
U18453,2026-02-10,False,True
U18454,2026-02-10,,False
U18455,2026-02-10,True,False
U18456,2026-02-10,True,True
U18457,2026-02-10,False,True
U18458,2026-02-10,,True
U18459,2026-02-10,,False
U18460,2026-02-10,,True
U18461,2026-02-10,,False
U18462,2026-02-10,False,False
U18463,2026-02-10,,True
U18464,2026-02-10,True,True
U18465,2026-02-10,,True
U18466,2026-02-10,False,True
U18467,2026-02-10,True,True
U18468,2026-02-10,,False
U18469,2026-02-10,,True
U18470,2026-02-10,True,False
U18471,2026-02-10,False,True
U18472,2026-02-10,,True
U18473,2026-02-10,True,False
U18474,2026-02-10,True,False
U18475,2026-02-10,False,True
U18476,2026-02-10,,False
U18477,2026-02-10,True,True
U18478,2026-02-10,True,True
U18479,2026-02-10,True,False
U18480,2026-02-10,,False
U18481,2026-02-10,True,False
U18482,2026-02-10,False,False
U18483,2026-02-10,False,False
U18484,2026-02-10,False,True
U18485,2026-02-10,,True
U18486,2026-02-10,,True
U18487,2026-02-10,True,True
U18488,2026-02-10,True,True
U18489,2026-02-10,,False
U18490,2026-02-10,False,False
U18491,2026-02-10,False,True
U18492,2026-02-10,False,True
U18493,2026-02-10,True,True
U18494,2026-02-10,True,False
U18495,2026-02-10,True,False
U18496,2026-02-10,False,False
U18497,2026-02-10,,False
U18498,2026-02-10,True,True
U18499,2026-02-10,False,False
U18500,2026-02-10,,True
U18501,2026-02-10,False,False
U18502,2026-02-10,False,False
U18503,2026-02-10,True,True
U18504,2026-02-10,False,False
U18505,2026-02-10,,False
U18506,2026-02-10,False,False
U18507,2026-02-10,,False
U18508,2026-02-10,True,False
U18509,2026-02-10,False,True
U18510,2026-02-10,False,False
U18511,2026-02-10,True,False
U18512,2026-02-10,False,False
U18513,2026-02-10,False,True
U18514,2026-02-10,False,True
U18515,2026-02-10,,False
U18516,2026-02-10,,True
U18517,2026-02-10,,True
U18518,2026-02-10,,False
U18519,2026-02-10,True,True
U18520,2026-02-10,True,False
U18521,2026-02-10,,False
U18522,2026-02-10,False,True
U18523,2026-02-10,True,False
U18524,2026-02-10,True,False
U18525,2026-02-10,False,False
U18526,2026-02-10,False,False
U18527,2026-02-10,False,True
U18528,2026-02-10,,False
U18529,2026-02-10,True,False
U18530,2026-02-10,,True
U18531,2026-02-10,,True
U18532,2026-02-10,,True
U18533,2026-02-10,True,True
U18534,2026-02-10,False,False
U18535,2026-02-10,False,True
U18536,2026-02-10,True,False
U18537,2026-02-10,False,False
U18538,2026-02-10,True,True
U18539,2026-02-10,,False
U18540,2026-02-10,,False
U18541,2026-02-10,False,True
U18542,2026-02-10,,True
U18543,2026-02-10,True,True
U18544,2026-02-10,True,False
U18545,2026-02-10,,False
U18546,2026-02-10,True,False
U18547,2026-02-10,False,False
U18548,2026-02-10,True,False
U18549,2026-02-10,True,False
U18550,2026-02-10,False,False
U18551,2026-02-10,,True
U18552,2026-02-10,False,True
U18553,2026-02-10,,True
U18554,2026-02-10,,True
U18555,2026-02-10,True,False
U18556,2026-02-10,,True
U18557,2026-02-10,False,True
U18558,2026-02-10,False,True
U18559,2026-02-10,,False
U18560,2026-02-10,True,False
U18561,2026-02-10,,False
U18562,2026-02-10,,False
U18563,2026-02-10,False,False
U18564,2026-02-10,,True
U18565,2026-02-10,True,False
U18566,2026-02-10,True,True
U18567,2026-02-10,,False
U18568,2026-02-10,,False
U18569,2026-02-10,False,False
U18570,2026-02-10,,True
U18571,2026-02-10,False,True
U18572,2026-02-10,,True
U18573,2026-02-10,True,True
U18574,2026-02-10,True,False
U18575,2026-02-10,True,True
U18576,2026-02-10,,True
U18577,2026-02-10,True,True
U18578,2026-02-10,False,True
U18579,2026-02-10,False,True
U18580,2026-02-10,,False
U18581,2026-02-10,,True
U18582,2026-02-10,,False
U18583,2026-02-10,False,False
U18584,2026-02-10,False,False
U18585,2026-02-10,True,True
U18586,2026-02-10,False,True
U18587,2026-02-10,True,False
U18588,2026-02-10,True,True
U18589,2026-02-10,True,False
U18590,2026-02-10,False,True
U18591,2026-02-10,True,True
U18592,2026-02-10,True,True
U18593,2026-02-10,False,False
U18594,2026-02-10,True,False
U18595,2026-02-10,,False
U18596,2026-02-10,,True
U18597,2026-02-10,False,False
U18598,2026-02-10,,False
U18599,2026-02-10,False,False
U18600,2026-02-10,True,False
U18601,2026-02-10,,False
U18602,2026-02-10,,True
U18603,2026-02-10,True,True
U18604,2026-02-10,True,False
U18605,2026-02-10,True,False
U18606,2026-02-10,True,False
U18607,2026-02-10,,False
U18608,2026-02-10,False,False
U18609,2026-02-10,,True
U18610,2026-02-10,False,False
U18611,2026-02-10,False,True
U18612,2026-02-10,,True
U18613,2026-02-10,True,True
U18614,2026-02-10,,True
U18615,2026-02-10,False,False
U18616,2026-02-10,True,False
U18617,2026-02-10,False,False
U18618,2026-02-10,,True
U18619,2026-02-10,False,True
U18620,2026-02-10,True,False
U18621,2026-02-10,True,True
U18622,2026-02-10,True,False
U18623,2026-02-10,False,True
U18624,2026-02-10,True,False
U18625,2026-02-10,True,False
U18626,2026-02-10,True,True
U18627,2026-02-10,True,True
U18628,2026-02-10,,False
U18629,2026-02-10,False,True
U18630,2026-02-10,,False
U18631,2026-02-10,,False
U18632,2026-02-10,False,True
U18633,2026-02-10,,True
U18634,2026-02-10,False,True
U18635,2026-02-10,False,True
U18636,2026-02-10,,True
U18637,2026-02-10,True,True
U18638,2026-02-10,True,True
U18639,2026-02-10,False,False
U18640,2026-02-10,True,False
U18641,2026-02-10,False,True
U18642,2026-02-10,True,False
U18643,2026-02-10,False,False
U18644,2026-02-10,False,True
U18645,2026-02-10,False,True
U18646,2026-02-10,,False
U18647,2026-02-10,False,False
U18648,2026-02-10,True,True
U18649,2026-02-10,,False
U18650,2026-02-10,True,True
U18651,2026-02-10,,True
U18652,2026-02-10,,False
U18653,2026-02-10,,False
U18654,2026-02-10,True,True
U18655,2026-02-10,False,False
U18656,2026-02-10,,True
U18657,2026-02-10,,True
U18658,2026-02-10,True,False
U18659,2026-02-10,True,False
U18660,2026-02-10,False,True
U18661,2026-02-10,,True
U18662,2026-02-10,False,False
U18663,2026-02-10,,False
U18664,2026-02-10,True,True
U18665,2026-02-10,,False
U18666,2026-02-10,True,False
U18667,2026-02-10,False,True
U18668,2026-02-10,True,False
U18669,2026-02-10,False,False
U18670,2026-02-10,,False
U18671,2026-02-10,False,False
U18672,2026-02-10,True,True
U18673,2026-02-10,True,False
U18674,2026-02-10,False,True
U18675,2026-02-10,True,False
U18676,2026-02-10,True,True
U18677,2026-02-10,,True
U18678,2026-02-10,False,False
U18679,2026-02-10,,False
U18680,2026-02-10,True,False
U18681,2026-02-10,True,True
U18682,2026-02-10,,True
U18683,2026-02-10,,False
U18684,2026-02-10,True,False
U18685,2026-02-10,True,True
U18686,2026-02-10,True,True
U18687,2026-02-10,False,True
U18688,2026-02-10,False,False
U18689,2026-02-10,False,True
U18690,2026-02-10,False,False
U18691,2026-02-10,True,True
U18692,2026-02-10,,True
U18693,2026-02-10,True,False
U18694,2026-02-10,True,False
U18695,2026-02-10,False,False
U18696,2026-02-10,False,False
U18697,2026-02-10,,True
U18698,2026-02-10,True,True
U18699,2026-02-10,False,True
U18700,2026-02-10,True,True
U18701,2026-02-10,True,True
U18702,2026-02-10,False,True
U18703,2026-02-10,True,False
U18704,2026-02-10,True,True
U18705,2026-02-10,False,False
U18706,2026-02-10,,True
U18707,2026-02-10,True,True
U18708,2026-02-10,False,False
U18709,2026-02-10,True,False
U18710,2026-02-10,True,False
U18711,2026-02-10,True,False
U18712,2026-02-10,,True
U18713,2026-02-10,,True
U18714,2026-02-10,False,True
U18715,2026-02-10,True,False
U18716,2026-02-10,True,True
U18717,2026-02-10,True,True
U18718,2026-02-10,False,True
U18719,2026-02-10,,True
U18720,2026-02-10,False,False
U18721,2026-02-10,,False
U18722,2026-02-10,True,True
U18723,2026-02-10,,True
U18724,2026-02-10,,False
U18725,2026-02-10,False,True
U18726,2026-02-10,,True
U18727,2026-02-10,False,False
U18728,2026-02-10,False,False
U18729,2026-02-10,True,False
U18730,2026-02-10,True,False
U18731,2026-02-10,,True
U18732,2026-02-10,True,True
U18733,2026-02-10,True,False
U18734,2026-02-10,,False
U18735,2026-02-10,True,False
U18736,2026-02-10,,False
U18737,2026-02-10,,True
U18738,2026-02-10,True,True
U18739,2026-02-10,,False
U18740,2026-02-10,True,False
U18741,2026-02-10,True,False
U18742,2026-02-10,,False
U18743,2026-02-10,,True
U18744,2026-02-10,False,True
U18745,2026-02-10,False,True
U18746,2026-02-10,,True
U18747,2026-02-10,True,False
U18748,2026-02-10,False,True
U18749,2026-02-10,True,True
U18750,2026-02-10,,True
U18751,2026-02-10,False,False
U18752,2026-02-10,False,False
U18753,2026-02-10,False,True
U18754,2026-02-10,,True
U18755,2026-02-10,,True
U18756,2026-02-10,False,True
U18757,2026-02-10,False,False
U18758,2026-02-10,,True
U18759,2026-02-10,True,True
U18760,2026-02-10,,False
U18761,2026-02-10,False,False
U18762,2026-02-10,,False
U18763,2026-02-10,,False
U18764,2026-02-10,False,False
U18765,2026-02-10,True,False
U18766,2026-02-10,False,False
U18767,2026-02-10,,False
U18768,2026-02-10,False,False
U18769,2026-02-10,True,False
U18770,2026-02-10,True,True
U18771,2026-02-10,False,False
U18772,2026-02-10,,True
U18773,2026-02-10,False,False
U18774,2026-02-10,False,True
U18775,2026-02-10,True,True
U18776,2026-02-10,,True
U18777,2026-02-10,,True
U18778,2026-02-10,True,False
U18779,2026-02-10,,True
U18780,2026-02-10,,True
U18781,2026-02-10,False,True
U18782,2026-02-10,,False
U18783,2026-02-10,True,False
U18784,2026-02-10,True,True
U18785,2026-02-10,False,True
U18786,2026-02-10,False,True
U18787,2026-02-10,True,False
U18788,2026-02-10,,False
U18789,2026-02-10,False,False
U18790,2026-02-10,False,True
U18791,2026-02-10,,False
U18792,2026-02-10,False,False
U18793,2026-02-10,,True
U18794,2026-02-10,True,True
U18795,2026-02-10,False,True
U18796,2026-02-10,False,False
U18797,2026-02-10,,True
U18798,2026-02-10,False,False
U18799,2026-02-10,True,False
U18800,2026-02-10,,True
U18801,2026-02-10,True,False
U18802,2026-02-10,True,False
U18803,2026-02-10,False,False
U18804,2026-02-10,True,True
U18805,2026-02-10,,True
U18806,2026-02-10,True,True
U18807,2026-02-10,,False
U18808,2026-02-10,True,False
U18809,2026-02-10,True,False
U18810,2026-02-10,True,False
U18811,2026-02-10,True,True
U18812,2026-02-10,,False
U18813,2026-02-10,True,False
U18814,2026-02-10,,True
U18815,2026-02-10,True,True
U18816,2026-02-10,False,False
U18817,2026-02-10,,False
U18818,2026-02-10,False,False
U18819,2026-02-10,False,False
U18820,2026-02-10,True,False
U18821,2026-02-10,False,True
U18822,2026-02-10,False,True
U18823,2026-02-10,,False
U18824,2026-02-10,False,True
U18825,2026-02-10,,False
U18826,2026-02-10,False,False
U18827,2026-02-10,False,False
U18828,2026-02-10,False,True
U18829,2026-02-10,,False
U18830,2026-02-10,True,True
U18831,2026-02-10,,True
U18832,2026-02-10,,False
U18833,2026-02-10,True,False
U18834,2026-02-10,False,True
U18835,2026-02-10,False,True
U18836,2026-02-10,True,True
U18837,2026-02-10,False,True
U18838,2026-02-10,,False
U18839,2026-02-10,False,False
U18840,2026-02-10,,False
U18841,2026-02-10,True,True
U18842,2026-02-10,False,True
U18843,2026-02-10,True,False
U18844,2026-02-10,,False
U18845,2026-02-10,True,False
U18846,2026-02-10,,True
U18847,2026-02-10,False,False
U18848,2026-02-10,,False
U18849,2026-02-10,True,True
U18850,2026-02-10,False,True
U18851,2026-02-10,False,True
U18852,2026-02-10,True,True
U18853,2026-02-10,False,False
U18854,2026-02-10,False,False
U18855,2026-02-10,False,True
U18856,2026-02-10,True,False
U18857,2026-02-10,False,False
U18858,2026-02-10,,True
U18859,2026-02-10,,True
U18860,2026-02-10,,True
U18861,2026-02-10,,True
U18862,2026-02-10,True,False
U18863,2026-02-10,,False
U18864,2026-02-10,,True
U18865,2026-02-10,False,True
U18866,2026-02-10,,False
U18867,2026-02-10,True,False
U18868,2026-02-10,True,False
U18869,2026-02-10,,False
U18870,2026-02-10,False,True
U18871,2026-02-10,False,True
U18872,2026-02-10,True,False
U18873,2026-02-10,True,False
U18874,2026-02-10,False,True
U18875,2026-02-10,True,False
U18876,2026-02-10,False,False
U18877,2026-02-10,False,True
U18878,2026-02-10,False,True
U18879,2026-02-10,False,False
U18880,2026-02-10,False,True
U18881,2026-02-10,False,False
U18882,2026-02-10,True,True
U18883,2026-02-10,True,False
U18884,2026-02-10,True,False
U18885,2026-02-10,False,False
U18886,2026-02-10,True,True
U18887,2026-02-10,True,True
U18888,2026-02-10,True,False
U18889,2026-02-10,False,True
U18890,2026-02-10,False,False
U18891,2026-02-10,True,False
U18892,2026-02-10,,True
U18893,2026-02-10,True,False
U18894,2026-02-10,,False
U18895,2026-02-10,True,False
U18896,2026-02-10,True,False
U18897,2026-02-10,False,False
U18898,2026-02-10,,True
U18899,2026-02-10,False,True
U18900,2026-02-10,,False
U18901,2026-02-10,,True
U18902,2026-02-10,False,False
U18903,2026-02-10,,False
U18904,2026-02-10,False,False
U18905,2026-02-10,,False
U18906,2026-02-10,,False
U18907,2026-02-10,,True
U18908,2026-02-10,,False
U18909,2026-02-10,True,True
U18910,2026-02-10,,False
U18911,2026-02-10,True,True
U18912,2026-02-10,False,True
U18913,2026-02-10,False,False
U18914,2026-02-10,False,True
U18915,2026-02-10,,False
U18916,2026-02-10,True,False
U18917,2026-02-10,True,True
U18918,2026-02-10,False,False
U18919,2026-02-10,True,True
U18920,2026-02-10,False,True
U18921,2026-02-10,True,False
U18922,2026-02-10,False,True
U18923,2026-02-10,True,False
U18924,2026-02-10,True,True
U18925,2026-02-10,True,False
U18926,2026-02-10,,False
U18927,2026-02-10,False,False
U18928,2026-02-10,False,True
U18929,2026-02-10,False,True
U18930,2026-02-10,False,True
U18931,2026-02-10,True,False
U18932,2026-02-10,,False
U18933,2026-02-10,True,False
U18934,2026-02-10,False,True
U18935,2026-02-10,,False
U18936,2026-02-10,True,False
U18937,2026-02-10,False,True
U18938,2026-02-10,,False
U18939,2026-02-10,True,True
U18940,2026-02-10,,False
U18941,2026-02-10,True,True
U18942,2026-02-10,False,False
U18943,2026-02-10,False,False
U18944,2026-02-10,True,True
U18945,2026-02-10,False,True
U18946,2026-02-10,True,False
U18947,2026-02-10,False,True
U18948,2026-02-10,True,False
U18949,2026-02-10,,True
U18950,2026-02-10,,True
U18951,2026-02-10,False,False
U18952,2026-02-10,False,False
U18953,2026-02-10,False,True
U18954,2026-02-10,False,False
U18955,2026-02-10,True,False
U18956,2026-02-10,False,False
U18957,2026-02-10,,True
U18958,2026-02-10,,True
U18959,2026-02-10,,True
U18960,2026-02-10,False,True
U18961,2026-02-10,False,True
U18962,2026-02-10,False,False
U18963,2026-02-10,True,True
U18964,2026-02-10,False,True
U18965,2026-02-10,True,False
U18966,2026-02-10,True,False
U18967,2026-02-10,True,True
U18968,2026-02-10,True,True
U18969,2026-02-10,,True
U18970,2026-02-10,,False
U18971,2026-02-10,False,False
U18972,2026-02-10,False,False
U18973,2026-02-10,False,False
U18974,2026-02-10,,True
U18975,2026-02-10,False,True
U18976,2026-02-10,,True
U18977,2026-02-10,False,True
U18978,2026-02-10,,True
U18979,2026-02-10,,False
U18980,2026-02-10,,False
U18981,2026-02-10,True,False
U18982,2026-02-10,True,True
U18983,2026-02-10,,False
U18984,2026-02-10,True,False
U18985,2026-02-10,,True
U18986,2026-02-10,False,True
U18987,2026-02-10,True,True
U18988,2026-02-10,False,False
U18989,2026-02-10,True,True
U18990,2026-02-10,True,True
U18991,2026-02-10,False,False
U18992,2026-02-10,,False
U18993,2026-02-10,False,False
U18994,2026-02-10,False,False
U18995,2026-02-10,True,False
U18996,2026-02-10,True,False
U18997,2026-02-10,True,True
U18998,2026-02-10,False,True
U18999,2026-02-10,,False
U19000,2026-02-10,,False
U19001,2026-02-10,False,True
U19002,2026-02-10,False,True
U19003,2026-02-10,,False
U19004,2026-02-10,True,False
U19005,2026-02-10,,False
U19006,2026-02-10,False,False
U19007,2026-02-10,True,True
U19008,2026-02-10,True,False
U19009,2026-02-10,,False
U19010,2026-02-10,,True
U19011,2026-02-10,False,False
U19012,2026-02-10,,True
U19013,2026-02-10,False,True
U19014,2026-02-10,False,False
U19015,2026-02-10,True,True
U19016,2026-02-10,False,True
U19017,2026-02-10,False,False
U19018,2026-02-10,True,False
U19019,2026-02-10,True,False
U19020,2026-02-10,,False
U19021,2026-02-10,,False
U19022,2026-02-10,True,True
U19023,2026-02-10,False,False
U19024,2026-02-10,,False
U19025,2026-02-10,True,True
U19026,2026-02-10,True,False
U19027,2026-02-10,True,False
U19028,2026-02-10,False,False
U19029,2026-02-10,,True
U19030,2026-02-10,,True
U19031,2026-02-10,,False
U19032,2026-02-10,False,True
U19033,2026-02-10,True,True
U19034,2026-02-10,False,False
U19035,2026-02-10,True,False
U19036,2026-02-10,False,False
U19037,2026-02-10,True,False
U19038,2026-02-10,True,False
U19039,2026-02-10,False,True
U19040,2026-02-10,True,True
U19041,2026-02-10,True,False
U19042,2026-02-10,False,True
U19043,2026-02-10,,True
U19044,2026-02-10,True,True
U19045,2026-02-10,False,True
U19046,2026-02-10,True,False
U19047,2026-02-10,True,False
U19048,2026-02-10,True,False
U19049,2026-02-10,True,False
U19050,2026-02-10,False,True
U19051,2026-02-10,True,False
U19052,2026-02-10,,True
U19053,2026-02-10,False,True
U19054,2026-02-10,True,True
U19055,2026-02-10,,True
U19056,2026-02-10,False,True
U19057,2026-02-10,False,True
U19058,2026-02-10,,True
U19059,2026-02-10,False,True
U19060,2026-02-10,True,True
U19061,2026-02-10,False,True
U19062,2026-02-10,False,True
U19063,2026-02-10,,True
U19064,2026-02-10,,True
U19065,2026-02-10,False,False
U19066,2026-02-10,,True
U19067,2026-02-10,False,False
U19068,2026-02-10,,True
U19069,2026-02-10,,True
U19070,2026-02-10,True,True
U19071,2026-02-10,True,True
U19072,2026-02-10,False,False
U19073,2026-02-10,,False
U19074,2026-02-10,False,True
U19075,2026-02-10,True,True
U19076,2026-02-10,True,False
U19077,2026-02-10,False,False
U19078,2026-02-10,False,False
U19079,2026-02-10,True,True
U19080,2026-02-10,True,False
U19081,2026-02-10,,True
U19082,2026-02-10,False,True
U19083,2026-02-10,True,False
U19084,2026-02-10,False,False
U19085,2026-02-10,,False
U19086,2026-02-10,,True
U19087,2026-02-10,True,False
U19088,2026-02-10,True,True
U19089,2026-02-10,True,True
U19090,2026-02-10,True,True
U19091,2026-02-10,,False
U19092,2026-02-10,,False
U19093,2026-02-10,False,False
U19094,2026-02-10,,False
U19095,2026-02-10,False,True
U19096,2026-02-10,False,False
U19097,2026-02-10,False,False
U19098,2026-02-10,,True
U19099,2026-02-10,True,True
U19100,2026-02-10,False,False
U19101,2026-02-10,True,False
U19102,2026-02-10,True,False
U19103,2026-02-10,False,True
U19104,2026-02-10,False,False
U19105,2026-02-10,False,True
U19106,2026-02-10,,False
U19107,2026-02-10,True,False
U19108,2026-02-10,True,True
U19109,2026-02-10,True,True
U19110,2026-02-10,True,False
U19111,2026-02-10,True,False
U19112,2026-02-10,,False
U19113,2026-02-10,False,False
U19114,2026-02-10,True,True
U19115,2026-02-10,False,True
U19116,2026-02-10,True,False
U19117,2026-02-10,False,False
U19118,2026-02-10,False,False
U19119,2026-02-10,,False
U19120,2026-02-10,True,True
U19121,2026-02-10,,False
U19122,2026-02-10,,True
U19123,2026-02-10,,True
U19124,2026-02-10,False,True
U19125,2026-02-10,,True
U19126,2026-02-10,False,False
U19127,2026-02-10,,False
U19128,2026-02-10,True,False
U19129,2026-02-10,,False
U19130,2026-02-10,,True
U19131,2026-02-10,,True
U19132,2026-02-10,True,False
U19133,2026-02-10,,False
U19134,2026-02-10,False,False
U19135,2026-02-10,,True
U19136,2026-02-10,True,False
U19137,2026-02-10,,False
U19138,2026-02-10,True,False
U19139,2026-02-10,False,True
U19140,2026-02-10,True,True
U19141,2026-02-10,False,True
U19142,2026-02-10,True,True
U19143,2026-02-10,False,False
U19144,2026-02-10,True,False
U19145,2026-02-10,True,True
U19146,2026-02-10,,False
U19147,2026-02-10,False,False
U19148,2026-02-10,,True
U19149,2026-02-10,True,True
U19150,2026-02-10,,True
U19151,2026-02-10,True,False
U19152,2026-02-10,False,True
U19153,2026-02-10,,True
U19154,2026-02-10,False,True
U19155,2026-02-10,,False
U19156,2026-02-10,False,True
U19157,2026-02-10,True,False
U19158,2026-02-10,,False
U19159,2026-02-10,False,False
U19160,2026-02-10,True,False
U19161,2026-02-10,,True
U19162,2026-02-10,False,True
U19163,2026-02-10,,False
U19164,2026-02-10,,True
U19165,2026-02-10,,True
U19166,2026-02-10,True,True
U19167,2026-02-10,True,True
U19168,2026-02-10,,True
U19169,2026-02-10,,False
U19170,2026-02-10,,False
U19171,2026-02-10,False,True
U19172,2026-02-10,False,False
U19173,2026-02-10,,False
U19174,2026-02-10,,False
U19175,2026-02-10,False,False
U19176,2026-02-10,,True
U19177,2026-02-10,True,True
U19178,2026-02-10,True,True
U19179,2026-02-10,False,True
U19180,2026-02-10,,True
U19181,2026-02-10,,False
U19182,2026-02-10,True,False
U19183,2026-02-10,,True
U19184,2026-02-10,False,True
U19185,2026-02-10,True,False
U19186,2026-02-10,False,False
U19187,2026-02-10,,False
U19188,2026-02-10,,True
U19189,2026-02-10,True,False
U19190,2026-02-10,True,True
U19191,2026-02-10,False,True
U19192,2026-02-10,,True
U19193,2026-02-10,,True
U19194,2026-02-10,True,False
U19195,2026-02-10,True,False
U19196,2026-02-10,False,False
U19197,2026-02-10,False,True
U19198,2026-02-10,False,False
U19199,2026-02-10,False,False
U19200,2026-02-10,False,False
U19201,2026-02-10,True,True
U19202,2026-02-10,True,False
U19203,2026-02-10,True,True
U19204,2026-02-10,True,False
U19205,2026-02-10,,False
U19206,2026-02-10,False,True
U19207,2026-02-10,True,False
U19208,2026-02-10,True,True
U19209,2026-02-10,,False
U19210,2026-02-10,,False
U19211,2026-02-10,,False
U19212,2026-02-10,True,True
U19213,2026-02-10,,False
U19214,2026-02-10,False,False
U19215,2026-02-10,,True
U19216,2026-02-10,False,False
U19217,2026-02-10,False,False
U19218,2026-02-10,True,False
U19219,2026-02-10,,True
U19220,2026-02-10,,True
U19221,2026-02-10,,False
U19222,2026-02-10,True,True
U19223,2026-02-10,,True
U19224,2026-02-10,True,False
U19225,2026-02-10,False,False
U19226,2026-02-10,True,False
U19227,2026-02-10,,False
U19228,2026-02-10,,False
U19229,2026-02-10,False,False
U19230,2026-02-10,,False
U19231,2026-02-10,,True
U19232,2026-02-10,,False
U19233,2026-02-10,True,False
U19234,2026-02-10,,True
U19235,2026-02-10,True,False
U19236,2026-02-10,,False
U19237,2026-02-10,,False
U19238,2026-02-10,,True
U19239,2026-02-10,,True
U19240,2026-02-10,True,False
U19241,2026-02-10,,False
U19242,2026-02-10,True,True
U19243,2026-02-10,,False
U19244,2026-02-10,,True
U19245,2026-02-10,True,False
U19246,2026-02-10,False,True
U19247,2026-02-10,False,False
U19248,2026-02-10,,False
U19249,2026-02-10,True,False
U19250,2026-02-10,,True
U19251,2026-02-10,,False
U19252,2026-02-10,False,False
U19253,2026-02-10,,False
U19254,2026-02-10,,False
U19255,2026-02-10,,True
U19256,2026-02-10,,False
U19257,2026-02-10,,True
U19258,2026-02-10,True,True
U19259,2026-02-10,True,True
U19260,2026-02-10,True,True
U19261,2026-02-10,True,False
U19262,2026-02-10,True,False
U19263,2026-02-10,,False
U19264,2026-02-10,,True
U19265,2026-02-10,False,True
U19266,2026-02-10,False,True
U19267,2026-02-10,False,False
U19268,2026-02-10,False,False
U19269,2026-02-10,True,False
U19270,2026-02-10,,True
U19271,2026-02-10,,False
U19272,2026-02-10,False,True
U19273,2026-02-10,,True
U19274,2026-02-10,,True
U19275,2026-02-10,True,False
U19276,2026-02-10,,False
U19277,2026-02-10,,False
U19278,2026-02-10,True,False
U19279,2026-02-10,True,True
U19280,2026-02-10,False,False
U19281,2026-02-10,,False
U19282,2026-02-10,False,False
U19283,2026-02-10,,True
U19284,2026-02-10,,False
U19285,2026-02-10,,True
U19286,2026-02-10,True,False
U19287,2026-02-10,True,False
U19288,2026-02-10,True,False
U19289,2026-02-10,True,False
U19290,2026-02-10,True,True
U19291,2026-02-10,,True
U19292,2026-02-10,False,True
U19293,2026-02-10,True,False
U19294,2026-02-10,True,False
U19295,2026-02-10,False,False
U19296,2026-02-10,,False
U19297,2026-02-10,,False
U19298,2026-02-10,False,False
U19299,2026-02-10,True,False
U19300,2026-02-10,,True
U19301,2026-02-10,False,False
U19302,2026-02-10,,False
U19303,2026-02-10,False,True
U19304,2026-02-10,True,True
U19305,2026-02-10,True,False
U19306,2026-02-10,,False
U19307,2026-02-10,,True
U19308,2026-02-10,False,True
U19309,2026-02-10,False,False
U19310,2026-02-10,True,True
U19311,2026-02-10,,True
U19312,2026-02-10,False,True
U19313,2026-02-10,,True
U19314,2026-02-10,False,False
U19315,2026-02-10,False,False
U19316,2026-02-10,,False
U19317,2026-02-10,,False
U19318,2026-02-10,,False
U19319,2026-02-10,False,True
U19320,2026-02-10,,True
U19321,2026-02-10,False,True
U19322,2026-02-10,True,False
U19323,2026-02-10,True,False
U19324,2026-02-10,False,False
U19325,2026-02-10,,True
U19326,2026-02-10,,True
U19327,2026-02-10,True,True
U19328,2026-02-10,False,True
U19329,2026-02-10,False,False
U19330,2026-02-10,,True
U19331,2026-02-10,False,False
U19332,2026-02-10,,False
U19333,2026-02-10,,False
U19334,2026-02-10,False,True
U19335,2026-02-10,False,True
U19336,2026-02-10,False,True
U19337,2026-02-10,,True
U19338,2026-02-10,,False
U19339,2026-02-10,True,True
U19340,2026-02-10,,False
U19341,2026-02-10,False,False
U19342,2026-02-10,False,False
U19343,2026-02-10,,True
U19344,2026-02-10,True,False
U19345,2026-02-10,True,False
U19346,2026-02-10,,True
U19347,2026-02-10,,False
U19348,2026-02-10,,True
U19349,2026-02-10,True,False
U19350,2026-02-10,True,False
U19351,2026-02-10,False,False
U19352,2026-02-10,,False
U19353,2026-02-10,False,True
U19354,2026-02-10,,True
U19355,2026-02-10,,False
U19356,2026-02-10,True,False
U19357,2026-02-10,False,False
U19358,2026-02-10,True,True
U19359,2026-02-10,True,False
U19360,2026-02-10,True,False
U19361,2026-02-10,True,True
U19362,2026-02-10,True,False
U19363,2026-02-10,,True
U19364,2026-02-10,False,False
U19365,2026-02-10,True,False
U19366,2026-02-10,,False
U19367,2026-02-10,,True
U19368,2026-02-10,False,True
U19369,2026-02-10,True,True
U19370,2026-02-10,,False
U19371,2026-02-10,True,False
U19372,2026-02-10,,True
U19373,2026-02-10,,False
U19374,2026-02-10,False,True
U19375,2026-02-10,False,True
U19376,2026-02-10,,False
U19377,2026-02-10,,False
U19378,2026-02-10,False,False
U19379,2026-02-10,False,True
U19380,2026-02-10,False,False
U19381,2026-02-10,False,True
U19382,2026-02-10,False,True
U19383,2026-02-10,True,False
U19384,2026-02-10,,True
U19385,2026-02-10,False,False
U19386,2026-02-10,,True
U19387,2026-02-10,False,True
U19388,2026-02-10,True,True
U19389,2026-02-10,,True
U19390,2026-02-10,True,True
U19391,2026-02-10,True,True
U19392,2026-02-10,False,True
U19393,2026-02-10,False,False
U19394,2026-02-10,False,True
U19395,2026-02-10,True,True
U19396,2026-02-10,True,False
U19397,2026-02-10,,False
U19398,2026-02-10,True,False
U19399,2026-02-10,False,False
U19400,2026-02-10,True,True
U19401,2026-02-10,,True
U19402,2026-02-10,,False
U19403,2026-02-10,True,False
U19404,2026-02-10,True,False
U19405,2026-02-10,False,True
U19406,2026-02-10,False,False
U19407,2026-02-10,,False
U19408,2026-02-10,False,True
U19409,2026-02-10,True,True
U19410,2026-02-10,,False
U19411,2026-02-10,False,True
U19412,2026-02-10,,False
U19413,2026-02-10,,False
U19414,2026-02-10,,True
U19415,2026-02-10,False,True
U19416,2026-02-10,True,True
U19417,2026-02-10,True,True
U19418,2026-02-10,,True
U19419,2026-02-10,True,False
U19420,2026-02-10,True,False
U19421,2026-02-10,,False
U19422,2026-02-10,True,False
U19423,2026-02-10,,True
U19424,2026-02-10,False,False
U19425,2026-02-10,False,False
U19426,2026-02-10,True,False
U19427,2026-02-10,,False
U19428,2026-02-10,,False
U19429,2026-02-10,False,False
U19430,2026-02-10,False,False
U19431,2026-02-10,False,True
U19432,2026-02-10,False,True
U19433,2026-02-10,,True
U19434,2026-02-10,True,True
U19435,2026-02-10,True,False
U19436,2026-02-10,,True
U19437,2026-02-10,,True
U19438,2026-02-10,,False
U19439,2026-02-10,False,False
U19440,2026-02-10,,False
U19441,2026-02-10,False,True
U19442,2026-02-10,,False
U19443,2026-02-10,,True
U19444,2026-02-10,,True
U19445,2026-02-10,False,True
U19446,2026-02-10,True,True
U19447,2026-02-10,,False
U19448,2026-02-10,False,False
U19449,2026-02-10,False,False
U19450,2026-02-10,False,False
U19451,2026-02-10,True,True
U19452,2026-02-10,False,False
U19453,2026-02-10,False,True
U19454,2026-02-10,False,False
U19455,2026-02-10,False,False
U19456,2026-02-10,True,True
U19457,2026-02-10,True,False
U19458,2026-02-10,False,False
U19459,2026-02-10,False,False
U19460,2026-02-10,True,True
U19461,2026-02-10,False,True
U19462,2026-02-10,True,False
U19463,2026-02-10,True,True
U19464,2026-02-10,,True
U19465,2026-02-10,False,True
U19466,2026-02-10,True,True
U19467,2026-02-10,False,False
U19468,2026-02-10,True,False
U19469,2026-02-10,True,False
U19470,2026-02-10,False,True
U19471,2026-02-10,False,True
U19472,2026-02-10,True,False
U19473,2026-02-10,True,False
U19474,2026-02-10,,True
U19475,2026-02-10,False,False
U19476,2026-02-10,True,False
U19477,2026-02-10,True,False
U19478,2026-02-10,,False
U19479,2026-02-10,True,True
U19480,2026-02-10,False,False
U19481,2026-02-10,,False
U19482,2026-02-10,False,True
U19483,2026-02-10,False,False
U19484,2026-02-10,True,False
U19485,2026-02-10,,True
U19486,2026-02-10,,True
U19487,2026-02-10,False,False
U19488,2026-02-10,False,True
U19489,2026-02-10,False,False
U19490,2026-02-10,False,True
U19491,2026-02-10,,False
U19492,2026-02-10,,False
U19493,2026-02-10,,False
U19494,2026-02-10,False,False
U19495,2026-02-10,,False
U19496,2026-02-10,False,True
U19497,2026-02-10,True,True
U19498,2026-02-10,,False
U19499,2026-02-10,False,False
U19500,2026-02-10,,False
U19501,2026-02-10,True,False
U19502,2026-02-10,True,False
U19503,2026-02-10,True,False
U19504,2026-02-10,False,False
U19505,2026-02-10,False,False
U19506,2026-02-10,False,False
U19507,2026-02-10,True,False
U19508,2026-02-10,,True
U19509,2026-02-10,True,True
U19510,2026-02-10,True,False
U19511,2026-02-10,,False
U19512,2026-02-10,False,False
U19513,2026-02-10,False,True
U19514,2026-02-10,,True
U19515,2026-02-10,,False
U19516,2026-02-10,False,False
U19517,2026-02-10,False,True
U19518,2026-02-10,True,True
U19519,2026-02-10,,True
U19520,2026-02-10,,True
U19521,2026-02-10,True,False
U19522,2026-02-10,,True
U19523,2026-02-10,False,False
U19524,2026-02-10,False,True
U19525,2026-02-10,False,True
U19526,2026-02-10,False,False
U19527,2026-02-10,,False
U19528,2026-02-10,False,True
U19529,2026-02-10,False,True
U19530,2026-02-10,,True
U19531,2026-02-10,False,False
U19532,2026-02-10,True,False
U19533,2026-02-10,False,True
U19534,2026-02-10,,False
U19535,2026-02-10,True,True
U19536,2026-02-10,True,True
U19537,2026-02-10,True,True
U19538,2026-02-10,False,False
U19539,2026-02-10,True,True
U19540,2026-02-10,False,True
U19541,2026-02-10,,False
U19542,2026-02-10,,False
U19543,2026-02-10,False,True
U19544,2026-02-10,,False
U19545,2026-02-10,True,True
U19546,2026-02-10,,True
U19547,2026-02-10,,False
U19548,2026-02-10,True,False
U19549,2026-02-10,,False
U19550,2026-02-10,,False
U19551,2026-02-10,,False
U19552,2026-02-10,,True
U19553,2026-02-10,,False
U19554,2026-02-10,True,False
U19555,2026-02-10,False,True
U19556,2026-02-10,True,False
U19557,2026-02-10,False,True
U19558,2026-02-10,,True
U19559,2026-02-10,False,False
U19560,2026-02-10,False,True
U19561,2026-02-10,,False
U19562,2026-02-10,,False
U19563,2026-02-10,,False
U19564,2026-02-10,False,True
U19565,2026-02-10,True,False
U19566,2026-02-10,False,False
U19567,2026-02-10,,True
U19568,2026-02-10,False,True
U19569,2026-02-10,,False
U19570,2026-02-10,True,True
U19571,2026-02-10,,True
U19572,2026-02-10,True,False
U19573,2026-02-10,,True
U19574,2026-02-10,,True
U19575,2026-02-10,,True
U19576,2026-02-10,False,False
U19577,2026-02-10,True,False
U19578,2026-02-10,,True
U19579,2026-02-10,False,False
U19580,2026-02-10,False,True
U19581,2026-02-10,True,False
U19582,2026-02-10,,False
U19583,2026-02-10,,True
U19584,2026-02-10,,False
U19585,2026-02-10,False,False
U19586,2026-02-10,True,True
U19587,2026-02-10,False,False
U19588,2026-02-10,False,True
U19589,2026-02-10,,False
U19590,2026-02-10,True,False
U19591,2026-02-10,,False
U19592,2026-02-10,,True
U19593,2026-02-10,,False
U19594,2026-02-10,,True
U19595,2026-02-10,,False
U19596,2026-02-10,True,False
U19597,2026-02-10,False,False
U19598,2026-02-10,True,True
U19599,2026-02-10,False,True
U19600,2026-02-10,,False
U19601,2026-02-10,False,False
U19602,2026-02-10,True,False
U19603,2026-02-10,,True
U19604,2026-02-10,,False
U19605,2026-02-10,True,False
U19606,2026-02-10,,True
U19607,2026-02-10,False,True
U19608,2026-02-10,True,True
U19609,2026-02-10,False,False
U19610,2026-02-10,False,True
U19611,2026-02-10,True,True
U19612,2026-02-10,,True
U19613,2026-02-10,False,False
U19614,2026-02-10,,True
U19615,2026-02-10,,False
U19616,2026-02-10,True,True
U19617,2026-02-10,False,False
U19618,2026-02-10,True,False
U19619,2026-02-10,,True
U19620,2026-02-10,True,False
U19621,2026-02-10,,True
U19622,2026-02-10,False,True
U19623,2026-02-10,True,False
U19624,2026-02-10,True,False
U19625,2026-02-10,True,True
U19626,2026-02-10,False,True
U19627,2026-02-10,,True
U19628,2026-02-10,,False
U19629,2026-02-10,,True
U19630,2026-02-10,True,False
U19631,2026-02-10,,False
U19632,2026-02-10,,True
U19633,2026-02-10,False,True
U19634,2026-02-10,False,False
U19635,2026-02-10,True,True
U19636,2026-02-10,,False
U19637,2026-02-10,False,False
U19638,2026-02-10,,False
U19639,2026-02-10,True,False
U19640,2026-02-10,False,False
U19641,2026-02-10,False,False
U19642,2026-02-10,,False
U19643,2026-02-10,False,True
U19644,2026-02-10,,False
U19645,2026-02-10,False,True
U19646,2026-02-10,True,False
U19647,2026-02-10,,False
U19648,2026-02-10,False,True
U19649,2026-02-10,False,True
U19650,2026-02-10,False,True
U19651,2026-02-10,True,False
U19652,2026-02-10,,True
U19653,2026-02-10,True,False
U19654,2026-02-10,False,False
U19655,2026-02-10,True,True
U19656,2026-02-10,False,False
U19657,2026-02-10,,False
U19658,2026-02-10,False,False
U19659,2026-02-10,,True
U19660,2026-02-10,True,True
U19661,2026-02-10,True,False
U19662,2026-02-10,True,True
U19663,2026-02-10,False,True
U19664,2026-02-10,False,True
U19665,2026-02-10,False,False
U19666,2026-02-10,,True
U19667,2026-02-10,True,False
U19668,2026-02-10,False,True
U19669,2026-02-10,,True
U19670,2026-02-10,False,True
U19671,2026-02-10,True,False
U19672,2026-02-10,,False
U19673,2026-02-10,,False
U19674,2026-02-10,False,True
U19675,2026-02-10,True,False
U19676,2026-02-10,True,False
U19677,2026-02-10,False,False
U19678,2026-02-10,True,True
U19679,2026-02-10,True,False
U19680,2026-02-10,False,False
U19681,2026-02-10,True,True
U19682,2026-02-10,True,False
U19683,2026-02-10,True,False
U19684,2026-02-10,,True
U19685,2026-02-10,,False
U19686,2026-02-10,False,False
U19687,2026-02-10,,True
U19688,2026-02-10,False,False
U19689,2026-02-10,,False
U19690,2026-02-10,,True
U19691,2026-02-10,,True
U19692,2026-02-10,,False
U19693,2026-02-10,True,True
U19694,2026-02-10,False,False
U19695,2026-02-10,False,True
U19696,2026-02-10,True,False
U19697,2026-02-10,False,False
U19698,2026-02-10,,True
U19699,2026-02-10,False,True
U19700,2026-02-10,,True
U19701,2026-02-10,True,False
U19702,2026-02-10,True,False
U19703,2026-02-10,,True
U19704,2026-02-10,False,False
U19705,2026-02-10,,False
U19706,2026-02-10,False,True
U19707,2026-02-10,,True
U19708,2026-02-10,True,True
U19709,2026-02-10,False,False
U19710,2026-02-10,True,True
U19711,2026-02-10,False,False
U19712,2026-02-10,False,True
U19713,2026-02-10,False,True
U19714,2026-02-10,False,True
U19715,2026-02-10,,False
U19716,2026-02-10,True,False
U19717,2026-02-10,True,False
U19718,2026-02-10,True,True
U19719,2026-02-10,False,True
U19720,2026-02-10,,True
U19721,2026-02-10,False,False
U19722,2026-02-10,,True
U19723,2026-02-10,True,True
U19724,2026-02-10,True,False
U19725,2026-02-10,False,True
U19726,2026-02-10,,True
U19727,2026-02-10,,True
U19728,2026-02-10,False,True
U19729,2026-02-10,True,False
U19730,2026-02-10,False,False
U19731,2026-02-10,False,False
U19732,2026-02-10,False,True
U19733,2026-02-10,False,False
U19734,2026-02-10,True,True
U19735,2026-02-10,True,False
U19736,2026-02-10,True,False
U19737,2026-02-10,True,True
U19738,2026-02-10,False,False
U19739,2026-02-10,,False
U19740,2026-02-10,False,True
U19741,2026-02-10,True,False
U19742,2026-02-10,False,False
U19743,2026-02-10,False,False
U19744,2026-02-10,False,True
U19745,2026-02-10,,True
U19746,2026-02-10,,False
U19747,2026-02-10,True,False
U19748,2026-02-10,True,True
U19749,2026-02-10,True,False
U19750,2026-02-10,False,True
U19751,2026-02-10,False,True
U19752,2026-02-10,False,True
U19753,2026-02-10,False,True
U19754,2026-02-10,False,False
U19755,2026-02-10,False,True
U19756,2026-02-10,False,False
U19757,2026-02-10,True,False
U19758,2026-02-10,False,True
U19759,2026-02-10,False,True
U19760,2026-02-10,False,False
U19761,2026-02-10,False,False
U19762,2026-02-10,,True
U19763,2026-02-10,,False
U19764,2026-02-10,,False
U19765,2026-02-10,,False
U19766,2026-02-10,False,True
U19767,2026-02-10,,True
U19768,2026-02-10,True,False
U19769,2026-02-10,,True
U19770,2026-02-10,False,False
U19771,2026-02-10,False,True
U19772,2026-02-10,True,True
U19773,2026-02-10,,True
U19774,2026-02-10,False,True
U19775,2026-02-10,,False
U19776,2026-02-10,False,True
U19777,2026-02-10,False,True
U19778,2026-02-10,False,False
U19779,2026-02-10,True,False
U19780,2026-02-10,False,True
U19781,2026-02-10,False,False
U19782,2026-02-10,False,False
U19783,2026-02-10,True,True
U19784,2026-02-10,False,True
U19785,2026-02-10,True,False
U19786,2026-02-10,True,False
U19787,2026-02-10,True,False
U19788,2026-02-10,False,False
U19789,2026-02-10,False,True
U19790,2026-02-10,,True
U19791,2026-02-10,True,False
U19792,2026-02-10,,True
U19793,2026-02-10,True,True
U19794,2026-02-10,,False
U19795,2026-02-10,True,False
U19796,2026-02-10,False,True
U19797,2026-02-10,True,False
U19798,2026-02-10,False,True
U19799,2026-02-10,,False
U19800,2026-02-10,True,False
U19801,2026-02-10,False,True
U19802,2026-02-10,False,False
U19803,2026-02-10,,True
U19804,2026-02-10,,False
U19805,2026-02-10,,True
U19806,2026-02-10,,True
U19807,2026-02-10,False,True
U19808,2026-02-10,False,True
U19809,2026-02-10,True,False
U19810,2026-02-10,True,True
U19811,2026-02-10,False,True
U19812,2026-02-10,,True
U19813,2026-02-10,,True
U19814,2026-02-10,False,True
U19815,2026-02-10,,True
U19816,2026-02-10,True,False
U19817,2026-02-10,False,True
U19818,2026-02-10,False,True
U19819,2026-02-10,True,True
U19820,2026-02-10,False,True
U19821,2026-02-10,False,False
U19822,2026-02-10,,False
U19823,2026-02-10,False,False
U19824,2026-02-10,False,False
U19825,2026-02-10,,True
U19826,2026-02-10,,False
U19827,2026-02-10,False,False
U19828,2026-02-10,,False
U19829,2026-02-10,False,True
U19830,2026-02-10,,False
U19831,2026-02-10,False,True
U19832,2026-02-10,True,True
U19833,2026-02-10,False,False
U19834,2026-02-10,False,False
U19835,2026-02-10,True,False
U19836,2026-02-10,False,False
U19837,2026-02-10,,True
U19838,2026-02-10,,False
U19839,2026-02-10,True,False
U19840,2026-02-10,,False
U19841,2026-02-10,False,True
U19842,2026-02-10,True,True
U19843,2026-02-10,True,True
U19844,2026-02-10,False,True
U19845,2026-02-10,,True
U19846,2026-02-10,True,False
U19847,2026-02-10,False,True
U19848,2026-02-10,False,True
U19849,2026-02-10,False,True
U19850,2026-02-10,True,True
U19851,2026-02-10,True,True
U19852,2026-02-10,True,False
U19853,2026-02-10,,True
U19854,2026-02-10,,True
U19855,2026-02-10,True,False
U19856,2026-02-10,False,False
U19857,2026-02-10,,True
U19858,2026-02-10,True,True
U19859,2026-02-10,False,True
U19860,2026-02-10,,True
U19861,2026-02-10,True,True
U19862,2026-02-10,,False
U19863,2026-02-10,True,True
U19864,2026-02-10,True,False
U19865,2026-02-10,False,True
U19866,2026-02-10,,False
U19867,2026-02-10,,True
U19868,2026-02-10,False,False
U19869,2026-02-10,True,False
U19870,2026-02-10,True,False
U19871,2026-02-10,,True
U19872,2026-02-10,True,False
U19873,2026-02-10,False,True
U19874,2026-02-10,,False
U19875,2026-02-10,True,True
U19876,2026-02-10,,False
U19877,2026-02-10,False,True
U19878,2026-02-10,False,False
U19879,2026-02-10,True,True
U19880,2026-02-10,False,True
U19881,2026-02-10,True,False
U19882,2026-02-10,False,True
U19883,2026-02-10,True,False
U19884,2026-02-10,True,True
U19885,2026-02-10,False,True
U19886,2026-02-10,True,False
U19887,2026-02-10,True,False
U19888,2026-02-10,True,True
U19889,2026-02-10,True,False
U19890,2026-02-10,True,True
U19891,2026-02-10,False,False
U19892,2026-02-10,,False
U19893,2026-02-10,,True
U19894,2026-02-10,False,True
U19895,2026-02-10,,True
U19896,2026-02-10,True,False
U19897,2026-02-10,,False
U19898,2026-02-10,True,False
U19899,2026-02-10,,False
U19900,2026-02-10,False,False
U19901,2026-02-10,True,True
U19902,2026-02-10,False,True
U19903,2026-02-10,False,True
U19904,2026-02-10,True,False
U19905,2026-02-10,True,False
U19906,2026-02-10,True,False
U19907,2026-02-10,True,True
U19908,2026-02-10,,False
U19909,2026-02-10,True,False
U19910,2026-02-10,True,True
U19911,2026-02-10,True,True
U19912,2026-02-10,,True
U19913,2026-02-10,True,True
U19914,2026-02-10,False,False
U19915,2026-02-10,True,False
U19916,2026-02-10,True,False
U19917,2026-02-10,True,True
U19918,2026-02-10,,False
U19919,2026-02-10,False,False
U19920,2026-02-10,,False
U19921,2026-02-10,,False
U19922,2026-02-10,,True
U19923,2026-02-10,True,True
U19924,2026-02-10,True,False
U19925,2026-02-10,True,True
U19926,2026-02-10,False,True
U19927,2026-02-10,True,True
U19928,2026-02-10,True,True
U19929,2026-02-10,,False
U19930,2026-02-10,,True
U19931,2026-02-10,False,False
U19932,2026-02-10,True,True
U19933,2026-02-10,False,True
U19934,2026-02-10,,False
U19935,2026-02-10,False,False
U19936,2026-02-10,False,True
U19937,2026-02-10,,True
U19938,2026-02-10,,False
U19939,2026-02-10,False,False
U19940,2026-02-10,,False
U19941,2026-02-10,False,True
U19942,2026-02-10,True,False
U19943,2026-02-10,,True
U19944,2026-02-10,,False
U19945,2026-02-10,False,True
U19946,2026-02-10,False,False
U19947,2026-02-10,,True
U19948,2026-02-10,False,False
U19949,2026-02-10,False,False
U19950,2026-02-10,,True
U19951,2026-02-10,False,False
U19952,2026-02-10,,True
U19953,2026-02-10,,False
U19954,2026-02-10,False,True
U19955,2026-02-10,True,False
U19956,2026-02-10,,False
U19957,2026-02-10,True,True
U19958,2026-02-10,,True
U19959,2026-02-10,True,False
U19960,2026-02-10,True,True
U19961,2026-02-10,,True
U19962,2026-02-10,True,False
U19963,2026-02-10,,True
U19964,2026-02-10,False,True
U19965,2026-02-10,True,True
U19966,2026-02-10,True,False
U19967,2026-02-10,,False
U19968,2026-02-10,,False
U19969,2026-02-10,False,True
U19970,2026-02-10,True,True
U19971,2026-02-10,True,False
U19972,2026-02-10,False,True
U19973,2026-02-10,True,True
U19974,2026-02-10,True,False
U19975,2026-02-10,True,True
U19976,2026-02-10,False,True
U19977,2026-02-10,True,False
U19978,2026-02-10,True,True
U19979,2026-02-10,True,False
U19980,2026-02-10,,False
U19981,2026-02-10,True,False
U19982,2026-02-10,False,True
U19983,2026-02-10,True,True
U19984,2026-02-10,False,True
U19985,2026-02-10,False,True
U19986,2026-02-10,,True
U19987,2026-02-10,True,True
U19988,2026-02-10,True,True
U19989,2026-02-10,False,True
U19990,2026-02-10,,False
U19991,2026-02-10,True,False
U19992,2026-02-10,False,False
U19993,2026-02-10,,False
U19994,2026-02-10,True,False
U19995,2026-02-10,True,False
U19996,2026-02-10,True,True
U19997,2026-02-10,,True
U19998,2026-02-10,True,False
U19999,2026-02-10,False,False
U20000,2026-02-10,True,False
